# Square flight log. Positions in metres, time in seconds
# since the algorithm started (motion begins at start_delay).
# t drone_id x y target_x target_y error
   0.10 drone1  -1.0008  -1.0111  -1.0008  -1.0111  0.0000
   0.20 drone1  -1.0019  -1.0108  -1.0008  -1.0111  0.0012
   0.30 drone1  -1.0037  -1.0109  -1.0008  -1.0111  0.0029
   0.40 drone1  -1.0050  -1.0116  -1.0008  -1.0111  0.0043
   0.50 drone1  -1.0060  -1.0120  -1.0008  -1.0111  0.0053
   0.60 drone1  -1.0068  -1.0126  -1.0008  -1.0111  0.0062
   0.70 drone1  -1.0092  -1.0128  -1.0008  -1.0111  0.0086
   0.80 drone1  -1.0118  -1.0128  -1.0008  -1.0111  0.0112
   0.90 drone1  -1.0136  -1.0114  -1.0008  -1.0111  0.0128
   1.00 drone1  -1.0170  -1.0097  -1.0008  -1.0111  0.0162
   1.10 drone1  -1.0199  -1.0086  -1.0008  -1.0111  0.0193
   1.20 drone1  -1.0233  -1.0080  -1.0008  -1.0111  0.0227
   1.30 drone1  -1.0252  -1.0074  -1.0008  -1.0111  0.0247
   1.40 drone1  -1.0280  -1.0071  -1.0008  -1.0111  0.0275
   1.50 drone1  -1.0306  -1.0068  -1.0008  -1.0111  0.0301
   1.60 drone1  -1.0312  -1.0074  -1.0008  -1.0111  0.0306
   1.70 drone1  -1.0322  -1.0076  -1.0008  -1.0111  0.0316
   1.80 drone1  -1.0316  -1.0075  -1.0008  -1.0111  0.0310
   1.90 drone1  -1.0310  -1.0067  -1.0008  -1.0111  0.0305
   2.00 drone1  -1.0295  -1.0059  -1.0008  -1.0111  0.0292
   2.10 drone1  -1.0276  -1.0049  -1.0008  -1.0111  0.0275
   2.20 drone1  -1.0261  -1.0037  -1.0008  -1.0111  0.0264
   2.30 drone1  -1.0232  -1.0032  -1.0008  -1.0111  0.0237
   2.40 drone1  -1.0215  -1.0026  -1.0008  -1.0111  0.0224
   2.50 drone1  -1.0189  -1.0021  -1.0008  -1.0111  0.0202
   2.60 drone1  -1.0167  -1.0016  -1.0008  -1.0111  0.0186
   2.70 drone1  -1.0144  -1.0001  -1.0008  -1.0111  0.0175
   2.80 drone1  -1.0127  -0.9977  -1.0008  -1.0111  0.0179
   2.90 drone1  -1.0123  -0.9952  -1.0008  -1.0111  0.0197
   3.00 drone1  -1.0120  -0.9925  -1.0008  -1.0111  0.0217
   3.10 drone1  -1.0097  -0.9935  -0.9858  -1.0111  0.0297
   3.20 drone1  -1.0033  -0.9978  -0.9708  -1.0111  0.0351
   3.30 drone1  -0.9909  -1.0045  -0.9558  -1.0111  0.0357
   3.40 drone1  -0.9769  -1.0111  -0.9408  -1.0111  0.0361
   3.50 drone1  -0.9522  -1.0215  -0.9258  -1.0111  0.0283
   3.60 drone1  -0.9326  -1.0283  -0.9108  -1.0111  0.0277
   3.70 drone1  -0.9091  -1.0338  -0.8958  -1.0111  0.0263
   3.80 drone1  -0.8896  -1.0370  -0.8808  -1.0111  0.0274
   3.90 drone1  -0.8715  -1.0386  -0.8658  -1.0111  0.0281
   4.00 drone1  -0.8543  -1.0393  -0.8508  -1.0111  0.0284
   4.10 drone1  -0.8394  -1.0385  -0.8358  -1.0111  0.0276
   4.20 drone1  -0.8230  -1.0395  -0.8208  -1.0111  0.0285
   4.30 drone1  -0.8092  -1.0397  -0.8058  -1.0111  0.0288
   4.40 drone1  -0.7927  -1.0408  -0.7908  -1.0108  0.0301
   4.50 drone1  -0.7777  -1.0422  -0.7759  -1.0090  0.0332
   4.60 drone1  -0.7625  -1.0445  -0.7613  -1.0058  0.0387
   4.70 drone1  -0.7477  -1.0466  -0.7470  -1.0011  0.0454
   4.80 drone1  -0.7329  -1.0475  -0.7333  -0.9951  0.0524
   4.90 drone1  -0.7168  -1.0471  -0.7203  -0.9877  0.0595
   5.00 drone1  -0.6987  -1.0447  -0.7080  -0.9790  0.0664
   5.10 drone1  -0.6816  -1.0393  -0.6967  -0.9691  0.0717
   5.20 drone1  -0.6645  -1.0315  -0.6865  -0.9582  0.0765
   5.30 drone1  -0.6513  -1.0209  -0.6773  -0.9463  0.0790
   5.40 drone1  -0.6382  -1.0054  -0.6694  -0.9336  0.0784
   5.50 drone1  -0.6300  -0.9873  -0.6629  -0.9201  0.0748
   5.60 drone1  -0.6246  -0.9703  -0.6577  -0.9060  0.0722
   5.70 drone1  -0.6204  -0.9491  -0.6539  -0.8915  0.0666
   5.80 drone1  -0.6188  -0.9313  -0.6516  -0.8767  0.0637
   5.90 drone1  -0.6181  -0.9112  -0.6508  -0.8617  0.0592
   6.00 drone1  -0.6186  -0.8930  -0.6508  -0.8467  0.0564
   6.10 drone1  -0.6202  -0.8754  -0.6508  -0.8317  0.0533
   6.20 drone1  -0.6230  -0.8572  -0.6508  -0.8167  0.0491
   6.30 drone1  -0.6263  -0.8404  -0.6508  -0.8017  0.0458
   6.40 drone1  -0.6287  -0.8242  -0.6508  -0.7867  0.0435
   6.50 drone1  -0.6307  -0.8087  -0.6508  -0.7717  0.0421
   6.60 drone1  -0.6321  -0.7951  -0.6508  -0.7567  0.0426
   6.70 drone1  -0.6333  -0.7814  -0.6508  -0.7417  0.0434
   6.80 drone1  -0.6352  -0.7665  -0.6508  -0.7267  0.0427
   6.90 drone1  -0.6358  -0.7508  -0.6508  -0.7117  0.0418
   7.00 drone1  -0.6353  -0.7348  -0.6508  -0.6967  0.0411
   7.10 drone1  -0.6357  -0.7162  -0.6508  -0.6817  0.0376
   7.20 drone1  -0.6342  -0.6978  -0.6508  -0.6667  0.0352
   7.30 drone1  -0.6330  -0.6795  -0.6511  -0.6517  0.0331
   7.40 drone1  -0.6321  -0.6609  -0.6528  -0.6368  0.0318
   7.50 drone1  -0.6308  -0.6437  -0.6559  -0.6222  0.0331
   7.60 drone1  -0.6307  -0.6298  -0.6605  -0.6079  0.0370
   7.70 drone1  -0.6309  -0.6092  -0.6665  -0.5942  0.0387
   7.80 drone1  -0.6327  -0.5923  -0.6739  -0.5811  0.0427
   7.90 drone1  -0.6366  -0.5744  -0.6825  -0.5688  0.0463
   8.00 drone1  -0.6437  -0.5570  -0.6923  -0.5575  0.0486
   8.10 drone1  -0.6534  -0.5405  -0.7032  -0.5472  0.0503
   8.20 drone1  -0.6659  -0.5255  -0.7151  -0.5380  0.0507
   8.30 drone1  -0.6793  -0.5131  -0.7278  -0.5301  0.0513
   8.40 drone1  -0.6981  -0.5022  -0.7412  -0.5234  0.0480
   8.50 drone1  -0.7156  -0.4966  -0.7553  -0.5182  0.0452
   8.60 drone1  -0.7337  -0.4942  -0.7698  -0.5144  0.0413
   8.70 drone1  -0.7509  -0.4964  -0.7846  -0.5120  0.0371
   8.80 drone1  -0.7668  -0.5006  -0.7995  -0.5111  0.0343
   8.90 drone1  -0.7825  -0.5068  -0.8145  -0.5111  0.0323
   9.00 drone1  -0.7980  -0.5140  -0.8295  -0.5111  0.0317
   9.10 drone1  -0.8126  -0.5221  -0.8445  -0.5111  0.0338
   9.20 drone1  -0.8274  -0.5297  -0.8595  -0.5111  0.0371
   9.30 drone1  -0.8425  -0.5363  -0.8745  -0.5111  0.0407
   9.40 drone1  -0.8569  -0.5421  -0.8895  -0.5111  0.0451
   9.50 drone1  -0.8711  -0.5464  -0.9045  -0.5111  0.0486
   9.60 drone1  -0.8864  -0.5487  -0.9195  -0.5111  0.0501
   9.70 drone1  -0.9008  -0.5508  -0.9345  -0.5111  0.0521
   9.80 drone1  -0.9159  -0.5510  -0.9495  -0.5111  0.0522
   9.90 drone1  -0.9303  -0.5513  -0.9645  -0.5111  0.0528
  10.00 drone1  -0.9456  -0.5506  -0.9795  -0.5111  0.0521
  10.10 drone1  -0.9625  -0.5482  -0.9945  -0.5111  0.0490
  10.20 drone1  -0.9802  -0.5465  -1.0095  -0.5114  0.0458
  10.30 drone1  -0.9970  -0.5433  -1.0244  -0.5130  0.0408
  10.40 drone1  -1.0145  -0.5389  -1.0391  -0.5161  0.0335
  10.50 drone1  -1.0307  -0.5354  -1.0534  -0.5206  0.0270
  10.60 drone1  -1.0455  -0.5319  -1.0672  -0.5266  0.0223
  10.70 drone1  -1.0594  -0.5303  -1.0803  -0.5339  0.0211
  10.80 drone1  -1.0728  -0.5301  -1.0926  -0.5425  0.0233
  10.90 drone1  -1.0859  -0.5327  -1.1039  -0.5522  0.0266
  11.00 drone1  -1.0998  -0.5369  -1.1143  -0.5631  0.0300
  11.10 drone1  -1.1138  -0.5416  -1.1235  -0.5749  0.0347
  11.20 drone1  -1.1280  -0.5500  -1.1315  -0.5876  0.0377
  11.30 drone1  -1.1417  -0.5594  -1.1382  -0.6010  0.0417
  11.40 drone1  -1.1531  -0.5724  -1.1435  -0.6150  0.0437
  11.50 drone1  -1.1619  -0.5853  -1.1474  -0.6295  0.0465
  11.60 drone1  -1.1679  -0.6027  -1.1498  -0.6443  0.0454
  11.70 drone1  -1.1699  -0.6194  -1.1508  -0.6593  0.0442
  11.80 drone1  -1.1706  -0.6376  -1.1508  -0.6743  0.0417
  11.90 drone1  -1.1681  -0.6553  -1.1508  -0.6893  0.0382
  12.00 drone1  -1.1654  -0.6734  -1.1508  -0.7043  0.0342
  12.10 drone1  -1.1618  -0.6917  -1.1508  -0.7193  0.0297
  12.20 drone1  -1.1588  -0.7094  -1.1508  -0.7343  0.0261
  12.30 drone1  -1.1565  -0.7262  -1.1508  -0.7493  0.0237
  12.40 drone1  -1.1548  -0.7470  -1.1508  -0.7643  0.0177
  12.50 drone1  -1.1532  -0.7656  -1.1508  -0.7793  0.0139
  12.60 drone1  -1.1528  -0.7843  -1.1508  -0.7943  0.0102
  12.70 drone1  -1.1516  -0.8031  -1.1508  -0.8093  0.0062
  12.80 drone1  -1.1519  -0.8216  -1.1508  -0.8243  0.0029
  12.90 drone1  -1.1508  -0.8403  -1.1508  -0.8393  0.0011
  13.00 drone1  -1.1500  -0.8597  -1.1508  -0.8543  0.0055
  13.10 drone1  -1.1488  -0.8791  -1.1506  -0.8693  0.0100
  13.20 drone1  -1.1478  -0.8988  -1.1490  -0.8842  0.0147
  13.30 drone1  -1.1454  -0.9189  -1.1460  -0.8988  0.0201
  13.40 drone1  -1.1441  -0.9378  -1.1415  -0.9132  0.0248
  13.50 drone1  -1.1423  -0.9554  -1.1356  -0.9269  0.0293
  13.60 drone1  -1.1389  -0.9709  -1.1283  -0.9401  0.0326
  13.70 drone1  -1.1340  -0.9853  -1.1198  -0.9524  0.0358
  13.80 drone1  -1.1264  -0.9969  -1.1101  -0.9638  0.0368
  13.90 drone1  -1.1178  -1.0067  -1.0993  -0.9742  0.0374
  14.00 drone1  -1.1067  -1.0148  -1.0875  -0.9835  0.0367
  14.10 drone1  -1.0957  -1.0215  -1.0749  -0.9915  0.0365
  14.20 drone1  -1.0814  -1.0275  -1.0615  -0.9983  0.0354
  14.30 drone1  -1.0761  -1.0294  -1.0475  -1.0037  0.0385
  14.40 drone1  -1.0541  -1.0360  -1.0330  -1.0076  0.0353
  14.50 drone1  -1.0393  -1.0388  -1.0182  -1.0101  0.0356
  14.60 drone1  -1.0240  -1.0395  -1.0033  -1.0111  0.0352
  14.70 drone1  -1.0077  -1.0390  -0.9883  -1.0111  0.0340
  14.80 drone1  -0.9908  -1.0367  -0.9733  -1.0111  0.0310
  14.90 drone1  -0.9737  -1.0332  -0.9583  -1.0111  0.0269
  15.00 drone1  -0.9555  -1.0293  -0.9433  -1.0111  0.0219
  15.10 drone1  -0.9373  -1.0244  -0.9283  -1.0111  0.0161
  15.20 drone1  -0.9197  -1.0205  -0.9133  -1.0111  0.0114
  15.30 drone1  -0.9020  -1.0180  -0.8983  -1.0111  0.0078
  15.40 drone1  -0.8861  -1.0155  -0.8833  -1.0111  0.0053
  15.50 drone1  -0.8703  -1.0137  -0.8683  -1.0111  0.0033
  15.60 drone1  -0.8545  -1.0130  -0.8533  -1.0111  0.0023
  15.70 drone1  -0.8419  -1.0116  -0.8383  -1.0111  0.0037
  15.80 drone1  -0.8237  -1.0097  -0.8233  -1.0111  0.0015
  15.90 drone1  -0.8090  -1.0086  -0.8083  -1.0111  0.0026
  16.00 drone1  -0.7940  -1.0081  -0.7933  -1.0109  0.0029
  16.10 drone1  -0.7803  -1.0070  -0.7783  -1.0094  0.0032
  16.20 drone1  -0.7673  -1.0068  -0.7636  -1.0064  0.0037
  16.30 drone1  -0.7544  -1.0068  -0.7493  -1.0020  0.0070
  16.40 drone1  -0.7413  -1.0072  -0.7355  -0.9962  0.0124
  16.50 drone1  -0.7283  -1.0057  -0.7224  -0.9890  0.0177
  16.60 drone1  -0.7167  -1.0032  -0.7100  -0.9805  0.0237
  16.70 drone1  -0.7018  -0.9990  -0.6985  -0.9709  0.0283
  16.80 drone1  -0.6888  -0.9920  -0.6881  -0.9601  0.0319
  16.90 drone1  -0.6761  -0.9821  -0.6788  -0.9483  0.0338
  17.00 drone1  -0.6641  -0.9712  -0.6707  -0.9357  0.0360
  17.10 drone1  -0.6537  -0.9577  -0.6639  -0.9224  0.0367
  17.20 drone1  -0.6448  -0.9430  -0.6584  -0.9084  0.0372
  17.30 drone1  -0.6381  -0.9277  -0.6544  -0.8939  0.0375
  17.40 drone1  -0.6343  -0.9116  -0.6519  -0.8792  0.0369
  17.50 drone1  -0.6330  -0.8955  -0.6508  -0.8642  0.0359
  17.60 drone1  -0.6326  -0.8797  -0.6508  -0.8492  0.0355
  17.70 drone1  -0.6333  -0.8626  -0.6508  -0.8342  0.0334
  17.80 drone1  -0.6345  -0.8446  -0.6508  -0.8192  0.0301
  17.90 drone1  -0.6364  -0.8249  -0.6508  -0.8042  0.0253
  18.00 drone1  -0.6373  -0.8050  -0.6508  -0.7892  0.0207
  18.10 drone1  -0.6374  -0.7846  -0.6508  -0.7742  0.0170
  18.20 drone1  -0.6372  -0.7672  -0.6508  -0.7592  0.0158
  18.30 drone1  -0.6367  -0.7509  -0.6508  -0.7442  0.0156
  18.40 drone1  -0.6355  -0.7327  -0.6508  -0.7292  0.0157
  18.50 drone1  -0.6340  -0.7163  -0.6508  -0.7142  0.0170
  18.60 drone1  -0.6315  -0.7018  -0.6508  -0.6992  0.0194
  18.70 drone1  -0.6297  -0.6871  -0.6508  -0.6842  0.0213
  18.80 drone1  -0.6279  -0.6727  -0.6508  -0.6692  0.0231
  18.90 drone1  -0.6266  -0.6591  -0.6509  -0.6542  0.0248
  19.00 drone1  -0.6262  -0.6451  -0.6524  -0.6393  0.0268
  19.10 drone1  -0.6262  -0.6304  -0.6553  -0.6246  0.0297
  19.20 drone1  -0.6279  -0.6146  -0.6597  -0.6102  0.0321
  19.30 drone1  -0.6307  -0.5986  -0.6655  -0.5964  0.0348
  19.40 drone1  -0.6357  -0.5830  -0.6726  -0.5832  0.0369
  19.50 drone1  -0.6428  -0.5693  -0.6810  -0.5708  0.0382
  19.60 drone1  -0.6510  -0.5588  -0.6906  -0.5593  0.0396
  19.70 drone1  -0.6604  -0.5501  -0.7013  -0.5488  0.0410
  19.80 drone1  -0.6699  -0.5423  -0.7130  -0.5395  0.0433
  19.90 drone1  -0.6792  -0.5352  -0.7256  -0.5313  0.0465
  20.00 drone1  -0.6890  -0.5282  -0.7390  -0.5244  0.0501
  20.10 drone1  -0.6998  -0.5208  -0.7529  -0.5190  0.0531
  20.20 drone1  -0.7161  -0.5120  -0.7673  -0.5149  0.0513
  20.30 drone1  -0.7339  -0.5047  -0.7821  -0.5123  0.0488
  20.40 drone1  -0.7546  -0.4997  -0.7971  -0.5112  0.0440
  20.50 drone1  -0.7769  -0.4961  -0.8121  -0.5111  0.0382
  20.60 drone1  -0.8000  -0.4953  -0.8271  -0.5111  0.0314
  20.70 drone1  -0.8214  -0.4977  -0.8421  -0.5111  0.0246
  20.80 drone1  -0.8403  -0.5019  -0.8571  -0.5111  0.0192
  20.90 drone1  -0.8557  -0.5076  -0.8721  -0.5111  0.0167
  21.00 drone1  -0.8687  -0.5137  -0.8871  -0.5111  0.0186
  21.10 drone1  -0.8797  -0.5181  -0.9021  -0.5111  0.0234
  21.20 drone1  -0.8903  -0.5212  -0.9171  -0.5111  0.0287
  21.30 drone1  -0.9018  -0.5214  -0.9321  -0.5111  0.0320
  21.40 drone1  -0.9142  -0.5200  -0.9471  -0.5111  0.0341
  21.50 drone1  -0.9270  -0.5180  -0.9621  -0.5111  0.0357
  21.60 drone1  -0.9418  -0.5162  -0.9771  -0.5111  0.0357
  21.70 drone1  -0.9574  -0.5152  -0.9921  -0.5111  0.0349
  21.80 drone1  -0.9745  -0.5149  -1.0071  -0.5112  0.0328
  21.90 drone1  -0.9906  -0.5167  -1.0220  -0.5126  0.0316
  22.00 drone1  -1.0061  -0.5187  -1.0367  -0.5155  0.0308
  22.10 drone1  -1.0200  -0.5212  -1.0511  -0.5198  0.0311
  22.20 drone1  -1.0340  -0.5240  -1.0649  -0.5255  0.0310
  22.30 drone1  -1.0472  -0.5274  -1.0781  -0.5326  0.0314
  22.40 drone1  -1.0611  -0.5311  -1.0906  -0.5410  0.0311
  22.50 drone1  -1.0727  -0.5371  -1.1021  -0.5505  0.0324
  22.60 drone1  -1.0863  -0.5478  -1.1127  -0.5612  0.0296
  22.70 drone1  -1.0983  -0.5596  -1.1221  -0.5729  0.0272
  22.80 drone1  -1.1096  -0.5739  -1.1303  -0.5854  0.0237
  22.90 drone1  -1.1198  -0.5901  -1.1372  -0.5987  0.0195
  23.00 drone1  -1.1294  -0.6072  -1.1427  -0.6127  0.0144
  23.10 drone1  -1.1377  -0.6266  -1.1469  -0.6271  0.0092
  23.20 drone1  -1.1455  -0.6467  -1.1495  -0.6418  0.0063
  23.30 drone1  -1.1514  -0.6669  -1.1507  -0.6568  0.0102
  23.40 drone1  -1.1566  -0.6857  -1.1508  -0.6718  0.0151
  23.50 drone1  -1.1596  -0.7025  -1.1508  -0.6868  0.0180
  23.60 drone1  -1.1604  -0.7180  -1.1508  -0.7018  0.0188
  23.70 drone1  -1.1585  -0.7323  -1.1508  -0.7168  0.0173
  23.80 drone1  -1.1559  -0.7444  -1.1508  -0.7318  0.0136
  23.90 drone1  -1.1539  -0.7557  -1.1508  -0.7468  0.0094
  24.00 drone1  -1.1535  -0.7661  -1.1508  -0.7618  0.0051
  24.10 drone1  -1.1548  -0.7771  -1.1508  -0.7768  0.0040
  24.20 drone1  -1.1574  -0.7894  -1.1508  -0.7918  0.0070
  24.30 drone1  -1.1606  -0.8034  -1.1508  -0.8068  0.0104
  24.40 drone1  -1.1628  -0.8182  -1.1508  -0.8218  0.0125
  24.50 drone1  -1.1630  -0.8349  -1.1508  -0.8368  0.0124
  24.60 drone1  -1.1614  -0.8536  -1.1508  -0.8518  0.0107
  24.70 drone1  -1.1589  -0.8716  -1.1507  -0.8668  0.0095
  24.80 drone1  -1.1556  -0.8909  -1.1494  -0.8817  0.0111
  24.90 drone1  -1.1519  -0.9094  -1.1466  -0.8964  0.0140
  25.00 drone1  -1.1488  -0.9262  -1.1423  -0.9108  0.0167
  25.10 drone1  -1.1449  -0.9428  -1.1366  -0.9247  0.0199
  25.20 drone1  -1.1417  -0.9581  -1.1296  -0.9379  0.0235
  25.30 drone1  -1.1372  -0.9717  -1.1213  -0.9504  0.0265
  25.40 drone1  -1.1324  -0.9835  -1.1118  -0.9620  0.0298
  25.50 drone1  -1.1254  -0.9949  -1.1012  -0.9726  0.0330
  25.60 drone1  -1.1172  -1.0034  -1.0895  -0.9821  0.0350
  25.70 drone1  -1.1076  -1.0094  -1.0770  -0.9903  0.0361
  25.80 drone1  -1.0958  -1.0145  -1.0637  -0.9973  0.0364
  25.90 drone1  -1.0835  -1.0171  -1.0498  -1.0029  0.0366
  26.00 drone1  -1.0700  -1.0184  -1.0354  -1.0071  0.0364
  26.10 drone1  -1.0555  -1.0186  -1.0207  -1.0098  0.0359
  26.20 drone1  -1.0403  -1.0176  -1.0057  -1.0110  0.0352
  26.30 drone1  -1.0238  -1.0167  -0.9907  -1.0111  0.0335
  26.40 drone1  -1.0062  -1.0149  -0.9757  -1.0111  0.0307
  26.50 drone1  -0.9886  -1.0120  -0.9607  -1.0111  0.0278
  26.60 drone1  -0.9711  -1.0087  -0.9457  -1.0111  0.0255
  26.70 drone1  -0.9590  -1.0069  -0.9307  -1.0111  0.0286
  26.80 drone1  -0.9367  -1.0038  -0.9157  -1.0111  0.0222
  26.90 drone1  -0.9197  -1.0024  -0.9007  -1.0111  0.0209
  27.00 drone1  -0.9031  -1.0012  -0.8857  -1.0111  0.0200
  27.10 drone1  -0.8864  -1.0010  -0.8707  -1.0111  0.0187
  27.20 drone1  -0.8705  -1.0022  -0.8557  -1.0111  0.0172
  27.30 drone1  -0.8553  -1.0021  -0.8407  -1.0111  0.0171
  27.40 drone1  -0.8403  -1.0025  -0.8257  -1.0111  0.0169
  27.50 drone1  -0.8262  -1.0034  -0.8107  -1.0111  0.0173
  27.60 drone1  -0.8093  -1.0032  -0.7957  -1.0110  0.0157
  27.70 drone1  -0.7938  -1.0021  -0.7808  -1.0098  0.0151
  27.80 drone1  -0.7783  -1.0015  -0.7661  -1.0070  0.0134
  27.90 drone1  -0.7633  -1.0006  -0.7517  -1.0028  0.0118
  28.00 drone1  -0.7493  -0.9979  -0.7378  -0.9972  0.0115
  28.10 drone1  -0.7357  -0.9945  -0.7245  -0.9903  0.0120
  28.20 drone1  -0.7230  -0.9901  -0.7120  -0.9820  0.0136
  28.30 drone1  -0.7112  -0.9833  -0.7003  -0.9725  0.0153
  28.40 drone1  -0.6979  -0.9762  -0.6897  -0.9619  0.0164
  28.50 drone1  -0.6857  -0.9666  -0.6802  -0.9504  0.0171
  28.60 drone1  -0.6735  -0.9565  -0.6719  -0.9379  0.0187
  28.70 drone1  -0.6636  -0.9442  -0.6649  -0.9246  0.0196
  28.80 drone1  -0.6544  -0.9319  -0.6592  -0.9107  0.0217
  28.90 drone1  -0.6479  -0.9173  -0.6550  -0.8964  0.0221
  29.00 drone1  -0.6427  -0.9013  -0.6522  -0.8816  0.0218
  29.10 drone1  -0.6396  -0.8849  -0.6509  -0.8667  0.0214
  29.20 drone1  -0.6387  -0.8709  -0.6508  -0.8517  0.0227
  29.30 drone1  -0.6385  -0.8501  -0.6508  -0.8367  0.0182
  29.40 drone1  -0.6397  -0.8324  -0.6508  -0.8217  0.0154
  29.50 drone1  -0.6421  -0.8151  -0.6508  -0.8067  0.0121
  29.60 drone1  -0.6436  -0.7982  -0.6508  -0.7917  0.0097
  29.70 drone1  -0.6458  -0.7815  -0.6508  -0.7767  0.0069
  29.80 drone1  -0.6487  -0.7657  -0.6508  -0.7617  0.0046
  29.90 drone1  -0.6506  -0.7509  -0.6508  -0.7467  0.0042
  30.00 drone1  -0.6516  -0.7369  -0.6508  -0.7317  0.0053
  30.10 drone1  -0.6526  -0.7240  -0.6508  -0.7167  0.0076
  30.20 drone1  -0.6530  -0.7100  -0.6508  -0.7017  0.0086
  30.30 drone1  -0.6537  -0.6966  -0.6508  -0.6867  0.0104
  30.40 drone1  -0.6550  -0.6825  -0.6508  -0.6717  0.0116
  30.50 drone1  -0.6554  -0.6689  -0.6508  -0.6567  0.0131
  30.60 drone1  -0.6559  -0.6547  -0.6520  -0.6417  0.0135
  30.70 drone1  -0.6569  -0.6400  -0.6547  -0.6270  0.0132
  30.80 drone1  -0.6586  -0.6251  -0.6589  -0.6126  0.0125
  30.90 drone1  -0.6608  -0.6103  -0.6644  -0.5987  0.0122
  31.00 drone1  -0.6648  -0.5951  -0.6713  -0.5854  0.0117
  31.10 drone1  -0.6708  -0.5807  -0.6795  -0.5728  0.0118
  31.20 drone1  -0.6778  -0.5656  -0.6890  -0.5611  0.0120
  31.30 drone1  -0.6866  -0.5517  -0.6995  -0.5505  0.0130
  31.40 drone1  -0.6964  -0.5389  -0.7110  -0.5409  0.0148
  31.50 drone1  -0.7060  -0.5284  -0.7235  -0.5326  0.0180
  31.60 drone1  -0.7191  -0.5177  -0.7367  -0.5255  0.0193
  31.70 drone1  -0.7313  -0.5103  -0.7506  -0.5198  0.0215
  31.80 drone1  -0.7452  -0.5034  -0.7649  -0.5155  0.0231
  31.90 drone1  -0.7601  -0.4989  -0.7797  -0.5126  0.0239
  32.00 drone1  -0.7764  -0.4952  -0.7946  -0.5112  0.0242
  32.10 drone1  -0.7927  -0.4930  -0.8096  -0.5111  0.0248
  32.20 drone1  -0.8100  -0.4911  -0.8246  -0.5111  0.0248
  32.30 drone1  -0.8279  -0.4914  -0.8396  -0.5111  0.0229
  32.40 drone1  -0.8457  -0.4920  -0.8546  -0.5111  0.0210
  32.50 drone1  -0.8599  -0.4938  -0.8696  -0.5111  0.0198
  32.60 drone1  -0.8811  -0.4969  -0.8846  -0.5111  0.0147
  32.70 drone1  -0.8979  -0.5003  -0.8996  -0.5111  0.0109
  32.80 drone1  -0.9143  -0.5035  -0.9146  -0.5111  0.0077
  32.90 drone1  -0.9291  -0.5069  -0.9296  -0.5111  0.0043
  33.00 drone1  -0.9432  -0.5096  -0.9446  -0.5111  0.0020
  33.10 drone1  -0.9545  -0.5124  -0.9596  -0.5111  0.0053
  33.20 drone1  -0.9592  -0.5183  -0.9746  -0.5111  0.0170
  33.30 drone1  -0.9563  -0.5254  -0.9896  -0.5111  0.0362
  33.40 drone1  -0.9480  -0.5326  -1.0046  -0.5112  0.0605
  33.50 drone1  -0.9381  -0.5386  -1.0195  -0.5123  0.0855
  33.60 drone1  -0.9281  -0.5440  -1.0343  -0.5149  0.1101
  33.70 drone1  -0.9212  -0.5475  -1.0487  -0.5190  0.1307
  33.80 drone1  -0.9147  -0.5516  -1.0627  -0.5245  0.1505
  33.90 drone1  -0.9104  -0.5542  -1.0760  -0.5313  0.1671
  34.00 drone1  -0.9070  -0.5564  -1.0886  -0.5395  0.1824
  34.10 drone1  -0.9050  -0.5575  -1.1003  -0.5489  0.1955
  34.20 drone1  -0.9028  -0.5587  -1.1110  -0.5594  0.2082
  34.30 drone1  -0.9006  -0.5593  -1.1206  -0.5709  0.2203
  34.40 drone1  -0.8984  -0.5597  -1.1290  -0.5833  0.2318
  34.50 drone1  -0.8967  -0.5590  -1.1361  -0.5965  0.2424
  34.60 drone1  -0.8949  -0.5581  -1.1419  -0.6103  0.2525
  34.70 drone1  -0.8952  -0.5569  -1.1463  -0.6247  0.2601
  34.80 drone1  -0.8950  -0.5557  -1.1492  -0.6394  0.2676
  34.90 drone1  -0.8956  -0.5551  -1.1506  -0.6543  0.2737
  35.00 drone1  -0.8975  -0.5561  -1.1508  -0.6693  0.2774
  35.10 drone1  -0.8973  -0.5578  -1.1508  -0.6843  0.2834
  35.20 drone1  -0.8966  -0.5595  -1.1508  -0.6993  0.2901
  35.30 drone1  -0.8949  -0.5613  -1.1508  -0.7143  0.2981
  35.40 drone1  -0.8929  -0.5616  -1.1508  -0.7293  0.3076
  35.50 drone1  -0.8921  -0.5603  -1.1508  -0.7443  0.3174
  35.60 drone1  -0.8922  -0.5587  -1.1508  -0.7593  0.3273
  35.70 drone1  -0.8927  -0.5561  -1.1508  -0.7743  0.3380
  35.80 drone1  -0.8926  -0.5534  -1.1508  -0.7893  0.3498
  35.90 drone1  -0.8928  -0.5503  -1.1508  -0.8043  0.3621
  36.00 drone1  -0.8919  -0.5467  -1.1508  -0.8193  0.3759
  36.10 drone1  -0.8908  -0.5423  -1.1508  -0.8343  0.3910
  36.20 drone1  -0.8895  -0.5383  -1.1508  -0.8493  0.4062
  36.30 drone1  -0.8885  -0.5339  -1.1507  -0.8643  0.4218
  36.40 drone1  -0.8870  -0.5312  -1.1497  -0.8793  0.4361
  36.50 drone1  -0.8864  -0.5279  -1.1471  -0.8940  0.4495
  36.60 drone1  -0.8862  -0.5250  -1.1431  -0.9085  0.4616
  36.70 drone1  -0.8861  -0.5232  -1.1377  -0.9224  0.4718
  36.80 drone1  -0.8865  -0.5217  -1.1309  -0.9358  0.4808
  36.90 drone1  -0.8864  -0.5206  -1.1228  -0.9484  0.4888
  37.00 drone1  -0.8860  -0.5205  -1.1134  -0.9602  0.4950
  37.10 drone1  -0.8859  -0.5200  -1.1030  -0.9709  0.5005
  37.20 drone1  -0.8859  -0.5203  -1.0915  -0.9806  0.5041
  37.30 drone1  -0.8858  -0.5204  -1.0791  -0.9890  0.5070
  37.40 drone1  -0.8858  -0.5205  -1.0660  -0.9962  0.5087
  37.50 drone1  -0.8859  -0.5206  -1.0522  -1.0020  0.5094
  37.60 drone1  -0.8858  -0.5204  -1.0378  -1.0065  0.5092
  37.70 drone1  -0.8857  -0.5200  -1.0231  -1.0094  0.5084
  37.80 drone1  -0.8858  -0.5202  -1.0082  -1.0109  0.5057
  37.90 drone1  -0.8857  -0.5204  -0.9932  -1.0111  0.5023
  38.00 drone1  -0.8858  -0.5203  -0.9782  -1.0111  0.4994
  38.10 drone1  -0.8858  -0.5204  -0.9632  -1.0111  0.4968
  38.20 drone1  -0.8859  -0.5205  -0.9482  -1.0111  0.4946
  38.30 drone1  -0.8859  -0.5201  -0.9332  -1.0111  0.4933
  38.40 drone1  -0.8858  -0.5204  -0.9182  -1.0111  0.4918
  38.50 drone1  -0.8858  -0.5200  -0.9032  -1.0111  0.4914
  38.60 drone1  -0.8859  -0.5202  -0.8882  -1.0111  0.4909
  38.70 drone1  -0.8860  -0.5202  -0.8732  -1.0111  0.4911
  38.80 drone1  -0.8860  -0.5202  -0.8582  -1.0111  0.4917
  38.90 drone1  -0.8858  -0.5201  -0.8432  -1.0111  0.4929
  39.00 drone1  -0.8858  -0.5201  -0.8282  -1.0111  0.4944
  39.10 drone1  -0.8859  -0.5202  -0.8132  -1.0111  0.4963
  39.20 drone1  -0.8860  -0.5202  -0.7982  -1.0111  0.4986
  39.30 drone1  -0.8860  -0.5202  -0.7833  -1.0101  0.5005
  39.40 drone1  -0.8859  -0.5203  -0.7685  -1.0076  0.5012
  39.50 drone1  -0.8859  -0.5202  -0.7540  -1.0036  0.5011
  39.60 drone1  -0.8859  -0.5203  -0.7400  -0.9983  0.4998
  39.70 drone1  -0.8858  -0.5199  -0.7266  -0.9915  0.4977
  39.80 drone1  -0.8858  -0.5201  -0.7140  -0.9834  0.4942
  39.90 drone1  -0.8859  -0.5203  -0.7022  -0.9742  0.4896
  40.00 drone1  -0.8860  -0.5202  -0.6914  -0.9638  0.4844
  40.10 drone1  -0.8859  -0.5201  -0.6817  -0.9523  0.4781
  40.20 drone1  -0.8858  -0.5200  -0.6732  -0.9400  0.4707
  40.30 drone1  -0.8858  -0.5202  -0.6660  -0.9269  0.4623
  40.40 drone1  -0.8859  -0.5202  -0.6601  -0.9131  0.4531
  40.50 drone1  -0.8858  -0.5201  -0.6556  -0.8988  0.4431
  40.60 drone1  -0.8860  -0.5202  -0.6525  -0.8841  0.4323
  40.70 drone1  -0.8859  -0.5203  -0.6510  -0.8692  0.4206
  40.80 drone1  -0.8860  -0.5202  -0.6508  -0.8542  0.4085
  40.90 drone1  -0.8859  -0.5201  -0.6508  -0.8392  0.3963
  41.00 drone1  -0.8858  -0.5201  -0.6508  -0.8242  0.3843
  41.10 drone1  -0.8858  -0.5201  -0.6508  -0.8092  0.3726
  41.20 drone1  -0.8859  -0.5202  -0.6508  -0.7942  0.3610
  41.30 drone1  -0.8859  -0.5202  -0.6508  -0.7792  0.3498
  41.40 drone1  -0.8858  -0.5200  -0.6508  -0.7642  0.3388
  41.50 drone1  -0.8859  -0.5203  -0.6508  -0.7492  0.3281
  41.60 drone1  -0.8860  -0.5202  -0.6508  -0.7342  0.3180
  41.70 drone1  -0.8860  -0.5202  -0.6508  -0.7192  0.3081
  41.80 drone1  -0.8858  -0.5203  -0.6508  -0.7042  0.2984
  41.90 drone1  -0.8859  -0.5202  -0.6508  -0.6892  0.2895
  42.00 drone1  -0.8859  -0.5203  -0.6508  -0.6742  0.2810
  42.10 drone1  -0.8859  -0.5202  -0.6508  -0.6592  0.2731
  42.20 drone1  -0.8859  -0.5202  -0.6517  -0.6442  0.2650
  42.30 drone1  -0.8859  -0.5202  -0.6542  -0.6294  0.2562
  42.40 drone1  -0.8859  -0.5202  -0.6581  -0.6149  0.2467
  42.50 drone1  -0.8859  -0.5202  -0.6634  -0.6009  0.2367
  42.60 drone1  -0.8860  -0.5202  -0.6701  -0.5875  0.2261
  42.70 drone1  -0.8860  -0.5202  -0.6781  -0.5748  0.2149
  42.80 drone1  -0.8858  -0.5201  -0.6873  -0.5630  0.2031
  42.90 drone1  -0.8859  -0.5202  -0.6977  -0.5522  0.1909
  43.00 drone1  -0.8858  -0.5200  -0.7091  -0.5424  0.1782
  43.10 drone1  -0.8859  -0.5201  -0.7214  -0.5339  0.1651
  43.20 drone1  -0.8859  -0.5201  -0.7345  -0.5266  0.1516
  43.30 drone1  -0.8858  -0.5201  -0.7482  -0.5206  0.1376
  43.40 drone1  -0.8859  -0.5202  -0.7625  -0.5161  0.1234
  43.50 drone1  -0.8859  -0.5202  -0.7772  -0.5130  0.1089
  43.60 drone1  -0.8859  -0.5201  -0.7921  -0.5114  0.0941
  43.70 drone1  -0.8858  -0.5202  -0.8071  -0.5111  0.0793
  43.80 drone1  -0.8859  -0.5201  -0.8221  -0.5111  0.0645
  43.90 drone1  -0.8860  -0.5202  -0.8371  -0.5111  0.0497
  44.00 drone1  -0.8859  -0.5201  -0.8521  -0.5111  0.0349
  44.10 drone1  -0.8859  -0.5202  -0.8671  -0.5111  0.0209
  44.20 drone1  -0.8860  -0.5202  -0.8821  -0.5111  0.0099
  44.30 drone1  -0.8858  -0.5203  -0.8971  -0.5111  0.0146
  44.40 drone1  -0.8858  -0.5201  -0.9121  -0.5111  0.0278
  44.50 drone1  -0.8859  -0.5202  -0.9271  -0.5111  0.0422
  44.60 drone1  -0.8860  -0.5202  -0.9421  -0.5111  0.0568
  44.70 drone1  -0.8859  -0.5202  -0.9571  -0.5111  0.0718
  44.80 drone1  -0.8858  -0.5201  -0.9721  -0.5111  0.0868
  44.90 drone1  -0.8858  -0.5201  -0.9871  -0.5111  0.1018
  45.00 drone1  -0.8858  -0.5200  -1.0021  -0.5111  0.1167
  45.10 drone1  -0.8858  -0.5201  -1.0171  -0.5120  0.1315
  45.20 drone1  -0.8859  -0.5203  -1.0319  -0.5144  0.1461
  45.30 drone1  -0.8858  -0.5203  -1.0464  -0.5182  0.1605
  45.40 drone1  -0.8859  -0.5202  -1.0604  -0.5235  0.1745
  45.50 drone1  -0.8856  -0.5203  -1.0739  -0.5301  0.1885
  45.60 drone1  -0.8857  -0.5202  -1.0866  -0.5381  0.2016
  45.70 drone1  -0.8857  -0.5201  -1.0984  -0.5472  0.2144
  45.80 drone1  -0.8859  -0.5202  -1.1093  -0.5576  0.2265
  45.90 drone1  -0.8859  -0.5203  -1.1191  -0.5689  0.2382
  46.00 drone1  -0.8860  -0.5201  -1.1277  -0.5812  0.2493
  46.10 drone1  -0.8858  -0.5201  -1.1351  -0.5943  0.2600
  46.20 drone1  -0.8860  -0.5202  -1.1411  -0.6080  0.2697
  46.30 drone1  -0.8859  -0.5202  -1.1457  -0.6223  0.2791
  46.40 drone1  -0.8863  -0.5197  -1.1488  -0.6369  0.2875
  46.50 drone1  -0.8860  -0.5202  -1.1505  -0.6518  0.2955
  46.60 drone1  -0.8859  -0.5202  -1.1508  -0.6668  0.3027
  46.70 drone1  -0.8860  -0.5203  -1.1508  -0.6818  0.3102
  46.80 drone1  -0.8858  -0.5201  -1.1508  -0.6968  0.3185
  46.90 drone1  -0.8859  -0.5202  -1.1508  -0.7118  0.3270
  47.00 drone1  -0.8859  -0.5202  -1.1508  -0.7268  0.3360
  47.10 drone1  -0.8859  -0.5201  -1.1508  -0.7418  0.3454
  47.20 drone1  -0.8859  -0.5202  -1.1508  -0.7568  0.3552
  47.30 drone1  -0.8858  -0.5201  -1.1508  -0.7718  0.3655
  47.40 drone1  -0.8859  -0.5202  -1.1508  -0.7868  0.3759
  47.50 drone1  -0.8858  -0.5200  -1.1508  -0.8018  0.3868
  47.60 drone1  -0.8860  -0.5202  -1.1508  -0.8168  0.3976
  47.70 drone1  -0.8859  -0.5203  -1.1508  -0.8318  0.4089
  47.80 drone1  -0.8861  -0.5201  -1.1508  -0.8468  0.4205
  47.90 drone1  -0.8860  -0.5202  -1.1508  -0.8618  0.4322
  48.00 drone1  -0.8858  -0.5200  -1.1500  -0.8768  0.4439
  48.10 drone1  -0.8860  -0.5202  -1.1476  -0.8916  0.4543
  48.20 drone1  -0.8860  -0.5202  -1.1439  -0.9061  0.4641
  48.30 drone1  -0.8860  -0.5202  -1.1387  -0.9202  0.4731
  48.40 drone1  -0.8858  -0.5202  -1.1321  -0.9337  0.4812
  48.50 drone1  -0.8858  -0.5202  -1.1242  -0.9464  0.4883
  48.60 drone1  -0.8858  -0.5201  -1.1151  -0.9583  0.4945
  48.70 drone1  -0.8859  -0.5203  -1.1048  -0.9692  0.4994
  48.80 drone1  -0.8859  -0.5201  -1.0935  -0.9791  0.5037
  48.90 drone1  -0.8860  -0.5202  -1.0812  -0.9877  0.5066
  49.00 drone1  -0.8859  -0.5202  -1.0682  -0.9951  0.5087
  49.10 drone1  -0.8860  -0.5202  -1.0545  -1.0012  0.5096
  49.20 drone1  -0.8857  -0.5200  -1.0402  -1.0058  0.5098
  49.30 drone1  -0.8859  -0.5202  -1.0256  -1.0091  0.5084
  49.40 drone1  -0.8858  -0.5201  -1.0107  -1.0108  0.5063
  49.50 drone1  -0.8860  -0.5202  -0.9957  -1.0111  0.5030
  49.60 drone1  -0.8860  -0.5202  -0.9807  -1.0111  0.5000
  49.70 drone1  -0.8858  -0.5201  -0.9657  -1.0111  0.4975
  49.80 drone1  -0.8859  -0.5201  -0.9507  -1.0111  0.4952
  49.90 drone1  -0.8859  -0.5200  -0.9357  -1.0111  0.4936
  50.00 drone1  -0.8859  -0.5202  -0.9207  -1.0111  0.4921
  50.10 drone1  -0.8859  -0.5203  -0.9057  -1.0111  0.4912
  50.20 drone1  -0.8859  -0.5201  -0.8907  -1.0111  0.4910
  50.30 drone1  -0.8859  -0.5203  -0.8757  -1.0111  0.4909
  50.40 drone1  -0.8860  -0.5202  -0.8607  -1.0111  0.4915
  50.50 drone1  -0.8858  -0.5203  -0.8457  -1.0111  0.4925
  50.60 drone1  -0.8858  -0.5199  -0.8307  -1.0111  0.4943
  50.70 drone1  -0.8858  -0.5201  -0.8157  -1.0111  0.4960
  50.80 drone1  -0.8858  -0.5201  -0.8007  -1.0111  0.4983
  50.90 drone1  -0.8859  -0.5201  -0.7857  -1.0104  0.5004
  51.00 drone1  -0.8859  -0.5202  -0.7709  -1.0081  0.5013
  51.10 drone1  -0.8859  -0.5202  -0.7564  -1.0044  0.5012
  51.20 drone1  -0.8858  -0.5201  -0.7423  -0.9992  0.5002
  51.30 drone1  -0.8859  -0.5203  -0.7288  -0.9927  0.4978
  51.40 drone1  -0.8859  -0.5203  -0.7160  -0.9849  0.4947
  51.50 drone1  -0.8860  -0.5201  -0.7041  -0.9758  0.4906
  51.60 drone1  -0.8859  -0.5202  -0.6931  -0.9656  0.4853
  51.70 drone1  -0.8858  -0.5201  -0.6832  -0.9543  0.4791
  51.80 drone1  -0.8858  -0.5201  -0.6745  -0.9421  0.4719
  51.90 drone1  -0.8860  -0.5202  -0.6671  -0.9291  0.4638
  52.00 drone1  -0.8858  -0.5201  -0.6609  -0.9154  0.4548
  52.10 drone1  -0.8859  -0.5202  -0.6562  -0.9012  0.4448
  52.20 drone1  -0.8860  -0.5202  -0.6529  -0.8865  0.4342
  52.30 drone1  -0.8860  -0.5202  -0.6512  -0.8716  0.4227
  52.40 drone1  -0.8858  -0.5200  -0.6508  -0.8566  0.4106
  52.50 drone1  -0.8857  -0.5200  -0.6508  -0.8416  0.3983
  52.60 drone1  -0.8859  -0.5202  -0.6508  -0.8266  0.3862
  52.70 drone1  -0.8860  -0.5202  -0.6508  -0.8116  0.3745
  52.80 drone1  -0.8861  -0.5202  -0.6508  -0.7966  0.3630
  52.90 drone1  -0.8860  -0.5202  -0.6508  -0.7816  0.3517
  53.00 drone1  -0.8859  -0.5202  -0.6508  -0.7666  0.3406
  53.10 drone1  -0.8857  -0.5201  -0.6508  -0.7516  0.3299
  53.20 drone1  -0.8860  -0.5202  -0.6508  -0.7366  0.3196
  53.30 drone1  -0.8859  -0.5203  -0.6508  -0.7216  0.3096
  53.40 drone1  -0.8858  -0.5203  -0.6508  -0.7066  0.2999
  53.50 drone1  -0.8859  -0.5202  -0.6508  -0.6916  0.2910
  53.60 drone1  -0.8857  -0.5200  -0.6508  -0.6766  0.2824
  53.70 drone1  -0.8860  -0.5202  -0.6508  -0.6616  0.2745
  53.80 drone1  -0.8858  -0.5201  -0.6515  -0.6467  0.2663
  53.90 drone1  -0.8858  -0.5200  -0.6537  -0.6318  0.2576
  54.00 drone1  -0.8859  -0.5201  -0.6573  -0.6173  0.2483
  54.10 drone1  -0.8859  -0.5202  -0.6624  -0.6032  0.2384
  54.20 drone1  -0.8859  -0.5201  -0.6689  -0.5897  0.2279
  54.30 drone1  -0.8859  -0.5201  -0.6767  -0.5769  0.2168
  54.40 drone1  -0.8859  -0.5203  -0.6857  -0.5649  0.2051
  54.50 drone1  -0.8859  -0.5202  -0.6959  -0.5539  0.1929
  54.60 drone1  -0.8857  -0.5200  -0.7071  -0.5439  0.1802
  54.70 drone1  -0.8858  -0.5204  -0.7193  -0.5352  0.1672
  54.80 drone1  -0.8858  -0.5202  -0.7323  -0.5277  0.1537
  54.90 drone1  -0.8858  -0.5202  -0.7459  -0.5215  0.1399
  55.00 drone1  -0.8860  -0.5202  -0.7601  -0.5167  0.1259
  55.10 drone1  -0.8858  -0.5201  -0.7748  -0.5134  0.1112
  55.20 drone1  -0.8858  -0.5201  -0.7896  -0.5115  0.0965
  55.30 drone1  -0.8858  -0.5201  -0.8046  -0.5111  0.0817
  55.40 drone1  -0.8859  -0.5202  -0.8196  -0.5111  0.0669
  55.50 drone1  -0.8859  -0.5201  -0.8346  -0.5111  0.0520
  55.60 drone1  -0.8858  -0.5202  -0.8496  -0.5111  0.0373
  55.70 drone1  -0.8858  -0.5201  -0.8646  -0.5111  0.0230
  55.80 drone1  -0.8860  -0.5203  -0.8796  -0.5111  0.0112
  55.90 drone1  -0.8859  -0.5201  -0.8946  -0.5111  0.0126
  56.00 drone1  -0.8858  -0.5201  -0.9096  -0.5111  0.0255
  56.10 drone1  -0.8860  -0.5203  -0.9246  -0.5111  0.0397
  56.20 drone1  -0.8859  -0.5201  -0.9396  -0.5111  0.0545
  56.30 drone1  -0.8858  -0.5203  -0.9546  -0.5111  0.0694
  56.40 drone1  -0.8858  -0.5202  -0.9696  -0.5111  0.0843
  56.50 drone1  -0.8860  -0.5202  -0.9846  -0.5111  0.0991
  56.60 drone1  -0.8859  -0.5202  -0.9996  -0.5111  0.1141
  56.70 drone1  -0.8858  -0.5202  -1.0146  -0.5118  0.1291
  56.80 drone1  -0.8859  -0.5202  -1.0295  -0.5139  0.1437
  56.90 drone1  -0.8860  -0.5202  -1.0440  -0.5175  0.1581
  57.00 drone1  -0.8860  -0.5202  -1.0581  -0.5225  0.1722
  57.10 drone1  -0.8860  -0.5202  -1.0717  -0.5289  0.1859
  57.20 drone1  -0.8860  -0.5202  -1.0845  -0.5367  0.1993
  57.30 drone1  -0.8858  -0.5202  -1.0965  -0.5457  0.2123
  57.40 drone1  -0.8859  -0.5202  -1.1076  -0.5558  0.2245
  57.50 drone1  -0.8860  -0.5201  -1.1176  -0.5670  0.2363
  57.60 drone1  -0.8860  -0.5203  -1.1264  -0.5791  0.2475
  57.70 drone1  -0.8858  -0.5203  -1.1339  -0.5921  0.2583
  57.80 drone1  -0.8858  -0.5201  -1.1402  -0.6057  0.2683
  57.90 drone1  -0.8859  -0.5202  -1.1450  -0.6199  0.2776
  58.00 drone1  -0.8859  -0.5202  -1.1484  -0.6345  0.2863
  58.10 drone1  -0.8858  -0.5203  -1.1503  -0.6494  0.2943
  58.20 drone1  -0.8859  -0.5203  -1.1508  -0.6643  0.3015
  58.30 drone1  -0.8860  -0.5202  -1.1508  -0.6793  0.3089
  58.40 drone1  -0.8859  -0.5202  -1.1508  -0.6943  0.3170
  58.50 drone1  -0.8858  -0.5202  -1.1508  -0.7093  0.3256
  58.60 drone1  -0.8858  -0.5201  -1.1508  -0.7243  0.3345
  58.70 drone1  -0.8860  -0.5202  -1.1508  -0.7393  0.3438
  58.80 drone1  -0.8859  -0.5203  -1.1508  -0.7543  0.3534
  58.90 drone1  -0.8858  -0.5201  -1.1508  -0.7693  0.3637
  59.00 drone1  -0.8857  -0.5200  -1.1508  -0.7843  0.3744
  59.10 drone1  -0.8859  -0.5202  -1.1508  -0.7993  0.3848
  59.20 drone1  -0.8859  -0.5202  -1.1508  -0.8143  0.3958
  59.30 drone1  -0.8859  -0.5202  -1.1508  -0.8293  0.4071
  59.40 drone1  -0.8859  -0.5202  -1.1508  -0.8443  0.4186
  59.50 drone1  -0.8859  -0.5202  -1.1508  -0.8593  0.4303
  59.60 drone1  -0.8860  -0.5202  -1.1502  -0.8743  0.4419
  59.70 drone1  -0.8860  -0.5202  -1.1481  -0.8892  0.4526
  59.80 drone1  -0.8859  -0.5201  -1.1446  -0.9038  0.4627
  59.90 drone1  -0.8858  -0.5201  -1.1396  -0.9179  0.4719
  60.00 drone1  -0.8858  -0.5201  -1.1333  -0.9315  0.4800
  60.10 drone1  -0.8860  -0.5202  -1.1256  -0.9443  0.4871
  60.20 drone1  -0.8858  -0.5202  -1.1166  -0.9564  0.4935
  60.30 drone1  -0.8859  -0.5201  -1.1065  -0.9675  0.4989
  60.40 drone1  -0.8858  -0.5202  -1.0954  -0.9775  0.5030
  60.50 drone1  -0.8860  -0.5202  -1.0833  -0.9864  0.5062
  60.60 drone1  -0.8860  -0.5202  -1.0704  -0.9940  0.5084
  60.70 drone1  -0.8860  -0.5202  -1.0568  -1.0003  0.5095
  60.80 drone1  -0.8859  -0.5202  -1.0426  -1.0052  0.5097
  60.90 drone1  -0.8860  -0.5202  -1.0280  -1.0086  0.5087
  61.00 drone1  -0.8860  -0.5202  -1.0132  -1.0106  0.5066
  61.10 drone1  -0.8857  -0.5200  -0.9982  -1.0111  0.5038
  61.20 drone1  -0.8858  -0.5202  -0.9832  -1.0111  0.5005
  61.30 drone1  -0.8859  -0.5201  -0.9682  -1.0111  0.4979
  61.40 drone1  -0.8857  -0.5200  -0.9532  -1.0111  0.4957
  61.50 drone1  -0.8859  -0.5202  -0.9382  -1.0111  0.4937
  61.60 drone1  -0.8857  -0.5201  -0.9232  -1.0111  0.4925
  61.70 drone1  -0.8859  -0.5203  -0.9082  -1.0111  0.4914
  61.80 drone1  -0.8858  -0.5202  -0.8932  -1.0111  0.4910
  61.90 drone1  -0.8859  -0.5201  -0.8782  -1.0111  0.4911
  62.00 drone1  -0.8858  -0.5200  -0.8632  -1.0111  0.4917
  62.10 drone1  -0.8858  -0.5201  -0.8482  -1.0111  0.4924
  62.20 drone1  -0.8858  -0.5202  -0.8332  -1.0111  0.4938
  62.30 drone1  -0.8859  -0.5201  -0.8182  -1.0111  0.4957
  62.40 drone1  -0.8859  -0.5201  -0.8032  -1.0111  0.4980
  62.50 drone1  -0.8859  -0.5202  -0.7882  -1.0106  0.5000
  62.60 drone1  -0.8859  -0.5202  -0.7733  -1.0086  0.5012
  62.70 drone1  -0.8860  -0.5202  -0.7587  -1.0051  0.5013
  62.80 drone1  -0.8858  -0.5201  -0.7446  -1.0002  0.5004
  62.90 drone1  -0.8859  -0.5202  -0.7310  -0.9939  0.4984
  63.00 drone1  -0.8859  -0.5203  -0.7181  -0.9862  0.4952
  63.10 drone1  -0.8859  -0.5201  -0.7060  -0.9774  0.4914
  63.20 drone1  -0.8859  -0.5200  -0.6949  -0.9673  0.4864
  63.30 drone1  -0.8860  -0.5203  -0.6848  -0.9562  0.4802
  63.40 drone1  -0.8860  -0.5202  -0.6759  -0.9442  0.4731
  63.50 drone1  -0.8859  -0.5203  -0.6682  -0.9313  0.4651
  63.60 drone1  -0.8859  -0.5202  -0.6619  -0.9177  0.4563
  63.70 drone1  -0.8859  -0.5202  -0.6569  -0.9035  0.4466
  63.80 drone1  -0.8859  -0.5202  -0.6534  -0.8890  0.4360
  63.90 drone1  -0.8859  -0.5201  -0.6513  -0.8741  0.4246
  64.00 drone1  -0.8859  -0.5201  -0.6508  -0.8591  0.4126
  64.10 drone1  -0.8859  -0.5201  -0.6508  -0.8441  0.4004
  64.20 drone1  -0.8859  -0.5202  -0.6508  -0.8291  0.3882
  64.30 drone1  -0.8858  -0.5202  -0.6508  -0.8141  0.3764
  64.40 drone1  -0.8858  -0.5200  -0.6508  -0.7991  0.3649
  64.50 drone1  -0.8859  -0.5202  -0.6508  -0.7841  0.3535
  64.60 drone1  -0.8858  -0.5201  -0.6508  -0.7691  0.3425
  64.70 drone1  -0.8857  -0.5200  -0.6508  -0.7541  0.3317
  64.80 drone1  -0.8858  -0.5200  -0.6508  -0.7391  0.3213
  64.90 drone1  -0.8858  -0.5200  -0.6508  -0.7241  0.3113
  65.00 drone1  -0.8859  -0.5201  -0.6508  -0.7091  0.3017
  65.10 drone1  -0.8860  -0.5202  -0.6508  -0.6941  0.2925
  65.20 drone1  -0.8860  -0.5200  -0.6508  -0.6791  0.2840
  65.30 drone1  -0.8859  -0.5202  -0.6508  -0.6641  0.2757
  65.40 drone1  -0.8858  -0.5202  -0.6513  -0.6491  0.2677
  65.50 drone1  -0.8859  -0.5202  -0.6532  -0.6343  0.2592
  65.60 drone1  -0.8859  -0.5202  -0.6566  -0.6197  0.2500
  65.70 drone1  -0.8858  -0.5203  -0.6615  -0.6055  0.2400
  65.80 drone1  -0.8860  -0.5202  -0.6677  -0.5919  0.2297
  65.90 drone1  -0.8859  -0.5202  -0.6753  -0.5789  0.2186
  66.00 drone1  -0.8858  -0.5203  -0.6841  -0.5668  0.2069
  66.10 drone1  -0.8859  -0.5202  -0.6941  -0.5556  0.1950
  66.20 drone1  -0.8858  -0.5202  -0.7052  -0.5455  0.1824
  66.30 drone1  -0.8859  -0.5201  -0.7172  -0.5365  0.1695
  66.40 drone1  -0.8858  -0.5203  -0.7301  -0.5288  0.1560
  66.50 drone1  -0.8858  -0.5201  -0.7436  -0.5224  0.1422
  66.60 drone1  -0.8859  -0.5201  -0.7578  -0.5174  0.1281
  66.70 drone1  -0.8859  -0.5202  -0.7723  -0.5138  0.1137
  66.80 drone1  -0.8860  -0.5202  -0.7872  -0.5117  0.0992
  66.90 drone1  -0.8860  -0.5202  -0.8022  -0.5111  0.0843
  67.00 drone1  -0.8859  -0.5202  -0.8172  -0.5111  0.0694
  67.10 drone1  -0.8858  -0.5200  -0.8322  -0.5111  0.0544
  67.20 drone1  -0.8859  -0.5202  -0.8472  -0.5111  0.0398
  67.30 drone1  -0.8859  -0.5201  -0.8622  -0.5111  0.0254
  67.40 drone1  -0.8859  -0.5201  -0.8772  -0.5111  0.0126
  67.50 drone1  -0.8858  -0.5202  -0.8922  -0.5111  0.0110
  67.60 drone1  -0.8859  -0.5201  -0.9072  -0.5111  0.0231
  67.70 drone1  -0.8860  -0.5202  -0.9222  -0.5111  0.0373
  67.80 drone1  -0.8858  -0.5203  -0.9372  -0.5111  0.0522
  67.90 drone1  -0.8858  -0.5201  -0.9522  -0.5111  0.0670
  68.00 drone1  -0.8860  -0.5202  -0.9672  -0.5111  0.0817
  68.10 drone1  -0.8858  -0.5202  -0.9822  -0.5111  0.0967
  68.20 drone1  -0.8860  -0.5203  -0.9972  -0.5111  0.1115
  68.30 drone1  -0.8859  -0.5203  -1.0121  -0.5115  0.1265
  68.40 drone1  -0.8860  -0.5203  -1.0270  -0.5134  0.1412
  68.50 drone1  -0.8858  -0.5202  -1.0416  -0.5168  0.1558
  68.60 drone1  -0.8860  -0.5202  -1.0558  -0.5216  0.1699
  68.70 drone1  -0.8856  -0.5201  -1.0695  -0.5278  0.1840
  68.80 drone1  -0.8858  -0.5201  -1.0825  -0.5353  0.1972
  68.90 drone1  -0.8859  -0.5201  -1.0946  -0.5441  0.2101
  69.00 drone1  -0.8858  -0.5201  -1.1058  -0.5540  0.2227
  69.10 drone1  -0.8856  -0.5201  -1.1160  -0.5651  0.2348
  69.20 drone1  -0.8859  -0.5202  -1.1250  -0.5770  0.2458
  69.30 drone1  -0.8859  -0.5201  -1.1328  -0.5899  0.2565
  69.40 drone1  -0.8860  -0.5202  -1.1392  -0.6034  0.2665
  69.50 drone1  -0.8859  -0.5200  -1.1443  -0.6175  0.2762
  69.60 drone1  -0.8859  -0.5201  -1.1479  -0.6321  0.2850
  69.70 drone1  -0.8860  -0.5198  -1.1501  -0.6469  0.2931
  69.80 drone1  -0.8860  -0.5202  -1.1508  -0.6619  0.3003
  69.90 drone1  -0.8858  -0.5201  -1.1508  -0.6769  0.3079
  70.00 drone1  -0.8859  -0.5202  -1.1508  -0.6919  0.3157
  70.10 drone1  -0.8859  -0.5200  -1.1508  -0.7069  0.3242
  70.20 drone1  -0.8859  -0.5201  -1.1508  -0.7219  0.3330
  70.30 drone1  -0.8858  -0.5200  -1.1508  -0.7369  0.3424
  70.40 drone1  -0.8857  -0.5200  -1.1508  -0.7519  0.3522
  70.50 drone1  -0.8858  -0.5202  -1.1508  -0.7669  0.3620
  70.60 drone1  -0.8860  -0.5202  -1.1508  -0.7819  0.3723
  70.70 drone1  -0.8858  -0.5202  -1.1508  -0.7969  0.3831
  70.80 drone1  -0.8858  -0.5202  -1.1508  -0.8119  0.3940
  70.90 drone1  -0.8859  -0.5203  -1.1508  -0.8269  0.4052
  71.00 drone1  -0.8859  -0.5203  -1.1508  -0.8419  0.4166
  71.10 drone1  -0.8860  -0.5202  -1.1508  -0.8569  0.4283
  71.20 drone1  -0.8860  -0.5202  -1.1504  -0.8719  0.4400
  71.30 drone1  -0.8858  -0.5203  -1.1486  -0.8867  0.4509
  71.40 drone1  -0.8858  -0.5201  -1.1453  -0.9014  0.4612
  71.50 drone1  -0.8859  -0.5202  -1.1405  -0.9156  0.4703
  71.60 drone1  -0.8858  -0.5202  -1.1344  -0.9293  0.4787
  71.70 drone1  -0.8859  -0.5201  -1.1269  -0.9423  0.4861
  71.80 drone1  -0.8858  -0.5201  -1.1182  -0.9545  0.4926
  71.90 drone1  -0.8858  -0.5201  -1.1083  -0.9657  0.4981
  72.00 drone1  -0.8854  -0.5202  -1.0973  -0.9759  0.5026
  72.10 drone1  -0.8858  -0.5200  -1.0854  -0.9850  0.5060
  72.20 drone1  -0.8858  -0.5202  -1.0726  -0.9928  0.5082
  72.30 drone1  -0.8858  -0.5201  -1.0591  -0.9993  0.5096
  72.40 drone1  -0.8858  -0.5200  -1.0450  -1.0045  0.5099
  72.50 drone1  -0.8859  -0.5202  -1.0305  -1.0082  0.5089
  72.60 drone1  -0.8860  -0.5202  -1.0156  -1.0104  0.5071
  72.70 drone1  -0.8860  -0.5202  -1.0006  -1.0111  0.5042
  72.80 drone1  -0.8860  -0.5203  -0.9856  -1.0111  0.5008
  72.90 drone1  -0.8859  -0.5201  -0.9706  -1.0111  0.4983
  73.00 drone1  -0.8858  -0.5202  -0.9556  -1.0111  0.4959
  73.10 drone1  -0.8860  -0.5202  -0.9406  -1.0111  0.4940
  73.20 drone1  -0.8860  -0.5202  -0.9256  -1.0111  0.4925
  73.30 drone1  -0.8860  -0.5201  -0.9106  -1.0111  0.4916
  73.40 drone1  -0.8860  -0.5202  -0.8956  -1.0111  0.4910
  73.50 drone1  -0.8859  -0.5202  -0.8806  -1.0111  0.4910
  73.60 drone1  -0.8860  -0.5202  -0.8656  -1.0111  0.4913
  73.70 drone1  -0.8858  -0.5201  -0.8506  -1.0111  0.4923
  73.80 drone1  -0.8859  -0.5202  -0.8356  -1.0111  0.4934
  73.90 drone1  -0.8860  -0.5203  -0.8206  -1.0111  0.4952
  74.00 drone1  -0.8860  -0.5202  -0.8056  -1.0111  0.4974
  74.10 drone1  -0.8858  -0.5201  -0.7907  -1.0108  0.4999
  74.20 drone1  -0.8859  -0.5203  -0.7758  -1.0090  0.5009
  74.30 drone1  -0.8858  -0.5200  -0.7611  -1.0058  0.5015
  74.40 drone1  -0.8860  -0.5202  -0.7469  -1.0011  0.5006
  74.50 drone1  -0.8858  -0.5202  -0.7332  -0.9950  0.4987
  74.60 drone1  -0.8859  -0.5202  -0.7201  -0.9876  0.4959
  74.70 drone1  -0.8858  -0.5201  -0.7079  -0.9789  0.4921
  74.80 drone1  -0.8859  -0.5202  -0.6966  -0.9691  0.4871
  74.90 drone1  -0.8864  -0.5205  -0.6864  -0.9581  0.4812
  75.00 drone1  -0.8858  -0.5210  -0.6773  -0.9462  0.4735
  75.10 drone1  -0.8863  -0.5205  -0.6694  -0.9335  0.4665
  75.20 drone1  -0.8862  -0.5206  -0.6628  -0.9200  0.4576
  75.30 drone1  -0.8860  -0.5203  -0.6576  -0.9059  0.4482
  75.40 drone1  -0.8860  -0.5204  -0.6539  -0.8914  0.4376
  75.50 drone1  -0.8859  -0.5205  -0.6516  -0.8766  0.4262
  75.60 drone1  -0.8863  -0.5204  -0.6508  -0.8616  0.4146
  75.70 drone1  -0.8863  -0.5205  -0.6508  -0.8466  0.4022
  75.80 drone1  -0.8862  -0.5202  -0.6508  -0.8316  0.3904
  75.90 drone1  -0.8860  -0.5208  -0.6508  -0.8166  0.3779
  76.00 drone1  -0.8861  -0.5201  -0.6508  -0.8016  0.3669
  76.10 drone1  -0.8856  -0.5202  -0.6508  -0.7866  0.3551
  76.20 drone1  -0.8859  -0.5200  -0.6508  -0.7716  0.3443
  76.30 drone1  -0.8858  -0.5205  -0.6508  -0.7566  0.3332
  76.40 drone1  -0.8861  -0.5205  -0.6508  -0.7416  0.3229
  76.50 drone1  -0.8858  -0.5205  -0.6508  -0.7266  0.3126
  76.60 drone1  -0.8859  -0.5204  -0.6508  -0.7116  0.3031
  76.70 drone1  -0.8859  -0.5202  -0.6508  -0.6966  0.2940
  76.80 drone1  -0.8862  -0.5206  -0.6508  -0.6816  0.2852
  76.90 drone1  -0.8861  -0.5206  -0.6508  -0.6666  0.2770
  77.00 drone1  -0.8858  -0.5204  -0.6511  -0.6516  0.2689
  77.10 drone1  -0.8862  -0.5203  -0.6528  -0.6367  0.2608
  77.20 drone1  -0.8859  -0.5203  -0.6560  -0.6221  0.2514
  77.30 drone1  -0.8861  -0.5205  -0.6606  -0.6078  0.2418
  77.40 drone1  -0.8860  -0.5204  -0.6666  -0.5941  0.2314
  77.50 drone1  -0.8860  -0.5203  -0.6740  -0.5810  0.2206
  77.60 drone1  -0.8859  -0.5202  -0.6826  -0.5687  0.2090
  77.70 drone1  -0.8858  -0.5204  -0.6924  -0.5574  0.1969
  77.80 drone1  -0.8862  -0.5206  -0.7033  -0.5471  0.1848
  77.90 drone1  -0.8857  -0.5203  -0.7152  -0.5379  0.1715
  78.00 drone1  -0.8860  -0.5203  -0.7279  -0.5300  0.1584
  78.10 drone1  -0.8859  -0.5203  -0.7414  -0.5234  0.1445
  78.20 drone1  -0.8860  -0.5205  -0.7554  -0.5181  0.1306
  78.30 drone1  -0.8860  -0.5205  -0.7699  -0.5143  0.1163
  78.40 drone1  -0.8860  -0.5204  -0.7847  -0.5120  0.1016
  78.50 drone1  -0.8860  -0.5203  -0.7997  -0.5111  0.0868
  78.60 drone1  -0.8859  -0.5204  -0.8147  -0.5111  0.0719
  78.70 drone1  -0.8859  -0.5203  -0.8297  -0.5111  0.0570
  78.80 drone1  -0.8859  -0.5205  -0.8447  -0.5111  0.0423
  78.90 drone1  -0.8859  -0.5202  -0.8597  -0.5111  0.0277
  79.00 drone1  -0.8860  -0.5205  -0.8747  -0.5111  0.0147
  79.10 drone1  -0.8860  -0.5203  -0.8897  -0.5111  0.0099
  79.20 drone1  -0.8859  -0.5204  -0.9047  -0.5111  0.0209
  79.30 drone1  -0.8859  -0.5203  -0.9197  -0.5111  0.0350
  79.40 drone1  -0.8859  -0.5203  -0.9347  -0.5111  0.0496
  79.50 drone1  -0.8860  -0.5203  -0.9497  -0.5111  0.0644
  79.60 drone1  -0.8860  -0.5204  -0.9647  -0.5111  0.0792
  79.70 drone1  -0.8860  -0.5205  -0.9797  -0.5111  0.0942
  79.80 drone1  -0.8860  -0.5203  -0.9947  -0.5111  0.1091
  79.90 drone1  -0.8858  -0.5202  -1.0097  -0.5114  0.1242
  80.00 drone1  -0.8861  -0.5205  -1.0246  -0.5130  0.1387
  80.10 drone1  -0.8860  -0.5205  -1.0392  -0.5161  0.1533
  80.20 drone1  -0.8861  -0.5203  -1.0535  -0.5207  0.1674
  80.30 drone1  -0.8857  -0.5202  -1.0673  -0.5267  0.1817
  80.40 drone1  -0.8861  -0.5204  -1.0804  -0.5340  0.1948
  80.50 drone1  -0.8858  -0.5203  -1.0927  -0.5426  0.2080
  80.60 drone1  -0.8860  -0.5203  -1.1040  -0.5523  0.2204
  80.70 drone1  -0.8859  -0.5203  -1.1144  -0.5632  0.2325
  80.80 drone1  -0.8860  -0.5204  -1.1236  -0.5750  0.2438
  80.90 drone1  -0.8860  -0.5204  -1.1316  -0.5877  0.2546
  81.00 drone1  -0.8860  -0.5205  -1.1383  -0.6011  0.2648
  81.10 drone1  -0.8860  -0.5204  -1.1436  -0.6151  0.2744
  81.20 drone1  -0.8860  -0.5204  -1.1474  -0.6296  0.2833
  81.30 drone1  -0.8861  -0.5205  -1.1499  -0.6444  0.2915
  81.40 drone1  -0.8858  -0.5203  -1.1508  -0.6594  0.2993
  81.50 drone1  -0.8859  -0.5203  -1.1508  -0.6744  0.3064
  81.60 drone1  -0.8859  -0.5204  -1.1508  -0.6894  0.3142
  81.70 drone1  -0.8859  -0.5203  -1.1508  -0.7044  0.3225
  81.80 drone1  -0.8860  -0.5205  -1.1508  -0.7194  0.3312
  81.90 drone1  -0.8860  -0.5204  -1.1508  -0.7344  0.3405
  82.00 drone1  -0.8860  -0.5204  -1.1508  -0.7494  0.3501
  82.10 drone1  -0.8859  -0.5203  -1.1508  -0.7644  0.3602
  82.20 drone1  -0.8859  -0.5203  -1.1508  -0.7794  0.3706
  82.30 drone1  -0.8860  -0.5204  -1.1508  -0.7944  0.3810
  82.40 drone1  -0.8860  -0.5203  -1.1508  -0.8094  0.3920
  82.50 drone1  -0.8859  -0.5203  -1.1508  -0.8244  0.4033
  82.60 drone1  -0.8860  -0.5205  -1.1508  -0.8394  0.4145
  82.70 drone1  -0.8859  -0.5204  -1.1508  -0.8544  0.4263
  82.80 drone1  -0.8858  -0.5201  -1.1506  -0.8694  0.4383
  82.90 drone1  -0.8860  -0.5204  -1.1490  -0.8843  0.4490
  83.00 drone1  -0.8858  -0.5202  -1.1459  -0.8990  0.4595
  83.10 drone1  -0.8860  -0.5204  -1.1414  -0.9133  0.4686
  83.20 drone1  -0.8859  -0.5204  -1.1355  -0.9271  0.4772
  83.30 drone1  -0.8860  -0.5204  -1.1283  -0.9402  0.4847
  83.40 drone1  -0.8859  -0.5205  -1.1197  -0.9525  0.4913
  83.50 drone1  -0.8860  -0.5206  -1.1100  -0.9639  0.4967
  83.60 drone1  -0.8860  -0.5204  -1.0992  -0.9743  0.5015
  83.70 drone1  -0.8860  -0.5204  -1.0874  -0.9836  0.5050
  83.80 drone1  -0.8860  -0.5204  -1.0747  -0.9916  0.5076
  83.90 drone1  -0.8861  -0.5204  -1.0613  -0.9983  0.5090
  84.00 drone1  -0.8860  -0.5204  -1.0473  -1.0037  0.5095
  84.10 drone1  -0.8859  -0.5204  -1.0329  -1.0076  0.5090
  84.20 drone1  -0.8860  -0.5203  -1.0181  -1.0101  0.5073
  84.30 drone1  -0.8859  -0.5203  -1.0031  -1.0111  0.5046
  84.40 drone1  -0.8860  -0.5205  -0.9881  -1.0111  0.5011
  84.50 drone1  -0.8860  -0.5206  -0.9731  -1.0111  0.4982
  84.60 drone1  -0.8860  -0.5204  -0.9581  -1.0111  0.4960
  84.70 drone1  -0.8860  -0.5204  -0.9431  -1.0111  0.4940
  84.80 drone1  -0.8860  -0.5204  -0.9281  -1.0111  0.4925
  84.90 drone1  -0.8857  -0.5202  -0.9131  -1.0111  0.4917
  85.00 drone1  -0.8859  -0.5204  -0.8981  -1.0111  0.4909
  85.10 drone1  -0.8860  -0.5204  -0.8831  -1.0111  0.4907
  85.20 drone1  -0.8860  -0.5204  -0.8681  -1.0111  0.4910
  85.30 drone1  -0.8858  -0.5202  -0.8531  -1.0111  0.4920
  85.40 drone1  -0.8859  -0.5203  -0.8381  -1.0111  0.4931
  85.50 drone1  -0.8860  -0.5205  -0.8231  -1.0111  0.4946
  85.60 drone1  -0.8860  -0.5205  -0.8081  -1.0111  0.4968
  85.70 drone1  -0.8860  -0.5205  -0.7931  -1.0109  0.4991
  85.80 drone1  -0.8859  -0.5204  -0.7782  -1.0094  0.5008
  85.90 drone1  -0.8858  -0.5201  -0.7635  -1.0064  0.5014
  86.00 drone1  -0.8858  -0.5203  -0.7492  -1.0020  0.5007
  86.10 drone1  -0.8860  -0.5204  -0.7354  -0.9961  0.4990
  86.20 drone1  -0.8860  -0.5204  -0.7222  -0.9889  0.4963
  86.30 drone1  -0.8860  -0.5204  -0.7099  -0.9804  0.4926
  86.40 drone1  -0.8860  -0.5205  -0.6984  -0.9708  0.4877
  86.50 drone1  -0.8860  -0.5204  -0.6880  -0.9600  0.4821
  86.60 drone1  -0.8859  -0.5205  -0.6787  -0.9482  0.4753
  86.70 drone1  -0.8859  -0.5205  -0.6706  -0.9356  0.4676
  86.80 drone1  -0.8859  -0.5203  -0.6638  -0.9222  0.4592
  86.90 drone1  -0.8860  -0.5204  -0.6584  -0.9083  0.4497
  87.00 drone1  -0.8859  -0.5203  -0.6544  -0.8938  0.4394
  87.10 drone1  -0.8860  -0.5204  -0.6519  -0.8790  0.4283
  87.20 drone1  -0.8860  -0.5204  -0.6508  -0.8641  0.4164
  87.30 drone1  -0.8859  -0.5203  -0.6508  -0.8491  0.4042
  87.40 drone1  -0.8860  -0.5203  -0.6508  -0.8341  0.3921
  87.50 drone1  -0.8858  -0.5203  -0.6508  -0.8191  0.3801
  87.60 drone1  -0.8861  -0.5204  -0.6508  -0.8041  0.3686
  87.70 drone1  -0.8860  -0.5205  -0.6508  -0.7891  0.3571
  87.80 drone1  -0.8860  -0.5204  -0.6508  -0.7741  0.3459
  87.90 drone1  -0.8860  -0.5205  -0.6508  -0.7591  0.3351
  88.00 drone1  -0.8860  -0.5205  -0.6508  -0.7441  0.3246
  88.10 drone1  -0.8860  -0.5205  -0.6508  -0.7291  0.3144
  88.20 drone1  -0.8860  -0.5205  -0.6508  -0.7141  0.3046
  88.30 drone1  -0.8860  -0.5204  -0.6508  -0.6991  0.2954
  88.40 drone1  -0.8858  -0.5202  -0.6508  -0.6841  0.2865
  88.50 drone1  -0.8860  -0.5205  -0.6508  -0.6691  0.2783
  88.60 drone1  -0.8860  -0.5204  -0.6509  -0.6541  0.2704
  88.70 drone1  -0.8859  -0.5205  -0.6524  -0.6392  0.2620
  88.80 drone1  -0.8860  -0.5204  -0.6553  -0.6245  0.2530
  88.90 drone1  -0.8860  -0.5205  -0.6597  -0.6101  0.2433
  89.00 drone1  -0.8859  -0.5204  -0.6655  -0.5963  0.2331
  89.10 drone1  -0.8859  -0.5204  -0.6727  -0.5831  0.2223
  89.20 drone1  -0.8859  -0.5203  -0.6811  -0.5707  0.2109
  89.30 drone1  -0.8860  -0.5204  -0.6907  -0.5592  0.1991
  89.40 drone1  -0.8860  -0.5204  -0.7014  -0.5487  0.1867
  89.50 drone1  -0.8859  -0.5204  -0.7132  -0.5394  0.1738
  89.60 drone1  -0.8860  -0.5204  -0.7257  -0.5312  0.1606
  89.70 drone1  -0.8860  -0.5204  -0.7391  -0.5244  0.1470
  89.80 drone1  -0.8860  -0.5204  -0.7530  -0.5189  0.1330
  89.90 drone1  -0.8860  -0.5204  -0.7675  -0.5149  0.1186
  90.00 drone1  -0.8860  -0.5204  -0.7822  -0.5123  0.1041
  90.10 drone1  -0.8860  -0.5205  -0.7972  -0.5112  0.0892
  90.20 drone1  -0.8860  -0.5204  -0.8122  -0.5111  0.0744
  90.30 drone1  -0.8860  -0.5204  -0.8272  -0.5111  0.0595
  90.40 drone1  -0.8860  -0.5205  -0.8422  -0.5111  0.0448
  90.50 drone1  -0.8860  -0.5205  -0.8572  -0.5111  0.0303
  90.60 drone1  -0.8859  -0.5204  -0.8722  -0.5111  0.0165
  90.70 drone1  -0.8859  -0.5203  -0.8872  -0.5111  0.0092
  90.80 drone1  -0.8860  -0.5204  -0.9022  -0.5111  0.0187
  90.90 drone1  -0.8860  -0.5204  -0.9172  -0.5111  0.0326
  91.00 drone1  -0.8860  -0.5204  -0.9322  -0.5111  0.0471
  91.10 drone1  -0.8859  -0.5203  -0.9472  -0.5111  0.0619
  91.20 drone1  -0.8860  -0.5204  -0.9622  -0.5111  0.0767
  91.30 drone1  -0.8860  -0.5206  -0.9772  -0.5111  0.0917
  91.40 drone1  -0.8859  -0.5204  -0.9922  -0.5111  0.1067
  91.50 drone1  -0.8859  -0.5203  -1.0072  -0.5113  0.1216
  91.60 drone1  -0.8860  -0.5205  -1.0221  -0.5126  0.1363
  91.70 drone1  -0.8860  -0.5205  -1.0368  -0.5155  0.1509
  91.80 drone1  -0.8860  -0.5205  -1.0512  -0.5198  0.1652
  91.90 drone1  -0.8861  -0.5205  -1.0650  -0.5256  0.1790
  92.00 drone1  -0.8860  -0.5204  -1.0783  -0.5327  0.1926
  92.10 drone1  -0.8860  -0.5205  -1.0907  -0.5411  0.2057
  92.20 drone1  -0.8860  -0.5205  -1.1022  -0.5506  0.2183
  92.30 drone1  -0.8858  -0.5203  -1.1128  -0.5613  0.2306
  92.40 drone1  -0.8860  -0.5204  -1.1222  -0.5730  0.2419
  92.50 drone1  -0.8860  -0.5205  -1.1304  -0.5855  0.2529
  92.60 drone1  -0.8860  -0.5204  -1.1373  -0.5989  0.2632
  92.70 drone1  -0.8859  -0.5203  -1.1428  -0.6128  0.2731
  92.80 drone1  -0.8860  -0.5204  -1.1469  -0.6272  0.2819
  92.90 drone1  -0.8859  -0.5203  -1.1496  -0.6420  0.2904
  93.00 drone1  -0.8859  -0.5204  -1.1507  -0.6569  0.2979
  93.10 drone1  -0.8861  -0.5203  -1.1508  -0.6719  0.3050
  93.20 drone1  -0.8860  -0.5204  -1.1508  -0.6869  0.3128
  93.30 drone1  -0.8860  -0.5204  -1.1508  -0.7019  0.3210
  93.40 drone1  -0.8860  -0.5204  -1.1508  -0.7169  0.3298
  93.50 drone1  -0.8860  -0.5205  -1.1508  -0.7319  0.3388
  93.60 drone1  -0.8858  -0.5202  -1.1508  -0.7469  0.3488
  93.70 drone1  -0.8860  -0.5204  -1.1508  -0.7619  0.3583
  93.80 drone1  -0.8860  -0.5204  -1.1508  -0.7769  0.3687
  93.90 drone1  -0.8861  -0.5205  -1.1508  -0.7919  0.3792
  94.00 drone1  -0.8858  -0.5202  -1.1508  -0.8069  0.3904
  94.10 drone1  -0.8860  -0.5205  -1.1508  -0.8219  0.4012
  94.20 drone1  -0.8858  -0.5202  -1.1508  -0.8369  0.4129
  94.30 drone1  -0.8860  -0.5205  -1.1508  -0.8519  0.4242
  94.40 drone1  -0.8861  -0.5205  -1.1507  -0.8669  0.4359
  94.50 drone1  -0.8860  -0.5205  -1.1493  -0.8818  0.4471
  94.60 drone1  -0.8859  -0.5204  -1.1465  -0.8966  0.4577
  94.70 drone1  -0.8861  -0.5205  -1.1423  -0.9109  0.4670
  94.80 drone1  -0.8859  -0.5204  -1.1366  -0.9248  0.4758
  94.90 drone1  -0.8860  -0.5204  -1.1295  -0.9381  0.4835
  95.00 drone1  -0.8859  -0.5205  -1.1212  -0.9505  0.4902
  95.10 drone1  -0.8859  -0.5203  -1.1117  -0.9621  0.4961
  95.20 drone1  -0.8860  -0.5204  -1.1011  -0.9727  0.5008
  95.30 drone1  -0.8860  -0.5204  -1.0894  -0.9821  0.5045
  95.40 drone1  -0.8860  -0.5205  -1.0769  -0.9904  0.5072
  95.50 drone1  -0.8860  -0.5205  -1.0636  -0.9973  0.5089
  95.60 drone1  -0.8859  -0.5203  -1.0497  -1.0029  0.5096
  95.70 drone1  -0.8861  -0.5205  -1.0353  -1.0071  0.5090
  95.80 drone1  -0.8860  -0.5205  -1.0205  -1.0098  0.5075
  95.90 drone1  -0.8860  -0.5204  -1.0056  -1.0110  0.5050
  96.00 drone1  -0.8860  -0.5204  -0.9906  -1.0111  0.5017
  96.10 drone1  -0.8860  -0.5205  -0.9756  -1.0111  0.4988
  96.20 drone1  -0.8860  -0.5204  -0.9606  -1.0111  0.4963
  96.30 drone1  -0.8858  -0.5202  -0.9456  -1.0111  0.4946
  96.40 drone1  -0.8860  -0.5203  -0.9306  -1.0111  0.4928
  96.50 drone1  -0.8860  -0.5204  -0.9156  -1.0111  0.4916
  96.60 drone1  -0.8861  -0.5204  -0.9006  -1.0111  0.4910
  96.70 drone1  -0.8859  -0.5204  -0.8856  -1.0111  0.4907
  96.80 drone1  -0.8861  -0.5204  -0.8706  -1.0111  0.4910
  96.90 drone1  -0.8857  -0.5202  -0.8556  -1.0111  0.4919
  97.00 drone1  -0.8860  -0.5205  -0.8406  -1.0111  0.4927
  97.10 drone1  -0.8859  -0.5202  -0.8256  -1.0111  0.4946
  97.20 drone1  -0.8860  -0.5204  -0.8106  -1.0111  0.4965
  97.30 drone1  -0.8860  -0.5204  -0.7956  -1.0110  0.4989
  97.40 drone1  -0.8858  -0.5202  -0.7807  -1.0098  0.5007
  97.50 drone1  -0.8860  -0.5205  -0.7659  -1.0070  0.5011
  97.60 drone1  -0.8860  -0.5204  -0.7515  -1.0028  0.5008
  97.70 drone1  -0.8858  -0.5201  -0.7376  -0.9972  0.4995
  97.80 drone1  -0.8858  -0.5202  -0.7244  -0.9902  0.4969
  97.90 drone1  -0.8860  -0.5205  -0.7119  -0.9819  0.4932
  98.00 drone1  -0.8860  -0.5204  -0.7002  -0.9724  0.4887
  98.10 drone1  -0.8860  -0.5205  -0.6896  -0.9618  0.4831
  98.20 drone1  -0.8858  -0.5202  -0.6801  -0.9502  0.4766
  98.30 drone1  -0.8860  -0.5204  -0.6718  -0.9378  0.4691
  98.40 drone1  -0.8860  -0.5203  -0.6648  -0.9245  0.4607
  98.50 drone1  -0.8860  -0.5204  -0.6592  -0.9106  0.4514
  98.60 drone1  -0.8858  -0.5204  -0.6549  -0.8962  0.4411
  98.70 drone1  -0.8860  -0.5205  -0.6522  -0.8815  0.4301
  98.80 drone1  -0.8859  -0.5204  -0.6509  -0.8666  0.4184
  98.90 drone1  -0.8860  -0.5204  -0.6508  -0.8516  0.4062
  99.00 drone1  -0.8860  -0.5204  -0.6508  -0.8366  0.3940
  99.10 drone1  -0.8860  -0.5204  -0.6508  -0.8216  0.3821
  99.20 drone1  -0.8860  -0.5205  -0.6508  -0.8066  0.3704
  99.30 drone1  -0.8860  -0.5204  -0.6508  -0.7916  0.3589
  99.40 drone1  -0.8859  -0.5203  -0.6508  -0.7766  0.3478
  99.50 drone1  -0.8858  -0.5204  -0.6508  -0.7616  0.3368
  99.60 drone1  -0.8860  -0.5204  -0.6508  -0.7466  0.3263
  99.70 drone1  -0.8861  -0.5204  -0.6508  -0.7316  0.3162
  99.80 drone1  -0.8860  -0.5204  -0.6508  -0.7166  0.3063
  99.90 drone1  -0.8860  -0.5204  -0.6508  -0.7016  0.2969
 100.00 drone1  -0.8860  -0.5204  -0.6508  -0.6866  0.2880
 100.10 drone1  -0.8860  -0.5204  -0.6508  -0.6716  0.2796
 100.20 drone1  -0.8860  -0.5206  -0.6509  -0.6566  0.2717
 100.30 drone1  -0.8859  -0.5202  -0.6521  -0.6416  0.2634
 100.40 drone1  -0.8860  -0.5204  -0.6547  -0.6269  0.2546
 100.50 drone1  -0.8858  -0.5201  -0.6589  -0.6125  0.2449
 100.60 drone1  -0.8860  -0.5205  -0.6645  -0.5985  0.2349
 100.70 drone1  -0.8859  -0.5204  -0.6714  -0.5852  0.2241
 100.80 drone1  -0.8860  -0.5204  -0.6796  -0.5727  0.2129
 100.90 drone1  -0.8860  -0.5204  -0.6890  -0.5610  0.2011
 101.00 drone1  -0.8860  -0.5203  -0.6996  -0.5504  0.1888
 101.10 drone1  -0.8860  -0.5204  -0.7112  -0.5408  0.1760
 101.20 drone1  -0.8859  -0.5204  -0.7236  -0.5325  0.1627
 101.30 drone1  -0.8859  -0.5202  -0.7368  -0.5254  0.1492
 101.40 drone1  -0.8860  -0.5204  -0.7507  -0.5197  0.1353
 101.50 drone1  -0.8859  -0.5203  -0.7651  -0.5154  0.1209
 101.60 drone1  -0.8860  -0.5204  -0.7798  -0.5126  0.1065
 101.70 drone1  -0.8860  -0.5205  -0.7947  -0.5112  0.0917
 101.80 drone1  -0.8860  -0.5204  -0.8097  -0.5111  0.0768
 101.90 drone1  -0.8858  -0.5204  -0.8247  -0.5111  0.0618
 102.00 drone1  -0.8860  -0.5204  -0.8397  -0.5111  0.0472
 102.10 drone1  -0.8860  -0.5204  -0.8547  -0.5111  0.0326
 102.20 drone1  -0.8860  -0.5204  -0.8697  -0.5111  0.0187
 102.30 drone1  -0.8859  -0.5203  -0.8847  -0.5111  0.0093
 102.40 drone1  -0.8860  -0.5205  -0.8997  -0.5111  0.0166
 102.50 drone1  -0.8859  -0.5203  -0.9147  -0.5111  0.0302
 102.60 drone1  -0.8858  -0.5203  -0.9297  -0.5111  0.0449
 102.70 drone1  -0.8859  -0.5203  -0.9447  -0.5111  0.0596
 102.80 drone1  -0.8859  -0.5203  -0.9597  -0.5111  0.0744
 102.90 drone1  -0.8861  -0.5204  -0.9747  -0.5111  0.0891
 103.00 drone1  -0.8860  -0.5204  -0.9897  -0.5111  0.1041
 103.10 drone1  -0.8861  -0.5203  -1.0047  -0.5112  0.1190
 103.20 drone1  -0.8860  -0.5204  -1.0197  -0.5123  0.1339
 103.30 drone1  -0.8860  -0.5205  -1.0344  -0.5149  0.1485
 103.40 drone1  -0.8860  -0.5204  -1.0489  -0.5190  0.1629
 103.50 drone1  -0.8859  -0.5204  -1.0628  -0.5245  0.1770
 103.60 drone1  -0.8860  -0.5204  -1.0761  -0.5314  0.1904
 103.70 drone1  -0.8860  -0.5204  -1.0887  -0.5396  0.2036
 103.80 drone1  -0.8859  -0.5204  -1.1004  -0.5490  0.2164
 103.90 drone1  -0.8860  -0.5204  -1.1111  -0.5595  0.2284
 104.00 drone1  -0.8861  -0.5203  -1.1207  -0.5710  0.2400
 104.10 drone1  -0.8860  -0.5204  -1.1291  -0.5834  0.2511
 104.20 drone1  -0.8859  -0.5201  -1.1362  -0.5966  0.2617
 104.30 drone1  -0.8860  -0.5205  -1.1420  -0.6105  0.2713
 104.40 drone1  -0.8860  -0.5204  -1.1463  -0.6248  0.2804
 104.50 drone1  -0.8860  -0.5205  -1.1492  -0.6395  0.2888
 104.60 drone1  -0.8860  -0.5204  -1.1506  -0.6544  0.2967
 104.70 drone1  -0.8859  -0.5204  -1.1508  -0.6694  0.3039
 104.80 drone1  -0.8860  -0.5205  -1.1508  -0.6844  0.3114
 104.90 drone1  -0.8860  -0.5204  -1.1508  -0.6994  0.3196
 105.00 drone1  -0.8860  -0.5205  -1.1508  -0.7144  0.3282
 105.10 drone1  -0.8860  -0.5204  -1.1508  -0.7294  0.3373
 105.20 drone1  -0.8860  -0.5204  -1.1508  -0.7444  0.3468
 105.30 drone1  -0.8861  -0.5204  -1.1508  -0.7594  0.3566
 105.40 drone1  -0.8860  -0.5204  -1.1508  -0.7744  0.3669
 105.50 drone1  -0.8860  -0.5205  -1.1508  -0.7894  0.3774
 105.60 drone1  -0.8859  -0.5204  -1.1508  -0.8044  0.3884
 105.70 drone1  -0.8859  -0.5203  -1.1508  -0.8194  0.3996
 105.80 drone1  -0.8858  -0.5202  -1.1508  -0.8344  0.4110
 105.90 drone1  -0.8860  -0.5204  -1.1508  -0.8494  0.4223
 106.00 drone1  -0.8860  -0.5204  -1.1507  -0.8644  0.4341
 106.10 drone1  -0.8861  -0.5204  -1.1497  -0.8794  0.4454
 106.20 drone1  -0.8859  -0.5205  -1.1471  -0.8942  0.4559
 106.30 drone1  -0.8860  -0.5204  -1.1431  -0.9086  0.4656
 106.40 drone1  -0.8860  -0.5204  -1.1376  -0.9226  0.4744
 106.50 drone1  -0.8859  -0.5204  -1.1308  -0.9359  0.4823
 106.60 drone1  -0.8860  -0.5204  -1.1227  -0.9485  0.4892
 106.70 drone1  -0.8860  -0.5204  -1.1133  -0.9603  0.4951
 106.80 drone1  -0.8860  -0.5205  -1.1029  -0.9710  0.5000
 106.90 drone1  -0.8859  -0.5204  -1.0914  -0.9806  0.5041
 107.00 drone1  -0.8860  -0.5203  -1.0790  -0.9891  0.5069
 107.10 drone1  -0.8861  -0.5204  -1.0658  -0.9963  0.5087
 107.20 drone1  -0.8859  -0.5203  -1.0520  -1.0021  0.5096
 107.30 drone1  -0.8861  -0.5203  -1.0377  -1.0065  0.5092
 107.40 drone1  -0.8859  -0.5203  -1.0230  -1.0095  0.5081
 107.50 drone1  -0.8860  -0.5205  -1.0081  -1.0109  0.5054
 107.60 drone1  -0.8858  -0.5202  -0.9931  -1.0111  0.5025
 107.70 drone1  -0.8860  -0.5204  -0.9781  -1.0111  0.4993
 107.80 drone1  -0.8859  -0.5204  -0.9631  -1.0111  0.4968
 107.90 drone1  -0.8859  -0.5204  -0.9481  -1.0111  0.4946
 108.00 drone1  -0.8860  -0.5204  -0.9331  -1.0111  0.4929
 108.10 drone1  -0.8859  -0.5201  -0.9181  -1.0111  0.4921
 108.20 drone1  -0.8860  -0.5206  -0.9031  -1.0111  0.4909
 108.30 drone1  -0.8859  -0.5204  -0.8881  -1.0111  0.4908
 108.40 drone1  -0.8858  -0.5203  -0.8731  -1.0111  0.4909
 108.50 drone1  -0.8857  -0.5202  -0.8581  -1.0111  0.4917
 108.60 drone1  -0.8858  -0.5203  -0.8431  -1.0111  0.4927
 108.70 drone1  -0.8858  -0.5202  -0.8281  -1.0111  0.4943
 108.80 drone1  -0.8861  -0.5205  -0.8131  -1.0111  0.4960
 108.90 drone1  -0.8860  -0.5204  -0.7981  -1.0111  0.4985
 109.00 drone1  -0.8857  -0.5203  -0.7831  -1.0101  0.5004
 109.10 drone1  -0.8861  -0.5205  -0.7683  -1.0076  0.5011
 109.20 drone1  -0.8860  -0.5206  -0.7539  -1.0036  0.5008
 109.30 drone1  -0.8860  -0.5204  -0.7399  -0.9982  0.4996
 109.40 drone1  -0.8860  -0.5204  -0.7265  -0.9914  0.4973
 109.50 drone1  -0.8860  -0.5204  -0.7139  -0.9834  0.4939
 109.60 drone1  -0.8860  -0.5204  -0.7021  -0.9741  0.4895
 109.70 drone1  -0.8860  -0.5204  -0.6913  -0.9637  0.4841
 109.80 drone1  -0.8860  -0.5204  -0.6816  -0.9522  0.4777
 109.90 drone1  -0.8860  -0.5205  -0.6731  -0.9399  0.4704
 110.00 drone1  -0.8860  -0.5205  -0.6659  -0.9267  0.4620
 110.10 drone1  -0.8860  -0.5204  -0.6600  -0.9129  0.4529
 110.20 drone1  -0.8860  -0.5204  -0.6555  -0.8986  0.4429
 110.30 drone1  -0.8860  -0.5204  -0.6525  -0.8839  0.4321
 110.40 drone1  -0.8859  -0.5205  -0.6510  -0.8690  0.4203
 110.50 drone1  -0.8860  -0.5204  -0.6508  -0.8540  0.4082
 110.60 drone1  -0.8859  -0.5205  -0.6508  -0.8390  0.3959
 110.70 drone1  -0.8860  -0.5204  -0.6508  -0.8240  0.3841
 110.80 drone1  -0.8859  -0.5204  -0.6508  -0.8090  0.3722
 110.90 drone1  -0.8860  -0.5205  -0.6508  -0.7940  0.3607
 111.00 drone1  -0.8860  -0.5206  -0.6508  -0.7790  0.3495
 111.10 drone1  -0.8859  -0.5203  -0.6508  -0.7640  0.3387
 111.20 drone1  -0.8859  -0.5203  -0.6508  -0.7490  0.3280
 111.30 drone1  -0.8861  -0.5203  -0.6508  -0.7340  0.3179
 111.40 drone1  -0.8859  -0.5204  -0.6508  -0.7190  0.3078
 111.50 drone1  -0.8860  -0.5204  -0.6508  -0.7040  0.2984
 111.60 drone1  -0.8858  -0.5202  -0.6508  -0.6890  0.2894
 111.70 drone1  -0.8860  -0.5205  -0.6508  -0.6740  0.2808
 111.80 drone1  -0.8860  -0.5203  -0.6508  -0.6590  0.2730
 111.90 drone1  -0.8860  -0.5204  -0.6518  -0.6441  0.2649
 112.00 drone1  -0.8860  -0.5205  -0.6542  -0.6293  0.2561
 112.10 drone1  -0.8860  -0.5204  -0.6581  -0.6148  0.2466
 112.20 drone1  -0.8860  -0.5205  -0.6634  -0.6008  0.2366
 112.30 drone1  -0.8860  -0.5204  -0.6702  -0.5874  0.2260
 112.40 drone1  -0.8859  -0.5203  -0.6782  -0.5747  0.2147
 112.50 drone1  -0.8860  -0.5204  -0.6874  -0.5629  0.2031
 112.60 drone1  -0.8860  -0.5204  -0.6978  -0.5521  0.1908
 112.70 drone1  -0.8858  -0.5202  -0.7092  -0.5423  0.1780
 112.80 drone1  -0.8858  -0.5204  -0.7215  -0.5338  0.1649
 112.90 drone1  -0.8860  -0.5204  -0.7346  -0.5265  0.1515
 113.00 drone1  -0.8861  -0.5205  -0.7484  -0.5206  0.1377
 113.10 drone1  -0.8860  -0.5205  -0.7627  -0.5160  0.1234
 113.20 drone1  -0.8858  -0.5203  -0.7773  -0.5130  0.1087
 113.30 drone1  -0.8860  -0.5204  -0.7922  -0.5114  0.0942
 113.40 drone1  -0.8860  -0.5204  -0.8072  -0.5111  0.0793
 113.50 drone1  -0.8860  -0.5204  -0.8222  -0.5111  0.0644
 113.60 drone1  -0.8860  -0.5204  -0.8372  -0.5111  0.0497
 113.70 drone1  -0.8859  -0.5203  -0.8522  -0.5111  0.0349
 113.80 drone1  -0.8859  -0.5203  -0.8672  -0.5111  0.0208
 113.90 drone1  -0.8857  -0.5202  -0.8822  -0.5111  0.0097
 114.00 drone1  -0.8859  -0.5204  -0.8972  -0.5111  0.0147
 114.10 drone1  -0.8858  -0.5202  -0.9122  -0.5111  0.0279
 114.20 drone1  -0.8859  -0.5205  -0.9272  -0.5111  0.0423
 114.30 drone1  -0.8859  -0.5203  -0.9422  -0.5111  0.0571
 114.40 drone1  -0.8860  -0.5205  -0.9572  -0.5111  0.0718
 114.50 drone1  -0.8860  -0.5204  -0.9722  -0.5111  0.0867
 114.60 drone1  -0.8859  -0.5204  -0.9872  -0.5111  0.1017
 114.70 drone1  -0.8858  -0.5204  -1.0022  -0.5111  0.1168
 114.80 drone1  -0.8857  -0.5201  -1.0172  -0.5120  0.1317
 114.90 drone1  -0.8860  -0.5204  -1.0320  -0.5144  0.1461
 115.00 drone1  -0.8860  -0.5205  -1.0465  -0.5183  0.1605
 115.10 drone1  -0.8860  -0.5205  -1.0605  -0.5235  0.1746
 115.20 drone1  -0.8859  -0.5204  -1.0740  -0.5302  0.1884
 115.30 drone1  -0.8860  -0.5204  -1.0867  -0.5381  0.2015
 115.40 drone1  -0.8858  -0.5204  -1.0985  -0.5473  0.2144
 115.50 drone1  -0.8860  -0.5205  -1.1094  -0.5577  0.2264
 115.60 drone1  -0.8858  -0.5203  -1.1192  -0.5690  0.2384
 115.70 drone1  -0.8859  -0.5201  -1.1278  -0.5813  0.2495
 115.80 drone1  -0.8861  -0.5205  -1.1351  -0.5944  0.2598
 115.90 drone1  -0.8860  -0.5204  -1.1411  -0.6081  0.2698
 116.00 drone1  -0.8858  -0.5202  -1.1457  -0.6224  0.2793
 116.10 drone1  -0.8860  -0.5204  -1.1488  -0.6371  0.2876
 116.20 drone1  -0.8860  -0.5205  -1.1505  -0.6520  0.2954
 116.30 drone1  -0.8858  -0.5202  -1.1508  -0.6670  0.3029
 116.40 drone1  -0.8858  -0.5203  -1.1508  -0.6820  0.3104
 116.50 drone1  -0.8860  -0.5205  -1.1508  -0.6970  0.3182
 116.60 drone1  -0.8860  -0.5206  -1.1508  -0.7120  0.3267
 116.70 drone1  -0.8858  -0.5203  -1.1508  -0.7270  0.3360
 116.80 drone1  -0.8859  -0.5203  -1.1508  -0.7420  0.3454
 116.90 drone1  -0.8858  -0.5202  -1.1508  -0.7570  0.3553
 117.00 drone1  -0.8860  -0.5205  -1.1508  -0.7720  0.3651
 117.10 drone1  -0.8860  -0.5204  -1.1508  -0.7870  0.3757
 117.20 drone1  -0.8858  -0.5203  -1.1508  -0.8020  0.3867
 117.30 drone1  -0.8860  -0.5204  -1.1508  -0.8170  0.3975
 117.40 drone1  -0.8857  -0.5201  -1.1508  -0.8320  0.4093
 117.50 drone1  -0.8860  -0.5203  -1.1508  -0.8470  0.4205
 117.60 drone1  -0.8860  -0.5204  -1.1508  -0.8620  0.4321
 117.70 drone1  -0.8859  -0.5204  -1.1499  -0.8769  0.4436
 117.80 drone1  -0.8860  -0.5204  -1.1476  -0.8917  0.4543
 117.90 drone1  -0.8858  -0.5202  -1.1438  -0.9062  0.4643
 118.00 drone1  -0.8860  -0.5205  -1.1386  -0.9203  0.4729
 118.10 drone1  -0.8860  -0.5204  -1.1320  -0.9338  0.4810
 118.20 drone1  -0.8860  -0.5205  -1.1241  -0.9465  0.4880
 118.30 drone1  -0.8860  -0.5204  -1.1150  -0.9584  0.4942
 118.40 drone1  -0.8859  -0.5203  -1.1047  -0.9693  0.4995
 118.50 drone1  -0.8860  -0.5204  -1.0934  -0.9791  0.5034
 118.60 drone1  -0.8859  -0.5202  -1.0811  -0.9878  0.5067
 118.70 drone1  -0.8861  -0.5205  -1.0681  -0.9952  0.5084
 118.80 drone1  -0.8859  -0.5203  -1.0544  -1.0012  0.5096
 118.90 drone1  -0.8860  -0.5204  -1.0401  -1.0059  0.5093
 119.00 drone1  -0.8860  -0.5204  -1.0254  -1.0091  0.5082
 119.10 drone1  -0.8859  -0.5203  -1.0106  -1.0108  0.5061
 119.20 drone1  -0.8860  -0.5204  -0.9956  -1.0111  0.5028
 119.30 drone1  -0.8860  -0.5204  -0.9806  -1.0111  0.4997
 119.40 drone1  -0.8859  -0.5203  -0.9656  -1.0111  0.4973
 119.50 drone1  -0.8859  -0.5204  -0.9506  -1.0111  0.4949
 119.60 drone1  -0.8859  -0.5204  -0.9356  -1.0111  0.4933
 119.70 drone1  -0.8858  -0.5203  -0.9206  -1.0111  0.4921
 119.80 drone1  -0.8861  -0.5203  -0.9056  -1.0111  0.4912
 119.90 drone1  -0.8860  -0.5204  -0.8906  -1.0111  0.4908
 120.00 drone1  -0.8859  -0.5204  -0.8756  -1.0111  0.4909
 120.10 drone1  -0.8860  -0.5204  -0.8606  -1.0111  0.4913
 120.20 drone1  -0.8862  -0.5204  -0.8456  -1.0111  0.4924
 120.30 drone1  -0.8859  -0.5203  -0.8306  -1.0111  0.4939
 120.40 drone1  -0.8860  -0.5204  -0.8156  -1.0111  0.4957
 120.50 drone1  -0.8857  -0.5201  -0.8006  -1.0111  0.4983
 120.60 drone1  -0.8858  -0.5202  -0.7856  -1.0103  0.5003
 120.70 drone1  -0.8859  -0.5205  -0.7708  -1.0081  0.5010
 120.80 drone1  -0.8859  -0.5203  -0.7562  -1.0044  0.5011
 120.90 drone1  -0.8858  -0.5202  -0.7422  -0.9992  0.5000
 121.00 drone1  -0.8860  -0.5204  -0.7287  -0.9926  0.4978
 121.10 drone1  -0.8860  -0.5204  -0.7159  -0.9848  0.4946
 121.20 drone1  -0.8862  -0.5204  -0.7040  -0.9757  0.4904
 121.30 drone1  -0.8860  -0.5204  -0.6930  -0.9655  0.4851
 121.40 drone1  -0.8859  -0.5205  -0.6831  -0.9542  0.4788
 121.50 drone1  -0.8859  -0.5204  -0.6744  -0.9420  0.4716
 121.60 drone1  -0.8860  -0.5204  -0.6670  -0.9290  0.4635
 121.70 drone1  -0.8860  -0.5206  -0.6609  -0.9153  0.4544
 121.80 drone1  -0.8859  -0.5203  -0.6562  -0.9010  0.4447
 121.90 drone1  -0.8860  -0.5204  -0.6529  -0.8864  0.4339
 122.00 drone1  -0.8860  -0.5205  -0.6511  -0.8715  0.4224
 122.10 drone1  -0.8859  -0.5203  -0.6508  -0.8565  0.4103
 122.20 drone1  -0.8859  -0.5202  -0.6508  -0.8415  0.3981
 122.30 drone1  -0.8859  -0.5203  -0.6508  -0.8265  0.3861
 122.40 drone1  -0.8859  -0.5203  -0.6508  -0.8115  0.3743
 122.50 drone1  -0.8860  -0.5205  -0.6508  -0.7965  0.3626
 122.60 drone1  -0.8858  -0.5202  -0.6508  -0.7815  0.3514
 122.70 drone1  -0.8860  -0.5204  -0.6508  -0.7665  0.3404
 122.80 drone1  -0.8859  -0.5201  -0.6508  -0.7515  0.3299
 122.90 drone1  -0.8859  -0.5203  -0.6508  -0.7365  0.3194
 123.00 drone1  -0.8860  -0.5204  -0.6508  -0.7215  0.3095
 123.10 drone1  -0.8860  -0.5205  -0.6508  -0.7065  0.2999
 123.20 drone1  -0.8858  -0.5202  -0.6508  -0.6915  0.2908
 123.30 drone1  -0.8860  -0.5205  -0.6508  -0.6765  0.2823
 123.40 drone1  -0.8859  -0.5205  -0.6508  -0.6615  0.2742
 123.50 drone1  -0.8859  -0.5202  -0.6515  -0.6465  0.2662
 123.60 drone1  -0.8858  -0.5202  -0.6537  -0.6317  0.2575
 123.70 drone1  -0.8859  -0.5205  -0.6574  -0.6172  0.2482
 123.80 drone1  -0.8860  -0.5205  -0.6625  -0.6031  0.2383
 123.90 drone1  -0.8858  -0.5203  -0.6690  -0.5896  0.2277
 124.00 drone1  -0.8858  -0.5203  -0.6768  -0.5767  0.2165
 124.10 drone1  -0.8860  -0.5205  -0.6858  -0.5648  0.2051
 124.20 drone1  -0.8859  -0.5204  -0.6960  -0.5538  0.1928
 124.30 drone1  -0.8859  -0.5204  -0.7072  -0.5439  0.1802
 124.40 drone1  -0.8859  -0.5203  -0.7194  -0.5351  0.1671
 124.50 drone1  -0.8859  -0.5204  -0.7324  -0.5276  0.1537
 124.60 drone1  -0.8860  -0.5204  -0.7461  -0.5215  0.1399
 124.70 drone1  -0.8860  -0.5205  -0.7603  -0.5167  0.1258
 124.80 drone1  -0.8860  -0.5204  -0.7749  -0.5134  0.1113
 124.90 drone1  -0.8859  -0.5205  -0.7898  -0.5115  0.0966
 125.00 drone1  -0.8860  -0.5204  -0.8048  -0.5111  0.0818
 125.10 drone1  -0.8860  -0.5205  -0.8198  -0.5111  0.0669
 125.20 drone1  -0.8860  -0.5204  -0.8348  -0.5111  0.0521
 125.30 drone1  -0.8860  -0.5205  -0.8498  -0.5111  0.0374
 125.40 drone1  -0.8859  -0.5203  -0.8648  -0.5111  0.0230
 125.50 drone1  -0.8857  -0.5203  -0.8798  -0.5111  0.0110
 125.60 drone1  -0.8859  -0.5204  -0.8948  -0.5111  0.0128
 125.70 drone1  -0.8859  -0.5204  -0.9098  -0.5111  0.0256
 125.80 drone1  -0.8860  -0.5204  -0.9248  -0.5111  0.0399
 125.90 drone1  -0.8861  -0.5204  -0.9398  -0.5111  0.0545
 126.00 drone1  -0.8860  -0.5205  -0.9548  -0.5111  0.0694
 126.10 drone1  -0.8857  -0.5202  -0.9698  -0.5111  0.0845
 126.20 drone1  -0.8860  -0.5204  -0.9848  -0.5111  0.0992
 126.30 drone1  -0.8860  -0.5205  -0.9998  -0.5111  0.1141
 126.40 drone1  -0.8860  -0.5205  -1.0147  -0.5118  0.1290
 126.50 drone1  -0.8858  -0.5202  -1.0296  -0.5139  0.1439
 126.60 drone1  -0.8860  -0.5205  -1.0441  -0.5175  0.1581
 126.70 drone1  -0.8860  -0.5206  -1.0583  -0.5226  0.1723
 126.80 drone1  -0.8859  -0.5205  -1.0718  -0.5290  0.1861
 126.90 drone1  -0.8860  -0.5205  -1.0846  -0.5367  0.1993
 127.00 drone1  -0.8860  -0.5204  -1.0966  -0.5457  0.2121
 127.10 drone1  -0.8860  -0.5204  -1.1077  -0.5559  0.2245
 127.20 drone1  -0.8860  -0.5204  -1.1176  -0.5671  0.2363
 127.30 drone1  -0.8859  -0.5205  -1.1265  -0.5792  0.2476
 127.40 drone1  -0.8859  -0.5205  -1.1340  -0.5922  0.2582
 127.50 drone1  -0.8860  -0.5204  -1.1402  -0.6058  0.2682
 127.60 drone1  -0.8861  -0.5204  -1.1450  -0.6200  0.2774
 127.70 drone1  -0.8858  -0.5202  -1.1484  -0.6346  0.2865
 127.80 drone1  -0.8860  -0.5205  -1.1503  -0.6495  0.2941
 127.90 drone1  -0.8860  -0.5204  -1.1508  -0.6645  0.3014
 128.00 drone1  -0.8860  -0.5204  -1.1508  -0.6795  0.3089
 128.10 drone1  -0.8860  -0.5204  -1.1508  -0.6945  0.3169
 128.20 drone1  -0.8858  -0.5202  -1.1508  -0.7095  0.3256
 128.30 drone1  -0.8860  -0.5205  -1.1508  -0.7245  0.3343
 128.40 drone1  -0.8860  -0.5205  -1.1508  -0.7395  0.3436
 128.50 drone1  -0.8858  -0.5202  -1.1508  -0.7545  0.3537
 128.60 drone1  -0.8860  -0.5205  -1.1508  -0.7695  0.3634
 128.70 drone1  -0.8860  -0.5204  -1.1508  -0.7845  0.3740
 128.80 drone1  -0.8860  -0.5205  -1.1508  -0.7995  0.3846
 128.90 drone1  -0.8857  -0.5202  -1.1508  -0.8145  0.3960
 129.00 drone1  -0.8860  -0.5204  -1.1508  -0.8295  0.4069
 129.10 drone1  -0.8858  -0.5203  -1.1508  -0.8445  0.4187
 129.20 drone1  -0.8860  -0.5205  -1.1508  -0.8595  0.4302
 129.30 drone1  -0.8859  -0.5204  -1.1502  -0.8745  0.4418
 129.40 drone1  -0.8857  -0.5201  -1.1481  -0.8893  0.4529
 129.50 drone1  -0.8858  -0.5203  -1.1446  -0.9039  0.4627
 129.60 drone1  -0.8860  -0.5205  -1.1396  -0.9180  0.4715
 129.70 drone1  -0.8858  -0.5202  -1.1332  -0.9316  0.4800
 129.80 drone1  -0.8860  -0.5204  -1.1255  -0.9445  0.4870
 129.90 drone1  -0.8860  -0.5206  -1.1166  -0.9565  0.4931
 130.00 drone1  -0.8860  -0.5204  -1.1065  -0.9676  0.4986
 130.10 drone1  -0.8859  -0.5205  -1.0953  -0.9776  0.5027
 130.20 drone1  -0.8859  -0.5203  -1.0832  -0.9864  0.5062
 130.30 drone1  -0.8859  -0.5203  -1.0703  -0.9940  0.5084
 130.40 drone1  -0.8860  -0.5204  -1.0567  -1.0003  0.5093
 130.50 drone1  -0.8858  -0.5202  -1.0425  -1.0052  0.5097
 130.60 drone1  -0.8858  -0.5202  -1.0279  -1.0086  0.5087
 130.70 drone1  -0.8858  -0.5202  -1.0130  -1.0106  0.5066
 130.80 drone1  -0.8860  -0.5206  -0.9980  -1.0111  0.5032
 130.90 drone1  -0.8860  -0.5205  -0.9830  -1.0111  0.5002
 131.00 drone1  -0.8859  -0.5202  -0.9680  -1.0111  0.4977
 131.10 drone1  -0.8859  -0.5205  -0.9530  -1.0111  0.4952
 131.20 drone1  -0.8860  -0.5205  -0.9380  -1.0111  0.4934
 131.30 drone1  -0.8857  -0.5201  -0.9230  -1.0111  0.4924
 131.40 drone1  -0.8859  -0.5203  -0.9080  -1.0111  0.4913
 131.50 drone1  -0.8858  -0.5202  -0.8930  -1.0111  0.4910
 131.60 drone1  -0.8857  -0.5202  -0.8780  -1.0111  0.4910
 131.70 drone1  -0.8860  -0.5205  -0.8630  -1.0111  0.4912
 131.80 drone1  -0.8858  -0.5203  -0.8480  -1.0111  0.4923
 131.90 drone1  -0.8858  -0.5202  -0.8330  -1.0111  0.4937
 132.00 drone1  -0.8860  -0.5204  -0.8180  -1.0111  0.4954
 132.10 drone1  -0.8857  -0.5202  -0.8030  -1.0111  0.4978
 132.20 drone1  -0.8860  -0.5205  -0.7881  -1.0106  0.4998
 132.30 drone1  -0.8859  -0.5203  -0.7732  -1.0086  0.5011
 132.40 drone1  -0.8859  -0.5203  -0.7586  -1.0051  0.5012
 132.50 drone1  -0.8859  -0.5203  -0.7445  -1.0001  0.5002
 132.60 drone1  -0.8860  -0.5204  -0.7309  -0.9938  0.4981
 132.70 drone1  -0.8860  -0.5205  -0.7180  -0.9862  0.4951
 132.80 drone1  -0.8859  -0.5203  -0.7059  -0.9773  0.4912
 132.90 drone1  -0.8860  -0.5205  -0.6948  -0.9672  0.4860
 133.00 drone1  -0.8858  -0.5202  -0.6847  -0.9561  0.4801
 133.10 drone1  -0.8859  -0.5205  -0.6758  -0.9440  0.4728
 133.20 drone1  -0.8860  -0.5205  -0.6681  -0.9312  0.4649
 133.30 drone1  -0.8860  -0.5205  -0.6618  -0.9176  0.4560
 133.40 drone1  -0.8861  -0.5205  -0.6569  -0.9034  0.4463
 133.50 drone1  -0.8857  -0.5202  -0.6534  -0.8888  0.4358
 133.60 drone1  -0.8859  -0.5204  -0.6513  -0.8740  0.4243
 133.70 drone1  -0.8858  -0.5202  -0.6508  -0.8590  0.4123
 133.80 drone1  -0.8860  -0.5204  -0.6508  -0.8440  0.4000
 133.90 drone1  -0.8857  -0.5203  -0.6508  -0.8290  0.3880
 134.00 drone1  -0.8860  -0.5205  -0.6508  -0.8140  0.3762
 134.10 drone1  -0.8860  -0.5204  -0.6508  -0.7990  0.3646
 134.20 drone1  -0.8860  -0.5205  -0.6508  -0.7840  0.3532
 134.30 drone1  -0.8857  -0.5202  -0.6508  -0.7690  0.3422
 134.40 drone1  -0.8860  -0.5204  -0.6508  -0.7540  0.3315
 134.50 drone1  -0.8858  -0.5203  -0.6508  -0.7390  0.3211
 134.60 drone1  -0.8859  -0.5205  -0.6508  -0.7240  0.3110
 134.70 drone1  -0.8860  -0.5205  -0.6508  -0.7090  0.3015
 134.80 drone1  -0.8860  -0.5205  -0.6508  -0.6940  0.2922
 134.90 drone1  -0.8860  -0.5204  -0.6508  -0.6790  0.2837
 135.00 drone1  -0.8858  -0.5204  -0.6508  -0.6640  0.2754
 135.10 drone1  -0.8860  -0.5205  -0.6513  -0.6490  0.2676
 135.20 drone1  -0.8857  -0.5202  -0.6532  -0.6341  0.2589
 135.30 drone1  -0.8859  -0.5205  -0.6567  -0.6195  0.2497
 135.40 drone1  -0.8860  -0.5204  -0.6615  -0.6054  0.2400
 135.50 drone1  -0.8857  -0.5202  -0.6678  -0.5917  0.2294
 135.60 drone1  -0.8858  -0.5202  -0.6754  -0.5788  0.2184
 135.70 drone1  -0.8860  -0.5204  -0.6842  -0.5667  0.2070
 135.80 drone1  -0.8860  -0.5204  -0.6942  -0.5555  0.1949
 135.90 drone1  -0.8860  -0.5204  -0.7053  -0.5454  0.1824
 136.00 drone1  -0.8861  -0.5203  -0.7173  -0.5365  0.1695
 136.10 drone1  -0.8860  -0.5205  -0.7302  -0.5288  0.1560
 136.20 drone1  -0.8860  -0.5205  -0.7438  -0.5224  0.1423
 136.30 drone1  -0.8859  -0.5203  -0.7579  -0.5174  0.1281
 136.40 drone1  -0.8858  -0.5202  -0.7725  -0.5138  0.1135
 136.50 drone1  -0.8858  -0.5203  -0.7873  -0.5117  0.0989
 136.60 drone1  -0.8859  -0.5202  -0.8023  -0.5111  0.0841
 136.70 drone1  -0.8857  -0.5201  -0.8173  -0.5111  0.0690
 136.80 drone1  -0.8858  -0.5203  -0.8323  -0.5111  0.0543
 136.90 drone1  -0.8858  -0.5203  -0.8473  -0.5111  0.0396
 137.00 drone1  -0.8858  -0.5202  -0.8623  -0.5111  0.0252
 137.10 drone1  -0.8860  -0.5205  -0.8773  -0.5111  0.0128
 137.20 drone1  -0.8858  -0.5203  -0.8923  -0.5111  0.0112
 137.30 drone1  -0.8858  -0.5203  -0.9073  -0.5111  0.0233
 137.40 drone1  -0.8861  -0.5205  -0.9223  -0.5111  0.0374
 137.50 drone1  -0.8860  -0.5205  -0.9373  -0.5111  0.0521
 137.60 drone1  -0.8859  -0.5204  -0.9523  -0.5111  0.0670
 137.70 drone1  -0.8859  -0.5203  -0.9673  -0.5111  0.0819
 137.80 drone1  -0.8858  -0.5201  -0.9823  -0.5111  0.0969
 137.90 drone1  -0.8860  -0.5203  -0.9973  -0.5111  0.1116
 138.00 drone1  -0.8858  -0.5203  -1.0123  -0.5116  0.1268
 138.10 drone1  -0.8857  -0.5201  -1.0271  -0.5135  0.1416
 138.20 drone1  -0.8859  -0.5203  -1.0418  -0.5168  0.1559
 138.30 drone1  -0.8860  -0.5205  -1.0560  -0.5216  0.1700
 138.40 drone1  -0.8858  -0.5203  -1.0696  -0.5278  0.1839
 138.50 drone1  -0.8860  -0.5205  -1.0826  -0.5354  0.1971
 138.60 drone1  -0.8860  -0.5204  -1.0947  -0.5442  0.2101
 138.70 drone1  -0.8857  -0.5202  -1.1059  -0.5541  0.2228
 138.80 drone1  -0.8860  -0.5203  -1.1161  -0.5652  0.2344
 138.90 drone1  -0.8860  -0.5205  -1.1251  -0.5772  0.2457
 139.00 drone1  -0.8859  -0.5204  -1.1328  -0.5900  0.2565
 139.10 drone1  -0.8860  -0.5205  -1.1393  -0.6035  0.2665
 139.20 drone1  -0.8859  -0.5203  -1.1443  -0.6176  0.2762
 139.30 drone1  -0.8860  -0.5204  -1.1480  -0.6322  0.2848
 139.40 drone1  -0.8860  -0.5205  -1.1501  -0.6470  0.2929
 139.50 drone1  -0.8860  -0.5204  -1.1508  -0.6620  0.3003
 139.60 drone1  -0.8858  -0.5203  -1.1508  -0.6770  0.3078
 139.70 drone1  -0.8858  -0.5203  -1.1508  -0.6920  0.3157
 139.80 drone1  -0.8860  -0.5205  -1.1508  -0.7070  0.3239
 139.90 drone1  -0.8860  -0.5205  -1.1508  -0.7220  0.3328
 140.00 drone1  -0.8860  -0.5205  -1.1508  -0.7370  0.3420
 140.10 drone1  -0.8860  -0.5204  -1.1508  -0.7520  0.3518
 140.20 drone1  -0.8860  -0.5204  -1.1508  -0.7670  0.3619
 140.30 drone1  -0.8860  -0.5204  -1.1508  -0.7820  0.3722
 140.40 drone1  -0.8860  -0.5204  -1.1508  -0.7970  0.3829
 140.50 drone1  -0.8859  -0.5204  -1.1508  -0.8120  0.3939
 140.60 drone1  -0.8858  -0.5203  -1.1508  -0.8270  0.4053
 140.70 drone1  -0.8860  -0.5205  -1.1508  -0.8420  0.4165
 140.80 drone1  -0.8858  -0.5204  -1.1508  -0.8570  0.4283
 140.90 drone1  -0.8860  -0.5206  -1.1504  -0.8720  0.4398
 141.00 drone1  -0.8859  -0.5204  -1.1486  -0.8869  0.4509
 141.10 drone1  -0.8860  -0.5205  -1.1452  -0.9015  0.4608
 141.20 drone1  -0.8860  -0.5205  -1.1405  -0.9157  0.4700
 141.30 drone1  -0.8858  -0.5203  -1.1343  -0.9294  0.4787
 141.40 drone1  -0.8860  -0.5205  -1.1269  -0.9424  0.4858
 141.50 drone1  -0.8860  -0.5205  -1.1181  -0.9546  0.4923
 141.60 drone1  -0.8857  -0.5203  -1.1082  -0.9658  0.4980
 141.70 drone1  -0.8859  -0.5203  -1.0972  -0.9760  0.5023
 141.80 drone1  -0.8858  -0.5202  -1.0853  -0.9851  0.5058
 141.90 drone1  -0.8859  -0.5203  -1.0725  -0.9929  0.5081
 142.00 drone1  -0.8860  -0.5206  -1.0589  -0.9994  0.5090
 142.10 drone1  -0.8859  -0.5204  -1.0449  -1.0045  0.5095
 142.20 drone1  -0.8860  -0.5204  -1.0303  -1.0082  0.5087
 142.30 drone1  -0.8860  -0.5204  -1.0155  -1.0104  0.5068
 142.40 drone1  -0.8860  -0.5205  -1.0005  -1.0111  0.5038
 142.50 drone1  -0.8860  -0.5205  -0.9855  -1.0111  0.5006
 142.60 drone1  -0.8861  -0.5203  -0.9705  -1.0111  0.4981
 142.70 drone1  -0.8859  -0.5205  -0.9555  -1.0111  0.4955
 142.80 drone1  -0.8860  -0.5205  -0.9405  -1.0111  0.4937
 142.90 drone1  -0.8858  -0.5203  -0.9255  -1.0111  0.4924
 143.00 drone1  -0.8859  -0.5204  -0.9105  -1.0111  0.4914
 143.10 drone1  -0.8860  -0.5205  -0.8955  -1.0111  0.4907
 143.20 drone1  -0.8860  -0.5204  -0.8805  -1.0111  0.4907
 143.30 drone1  -0.8860  -0.5204  -0.8655  -1.0111  0.4911
 143.40 drone1  -0.8857  -0.5203  -0.8505  -1.0111  0.4921
 143.50 drone1  -0.8857  -0.5202  -0.8355  -1.0111  0.4935
 143.60 drone1  -0.8860  -0.5204  -0.8205  -1.0111  0.4950
 143.70 drone1  -0.8859  -0.5204  -0.8055  -1.0111  0.4973
 143.80 drone1  -0.8859  -0.5204  -0.7905  -1.0108  0.4996
 143.90 drone1  -0.8859  -0.5203  -0.7756  -1.0090  0.5009
 144.00 drone1  -0.8860  -0.5205  -0.7610  -1.0057  0.5011
 144.10 drone1  -0.8859  -0.5204  -0.7468  -1.0010  0.5004
 144.20 drone1  -0.8860  -0.5205  -0.7331  -0.9950  0.4985
 144.30 drone1  -0.8857  -0.5201  -0.7200  -0.9875  0.4959
 144.40 drone1  -0.8857  -0.5202  -0.7078  -0.9788  0.4919
 144.50 drone1  -0.8859  -0.5202  -0.6965  -0.9690  0.4871
 144.60 drone1  -0.8859  -0.5203  -0.6863  -0.9580  0.4810
 144.70 drone1  -0.8858  -0.5203  -0.6772  -0.9461  0.4742
 144.80 drone1  -0.8859  -0.5204  -0.6693  -0.9333  0.4663
 144.90 drone1  -0.8859  -0.5204  -0.6628  -0.9199  0.4576
 145.00 drone1  -0.8859  -0.5205  -0.6576  -0.9058  0.4479
 145.10 drone1  -0.8857  -0.5201  -0.6538  -0.8913  0.4376
 145.20 drone1  -0.8859  -0.5204  -0.6516  -0.8764  0.4262
 145.30 drone1  -0.8857  -0.5202  -0.6508  -0.8615  0.4143
 145.40 drone1  -0.8858  -0.5203  -0.6508  -0.8465  0.4021
 145.50 drone1  -0.8857  -0.5202  -0.6508  -0.8315  0.3900
 145.60 drone1  -0.8858  -0.5204  -0.6508  -0.8165  0.3781
 145.70 drone1  -0.8858  -0.5202  -0.6508  -0.8015  0.3665
 145.80 drone1  -0.8859  -0.5204  -0.6508  -0.7865  0.3551
 145.90 drone1  -0.8857  -0.5202  -0.6508  -0.7715  0.3440
 146.00 drone1  -0.8857  -0.5202  -0.6508  -0.7565  0.3332
 146.10 drone1  -0.8858  -0.5202  -0.6508  -0.7415  0.3228
 146.20 drone1  -0.8861  -0.5204  -0.6508  -0.7265  0.3128
 146.30 drone1  -0.8857  -0.5203  -0.6508  -0.7115  0.3029
 146.40 drone1  -0.8859  -0.5204  -0.6508  -0.6965  0.2938
 146.50 drone1  -0.8858  -0.5203  -0.6508  -0.6815  0.2850
 146.60 drone1  -0.8859  -0.5204  -0.6508  -0.6665  0.2768
 146.70 drone1  -0.8859  -0.5204  -0.6511  -0.6515  0.2689
 146.80 drone1  -0.8858  -0.5203  -0.6528  -0.6366  0.2604
 146.90 drone1  -0.8857  -0.5202  -0.6560  -0.6219  0.2513
 147.00 drone1  -0.8858  -0.5203  -0.6606  -0.6077  0.2416
 147.10 drone1  -0.8860  -0.5205  -0.6667  -0.5939  0.2313
 147.20 drone1  -0.8857  -0.5201  -0.6740  -0.5809  0.2202
 147.30 drone1  -0.8857  -0.5202  -0.6827  -0.5686  0.2087
 147.40 drone1  -0.8857  -0.5203  -0.6925  -0.5573  0.1967
 147.50 drone1  -0.8858  -0.5202  -0.7034  -0.5470  0.1844
 147.60 drone1  -0.8857  -0.5202  -0.7153  -0.5379  0.1714
 147.70 drone1  -0.8858  -0.5202  -0.7280  -0.5299  0.1581
 147.80 drone1  -0.8859  -0.5203  -0.7415  -0.5233  0.1444
 147.90 drone1  -0.8857  -0.5203  -0.7555  -0.5181  0.1302
 148.00 drone1  -0.8858  -0.5201  -0.7700  -0.5143  0.1160
 148.10 drone1  -0.8858  -0.5203  -0.7848  -0.5120  0.1013
 148.20 drone1  -0.8858  -0.5203  -0.7998  -0.5111  0.0865
 148.30 drone1  -0.8860  -0.5204  -0.8148  -0.5111  0.0718
 148.40 drone1  -0.8858  -0.5202  -0.8298  -0.5111  0.0567
 148.50 drone1  -0.8859  -0.5203  -0.8448  -0.5111  0.0421
 148.60 drone1  -0.8857  -0.5202  -0.8598  -0.5111  0.0275
 148.70 drone1  -0.8859  -0.5202  -0.8748  -0.5111  0.0144
 148.80 drone1  -0.8858  -0.5204  -0.8898  -0.5111  0.0101
 148.90 drone1  -0.8859  -0.5204  -0.9048  -0.5111  0.0211
 149.00 drone1  -0.8859  -0.5203  -0.9198  -0.5111  0.0352
 149.10 drone1  -0.8858  -0.5204  -0.9348  -0.5111  0.0499
 149.20 drone1  -0.8859  -0.5204  -0.9498  -0.5111  0.0646
 149.30 drone1  -0.8857  -0.5202  -0.9648  -0.5111  0.0796
 149.40 drone1  -0.8858  -0.5204  -0.9798  -0.5111  0.0944
 149.50 drone1  -0.8860  -0.5205  -0.9948  -0.5111  0.1092
 149.60 drone1  -0.8860  -0.5205  -1.0098  -0.5114  0.1241
 149.70 drone1  -0.8857  -0.5204  -1.0247  -0.5130  0.1392
 149.80 drone1  -0.8858  -0.5203  -1.0394  -0.5162  0.1536
 149.90 drone1  -0.8860  -0.5207  -1.0536  -0.5207  0.1677
 150.00 drone1  -0.8858  -0.5203  -1.0674  -0.5267  0.1817
 150.10 drone1  -0.8860  -0.5205  -1.0805  -0.5340  0.1950
 150.20 drone1  -0.8859  -0.5204  -1.0928  -0.5426  0.2080
 150.30 drone1  -0.8859  -0.5206  -1.1041  -0.5524  0.2205
 150.40 drone1  -0.8859  -0.5204  -1.1145  -0.5633  0.2325
 150.50 drone1  -0.8858  -0.5202  -1.1237  -0.5751  0.2442
 150.60 drone1  -0.8860  -0.5204  -1.1316  -0.5878  0.2547
 150.70 drone1  -0.8860  -0.5205  -1.1383  -0.6012  0.2649
 150.80 drone1  -0.8860  -0.5204  -1.1436  -0.6153  0.2745
 150.90 drone1  -0.8860  -0.5204  -1.1475  -0.6298  0.2835
 151.00 drone1  -0.8859  -0.5204  -1.1499  -0.6446  0.2917
 151.10 drone1  -0.8857  -0.5203  -1.1508  -0.6595  0.2994
 151.20 drone1  -0.8860  -0.5204  -1.1508  -0.6745  0.3063
 151.30 drone1  -0.8860  -0.5205  -1.1508  -0.6895  0.3141
 151.40 drone1  -0.8858  -0.5203  -1.1508  -0.7045  0.3227
 151.50 drone1  -0.8859  -0.5204  -1.1508  -0.7195  0.3314
 151.60 drone1  -0.8860  -0.5205  -1.1508  -0.7345  0.3405
 151.70 drone1  -0.8860  -0.5205  -1.1508  -0.7495  0.3501
 151.80 drone1  -0.8860  -0.5205  -1.1508  -0.7645  0.3601
 151.90 drone1  -0.8859  -0.5203  -1.1508  -0.7795  0.3707
 152.00 drone1  -0.8860  -0.5205  -1.1508  -0.7945  0.3811
 152.10 drone1  -0.8859  -0.5205  -1.1508  -0.8095  0.3920
 152.20 drone1  -0.8859  -0.5204  -1.1508  -0.8245  0.4033
 152.30 drone1  -0.8860  -0.5205  -1.1508  -0.8395  0.4146
 152.40 drone1  -0.8857  -0.5203  -1.1508  -0.8545  0.4266
 152.50 drone1  -0.8858  -0.5202  -1.1505  -0.8695  0.4383
 152.60 drone1  -0.8857  -0.5203  -1.1490  -0.8844  0.4493
 152.70 drone1  -0.8859  -0.5204  -1.1459  -0.8991  0.4594
 152.80 drone1  -0.8858  -0.5203  -1.1414  -0.9134  0.4689
 152.90 drone1  -0.8857  -0.5202  -1.1355  -0.9272  0.4775
 153.00 drone1  -0.8859  -0.5203  -1.1282  -0.9403  0.4849
 153.10 drone1  -0.8860  -0.5205  -1.1196  -0.9526  0.4913
 153.20 drone1  -0.8857  -0.5204  -1.1099  -0.9640  0.4970
 153.30 drone1  -0.8857  -0.5203  -1.0991  -0.9744  0.5018
 153.40 drone1  -0.8860  -0.5203  -1.0873  -0.9837  0.5052
 153.50 drone1  -0.8859  -0.5204  -1.0746  -0.9917  0.5076
 153.60 drone1  -0.8858  -0.5203  -1.0612  -0.9984  0.5093
 153.70 drone1  -0.8858  -0.5203  -1.0472  -1.0037  0.5097
 153.80 drone1  -0.8857  -0.5202  -1.0327  -1.0077  0.5092
 153.90 drone1  -0.8858  -0.5204  -1.0180  -1.0101  0.5073
 154.00 drone1  -0.8860  -0.5205  -1.0030  -1.0111  0.5044
 154.10 drone1  -0.8860  -0.5205  -0.9880  -1.0111  0.5012
 154.20 drone1  -0.8858  -0.5203  -0.9730  -1.0111  0.4985
 154.30 drone1  -0.8858  -0.5203  -0.9580  -1.0111  0.4961
 154.40 drone1  -0.8860  -0.5205  -0.9430  -1.0111  0.4940
 154.50 drone1  -0.8858  -0.5203  -0.9280  -1.0111  0.4926
 154.60 drone1  -0.8859  -0.5202  -0.9130  -1.0111  0.4917
 154.70 drone1  -0.8860  -0.5205  -0.8980  -1.0111  0.4908
 154.80 drone1  -0.8858  -0.5203  -0.8830  -1.0111  0.4908
 154.90 drone1  -0.8858  -0.5203  -0.8680  -1.0111  0.4911
 155.00 drone1  -0.8858  -0.5204  -0.8530  -1.0111  0.4918
 155.10 drone1  -0.8860  -0.5205  -0.8380  -1.0111  0.4930
 155.20 drone1  -0.8861  -0.5202  -0.8230  -1.0111  0.4949
 155.30 drone1  -0.8859  -0.5204  -0.8080  -1.0111  0.4969
 155.40 drone1  -0.8860  -0.5205  -0.7930  -1.0109  0.4992
 155.50 drone1  -0.8858  -0.5203  -0.7781  -1.0094  0.5008
 155.60 drone1  -0.8859  -0.5205  -0.7634  -1.0064  0.5010
 155.70 drone1  -0.8858  -0.5204  -0.7491  -1.0019  0.5006
 155.80 drone1  -0.8860  -0.5205  -0.7353  -0.9961  0.4989
 155.90 drone1  -0.8859  -0.5204  -0.7221  -0.9888  0.4962
 156.00 drone1  -0.8857  -0.5203  -0.7098  -0.9804  0.4926
 156.10 drone1  -0.8860  -0.5206  -0.6983  -0.9707  0.4876
 156.20 drone1  -0.8858  -0.5203  -0.6879  -0.9599  0.4821
 156.30 drone1  -0.8857  -0.5202  -0.6786  -0.9481  0.4754
 156.40 drone1  -0.8857  -0.5202  -0.6705  -0.9355  0.4677
 156.50 drone1  -0.8858  -0.5203  -0.6637  -0.9221  0.4591
 156.60 drone1  -0.8858  -0.5203  -0.6583  -0.9081  0.4496
 156.70 drone1  -0.8858  -0.5201  -0.6544  -0.8937  0.4395
 156.80 drone1  -0.8858  -0.5204  -0.6518  -0.8789  0.4281
 156.90 drone1  -0.8858  -0.5203  -0.6508  -0.8639  0.4163
 157.00 drone1  -0.8858  -0.5202  -0.6508  -0.8489  0.4041
 157.10 drone1  -0.8859  -0.5204  -0.6508  -0.8339  0.3919
 157.20 drone1  -0.8860  -0.5205  -0.6508  -0.8189  0.3800
 157.30 drone1  -0.8857  -0.5202  -0.6508  -0.8039  0.3684
 157.40 drone1  -0.8858  -0.5202  -0.6508  -0.7889  0.3570
 157.50 drone1  -0.8858  -0.5204  -0.6508  -0.7739  0.3458
 157.60 drone1  -0.8860  -0.5205  -0.6508  -0.7589  0.3349
 157.70 drone1  -0.8860  -0.5204  -0.6508  -0.7439  0.3246
 157.80 drone1  -0.8858  -0.5204  -0.6508  -0.7289  0.3142
 157.90 drone1  -0.8859  -0.5202  -0.6508  -0.7139  0.3047
 158.00 drone1  -0.8860  -0.5205  -0.6508  -0.6989  0.2952
 158.10 drone1  -0.8859  -0.5203  -0.6508  -0.6839  0.2864
 158.20 drone1  -0.8858  -0.5203  -0.6508  -0.6689  0.2781
 158.30 drone1  -0.8857  -0.5202  -0.6510  -0.6539  0.2702
 158.40 drone1  -0.8859  -0.5204  -0.6524  -0.6390  0.2619
 158.50 drone1  -0.8859  -0.5203  -0.6554  -0.6243  0.2529
 158.60 drone1  -0.8857  -0.5201  -0.6598  -0.6100  0.2431
 158.70 drone1  -0.8858  -0.5202  -0.6656  -0.5962  0.2329
 158.80 drone1  -0.8859  -0.5203  -0.6727  -0.5830  0.2222
 158.90 drone1  -0.8860  -0.5205  -0.6812  -0.5706  0.2109
 159.00 drone1  -0.8861  -0.5204  -0.6908  -0.5591  0.1991
 159.10 drone1  -0.8860  -0.5204  -0.7015  -0.5486  0.1866
 159.20 drone1  -0.8858  -0.5204  -0.7133  -0.5393  0.1736
 159.30 drone1  -0.8860  -0.5204  -0.7259  -0.5312  0.1605
 159.40 drone1  -0.8860  -0.5205  -0.7392  -0.5243  0.1468
 159.50 drone1  -0.8860  -0.5207  -0.7532  -0.5189  0.1328
 159.60 drone1  -0.8859  -0.5207  -0.7676  -0.5148  0.1185
 159.70 drone1  -0.8859  -0.5204  -0.7824  -0.5122  0.1038
 159.80 drone1  -0.8858  -0.5202  -0.7973  -0.5112  0.0889
 159.90 drone1  -0.8859  -0.5203  -0.8123  -0.5111  0.0741
 160.00 drone1  -0.8858  -0.5203  -0.8273  -0.5111  0.0592
 160.10 drone1  -0.8859  -0.5204  -0.8423  -0.5111  0.0445
 160.20 drone1  -0.8857  -0.5203  -0.8573  -0.5111  0.0298
 160.30 drone1  -0.8859  -0.5204  -0.8723  -0.5111  0.0165
 160.40 drone1  -0.8859  -0.5203  -0.8873  -0.5111  0.0093
 160.50 drone1  -0.8859  -0.5204  -0.9023  -0.5111  0.0189
 160.60 drone1  -0.8860  -0.5205  -0.9173  -0.5111  0.0327
 160.70 drone1  -0.8860  -0.5204  -0.9323  -0.5111  0.0473
 160.80 drone1  -0.8859  -0.5204  -0.9473  -0.5111  0.0621
 160.90 drone1  -0.8860  -0.5205  -0.9623  -0.5111  0.0769
 161.00 drone1  -0.8858  -0.5203  -0.9773  -0.5111  0.0920
 161.10 drone1  -0.8858  -0.5203  -0.9923  -0.5111  0.1069
 161.20 drone1  -0.8859  -0.5204  -1.0073  -0.5113  0.1218
 161.30 drone1  -0.8859  -0.5204  -1.0223  -0.5127  0.1366
 161.40 drone1  -0.8859  -0.5204  -1.0370  -0.5155  0.1512
 161.50 drone1  -0.8860  -0.5205  -1.0513  -0.5199  0.1653
 161.60 drone1  -0.8860  -0.5204  -1.0652  -0.5256  0.1792
 161.70 drone1  -0.8859  -0.5204  -1.0784  -0.5327  0.1929
 161.80 drone1  -0.8860  -0.5205  -1.0908  -0.5411  0.2058
 161.90 drone1  -0.8860  -0.5205  -1.1023  -0.5507  0.2184
 162.00 drone1  -0.8858  -0.5204  -1.1128  -0.5614  0.2307
 162.10 drone1  -0.8858  -0.5204  -1.1222  -0.5731  0.2422
 162.20 drone1  -0.8860  -0.5205  -1.1304  -0.5857  0.2530
 162.30 drone1  -0.8858  -0.5200  -1.1373  -0.5990  0.2636
 162.40 drone1  -0.8858  -0.5203  -1.1428  -0.6129  0.2732
 162.50 drone1  -0.8857  -0.5203  -1.1469  -0.6273  0.2823
 162.60 drone1  -0.8859  -0.5206  -1.1496  -0.6421  0.2903
 162.70 drone1  -0.8860  -0.5204  -1.1507  -0.6570  0.2979
 162.80 drone1  -0.8858  -0.5204  -1.1508  -0.6720  0.3053
 162.90 drone1  -0.8857  -0.5201  -1.1508  -0.6870  0.3132
 163.00 drone1  -0.8859  -0.5203  -1.1508  -0.7020  0.3212
 163.10 drone1  -0.8858  -0.5203  -1.1508  -0.7170  0.3300
 163.20 drone1  -0.8858  -0.5203  -1.1508  -0.7320  0.3392
 163.30 drone1  -0.8859  -0.5204  -1.1508  -0.7470  0.3486
 163.40 drone1  -0.8858  -0.5203  -1.1508  -0.7620  0.3586
 163.50 drone1  -0.8857  -0.5203  -1.1508  -0.7770  0.3690
 163.60 drone1  -0.8859  -0.5204  -1.1508  -0.7920  0.3794
 163.70 drone1  -0.8859  -0.5204  -1.1508  -0.8070  0.3903
 163.80 drone1  -0.8858  -0.5203  -1.1508  -0.8220  0.4015
 163.90 drone1  -0.8860  -0.5204  -1.1508  -0.8370  0.4128
 164.00 drone1  -0.8860  -0.5204  -1.1508  -0.8520  0.4244
 164.10 drone1  -0.8859  -0.5206  -1.1507  -0.8670  0.4360
 164.20 drone1  -0.8857  -0.5202  -1.1493  -0.8820  0.4477
 164.30 drone1  -0.8858  -0.5203  -1.1465  -0.8967  0.4579
 164.40 drone1  -0.8860  -0.5205  -1.1422  -0.9111  0.4671
 164.50 drone1  -0.8860  -0.5206  -1.1365  -0.9249  0.4757
 164.60 drone1  -0.8860  -0.5203  -1.1295  -0.9382  0.4836
 164.70 drone1  -0.8857  -0.5202  -1.1211  -0.9506  0.4906
 164.80 drone1  -0.8860  -0.5205  -1.1116  -0.9622  0.4960
 164.90 drone1  -0.8859  -0.5205  -1.1010  -0.9728  0.5008
 165.00 drone1  -0.8857  -0.5203  -1.0893  -0.9822  0.5048
 165.10 drone1  -0.8857  -0.5203  -1.0768  -0.9904  0.5075
 165.20 drone1  -0.8860  -0.5203  -1.0635  -0.9974  0.5090
 165.30 drone1  -0.8858  -0.5202  -1.0496  -1.0030  0.5098
 165.40 drone1  -0.8858  -0.5203  -1.0352  -1.0071  0.5092
 165.50 drone1  -0.8857  -0.5203  -1.0204  -1.0098  0.5078
 165.60 drone1  -0.8859  -0.5204  -1.0055  -1.0110  0.5050
 165.70 drone1  -0.8859  -0.5204  -0.9905  -1.0111  0.5017
 165.80 drone1  -0.8860  -0.5205  -0.9755  -1.0111  0.4987
 165.90 drone1  -0.8857  -0.5202  -0.9605  -1.0111  0.4966
 166.00 drone1  -0.8860  -0.5203  -0.9455  -1.0111  0.4944
 166.10 drone1  -0.8859  -0.5204  -0.9305  -1.0111  0.4927
 166.20 drone1  -0.8857  -0.5202  -0.9155  -1.0111  0.4918
 166.30 drone1  -0.8859  -0.5205  -0.9005  -1.0111  0.4909
 166.40 drone1  -0.8858  -0.5203  -0.8855  -1.0111  0.4908
 166.50 drone1  -0.8859  -0.5204  -0.8705  -1.0111  0.4910
 166.60 drone1  -0.8859  -0.5204  -0.8555  -1.0111  0.4917
 166.70 drone1  -0.8858  -0.5203  -0.8405  -1.0111  0.4929
 166.80 drone1  -0.8858  -0.5204  -0.8255  -1.0111  0.4945
 166.90 drone1  -0.8860  -0.5205  -0.8105  -1.0111  0.4964
 167.00 drone1  -0.8857  -0.5201  -0.7955  -1.0110  0.4991
 167.10 drone1  -0.8858  -0.5203  -0.7805  -1.0097  0.5006
 167.20 drone1  -0.8859  -0.5206  -0.7658  -1.0070  0.5010
 167.30 drone1  -0.8859  -0.5204  -0.7514  -1.0028  0.5008
 167.40 drone1  -0.8857  -0.5202  -0.7375  -0.9971  0.4994
 167.50 drone1  -0.8859  -0.5204  -0.7243  -0.9901  0.4968
 167.60 drone1  -0.8857  -0.5202  -0.7118  -0.9818  0.4933
 167.70 drone1  -0.8858  -0.5204  -0.7001  -0.9723  0.4886
 167.80 drone1  -0.8857  -0.5202  -0.6895  -0.9617  0.4831
 167.90 drone1  -0.8858  -0.5204  -0.6801  -0.9501  0.4765
 168.00 drone1  -0.8859  -0.5206  -0.6718  -0.9376  0.4688
 168.10 drone1  -0.8859  -0.5204  -0.6648  -0.9244  0.4606
 168.20 drone1  -0.8859  -0.5204  -0.6591  -0.9105  0.4512
 168.30 drone1  -0.8858  -0.5203  -0.6549  -0.8961  0.4410
 168.40 drone1  -0.8858  -0.5203  -0.6522  -0.8814  0.4300
 168.50 drone1  -0.8859  -0.5205  -0.6509  -0.8664  0.4183
 168.60 drone1  -0.8860  -0.5205  -0.6508  -0.8514  0.4060
 168.70 drone1  -0.8858  -0.5203  -0.6508  -0.8364  0.3939
 168.80 drone1  -0.8859  -0.5205  -0.6508  -0.8214  0.3819
 168.90 drone1  -0.8857  -0.5203  -0.6508  -0.8064  0.3702
 169.00 drone1  -0.8859  -0.5205  -0.6508  -0.7914  0.3588
 169.10 drone1  -0.8858  -0.5203  -0.6508  -0.7764  0.3476
 169.20 drone1  -0.8859  -0.5204  -0.6508  -0.7614  0.3367
 169.30 drone1  -0.8858  -0.5202  -0.6508  -0.7464  0.3262
 169.40 drone1  -0.8859  -0.5206  -0.6508  -0.7314  0.3158
 169.50 drone1  -0.8859  -0.5204  -0.6508  -0.7164  0.3061
 169.60 drone1  -0.8857  -0.5203  -0.6508  -0.7014  0.2966
 169.70 drone1  -0.8858  -0.5203  -0.6508  -0.6864  0.2878
 169.80 drone1  -0.8858  -0.5205  -0.6508  -0.6714  0.2793
 169.90 drone1  -0.8857  -0.5202  -0.6509  -0.6564  0.2715
 170.00 drone1  -0.8857  -0.5202  -0.6521  -0.6415  0.2633
 170.10 drone1  -0.8857  -0.5202  -0.6548  -0.6267  0.2543
 170.20 drone1  -0.8858  -0.5203  -0.6589  -0.6123  0.2448
 170.30 drone1  -0.8857  -0.5202  -0.6645  -0.5984  0.2346
 170.40 drone1  -0.8860  -0.5205  -0.6715  -0.5851  0.2240
 170.50 drone1  -0.8857  -0.5203  -0.6797  -0.5726  0.2126
 170.60 drone1  -0.8858  -0.5203  -0.6891  -0.5609  0.2009
 170.70 drone1  -0.8860  -0.5203  -0.6997  -0.5503  0.1887
 170.80 drone1  -0.8857  -0.5202  -0.7113  -0.5408  0.1757
 170.90 drone1  -0.8859  -0.5202  -0.7237  -0.5324  0.1626
 171.00 drone1  -0.8859  -0.5205  -0.7370  -0.5254  0.1491
 171.10 drone1  -0.8858  -0.5203  -0.7508  -0.5197  0.1350
 171.20 drone1  -0.8857  -0.5202  -0.7652  -0.5154  0.1206
 171.30 drone1  -0.8857  -0.5202  -0.7799  -0.5126  0.1061
 171.40 drone1  -0.8858  -0.5203  -0.7949  -0.5112  0.0914
 171.50 drone1  -0.8861  -0.5204  -0.8099  -0.5111  0.0768
 171.60 drone1  -0.8858  -0.5204  -0.8249  -0.5111  0.0617
 171.70 drone1  -0.8859  -0.5204  -0.8399  -0.5111  0.0470
 171.80 drone1  -0.8857  -0.5202  -0.8549  -0.5111  0.0321
 171.90 drone1  -0.8858  -0.5205  -0.8699  -0.5111  0.0185
 172.00 drone1  -0.8859  -0.5204  -0.8849  -0.5111  0.0093
 172.10 drone1  -0.8860  -0.5205  -0.8999  -0.5111  0.0168
 172.20 drone1  -0.8860  -0.5205  -0.9149  -0.5111  0.0303
 172.30 drone1  -0.8858  -0.5204  -0.9299  -0.5111  0.0450
 172.40 drone1  -0.8857  -0.5202  -0.9449  -0.5111  0.0599
 172.50 drone1  -0.8857  -0.5202  -0.9599  -0.5111  0.0747
 172.60 drone1  -0.8858  -0.5203  -0.9749  -0.5111  0.0896
 172.70 drone1  -0.8859  -0.5205  -0.9899  -0.5111  0.1043
 172.80 drone1  -0.8858  -0.5203  -1.0049  -0.5112  0.1194
 172.90 drone1  -0.8858  -0.5204  -1.0198  -0.5123  0.1342
 173.00 drone1  -0.8858  -0.5202  -1.0346  -0.5150  0.1489
 173.10 drone1  -0.8859  -0.5204  -1.0490  -0.5191  0.1631
 173.20 drone1  -0.8859  -0.5204  -1.0629  -0.5246  0.1771
 173.30 drone1  -0.8857  -0.5203  -1.0762  -0.5315  0.1909
 173.40 drone1  -0.8859  -0.5202  -1.0888  -0.5397  0.2038
 173.50 drone1  -0.8860  -0.5205  -1.1005  -0.5491  0.2164
 173.60 drone1  -0.8858  -0.5205  -1.1112  -0.5596  0.2287
 173.70 drone1  -0.8859  -0.5204  -1.1208  -0.5711  0.2403
 173.80 drone1  -0.8860  -0.5205  -1.1292  -0.5835  0.2512
 173.90 drone1  -0.8860  -0.5205  -1.1363  -0.5967  0.2616
 174.00 drone1  -0.8860  -0.5205  -1.1420  -0.6106  0.2714
 174.10 drone1  -0.8857  -0.5202  -1.1464  -0.6249  0.2809
 174.20 drone1  -0.8858  -0.5204  -1.1492  -0.6396  0.2892
 174.30 drone1  -0.8859  -0.5204  -1.1506  -0.6546  0.2968
 174.40 drone1  -0.8859  -0.5204  -1.1508  -0.6696  0.3040
 174.50 drone1  -0.8858  -0.5203  -1.1508  -0.6846  0.3117
 174.60 drone1  -0.8859  -0.5205  -1.1508  -0.6996  0.3197
 174.70 drone1  -0.8858  -0.5204  -1.1508  -0.7146  0.3285
 174.80 drone1  -0.8858  -0.5204  -1.1508  -0.7296  0.3376
 174.90 drone1  -0.8858  -0.5203  -1.1508  -0.7446  0.3471
 175.00 drone1  -0.8858  -0.5205  -1.1508  -0.7596  0.3569
 175.10 drone1  -0.8859  -0.5205  -1.1508  -0.7746  0.3670
 175.20 drone1  -0.8858  -0.5204  -1.1508  -0.7896  0.3777
 175.30 drone1  -0.8857  -0.5203  -1.1508  -0.8046  0.3887
 175.40 drone1  -0.8857  -0.5202  -1.1508  -0.8196  0.3998
 175.50 drone1  -0.8858  -0.5204  -1.1508  -0.8346  0.4110
 175.60 drone1  -0.8861  -0.5204  -1.1508  -0.8496  0.4224
 175.70 drone1  -0.8860  -0.5205  -1.1507  -0.8646  0.4341
 175.80 drone1  -0.8860  -0.5205  -1.1496  -0.8795  0.4454
 175.90 drone1  -0.8858  -0.5204  -1.1471  -0.8943  0.4561
 176.00 drone1  -0.8860  -0.5205  -1.1430  -0.9087  0.4656
 176.10 drone1  -0.8859  -0.5204  -1.1376  -0.9227  0.4745
 176.20 drone1  -0.8858  -0.5203  -1.1307  -0.9360  0.4825
 176.30 drone1  -0.8859  -0.5204  -1.1226  -0.9486  0.4893
 176.40 drone1  -0.8857  -0.5202  -1.1133  -0.9604  0.4955
 176.50 drone1  -0.8859  -0.5204  -1.1028  -0.9711  0.5002
 176.60 drone1  -0.8859  -0.5203  -1.0913  -0.9807  0.5042
 176.70 drone1  -0.8860  -0.5205  -1.0789  -0.9892  0.5068
 176.80 drone1  -0.8859  -0.5205  -1.0657  -0.9963  0.5087
 176.90 drone1  -0.8859  -0.5204  -1.0519  -1.0021  0.5096
 177.00 drone1  -0.8858  -0.5203  -1.0376  -1.0065  0.5094
 177.10 drone1  -0.8859  -0.5205  -1.0229  -1.0095  0.5078
 177.20 drone1  -0.8858  -0.5203  -1.0079  -1.0109  0.5056
 177.30 drone1  -0.8860  -0.5205  -0.9929  -1.0111  0.5021
 177.40 drone1  -0.8860  -0.5207  -0.9779  -1.0111  0.4990
 177.50 drone1  -0.8860  -0.5205  -0.9629  -1.0111  0.4966
 177.60 drone1  -0.8858  -0.5203  -0.9479  -1.0111  0.4947
 177.70 drone1  -0.8860  -0.5205  -0.9329  -1.0111  0.4929
 177.80 drone1  -0.8858  -0.5203  -0.9179  -1.0111  0.4919
 177.90 drone1  -0.8858  -0.5202  -0.9029  -1.0111  0.4913
 178.00 drone1  -0.8858  -0.5202  -0.8879  -1.0111  0.4909
 178.10 drone1  -0.8858  -0.5203  -0.8729  -1.0111  0.4910
 178.20 drone1  -0.8859  -0.5202  -0.8579  -1.0111  0.4917
 178.30 drone1  -0.8857  -0.5203  -0.8429  -1.0111  0.4927
 178.40 drone1  -0.8859  -0.5203  -0.8279  -1.0111  0.4942
 178.50 drone1  -0.8860  -0.5205  -0.8129  -1.0111  0.4960
 178.60 drone1  -0.8857  -0.5202  -0.7979  -1.0111  0.4986
 178.70 drone1  -0.8859  -0.5204  -0.7830  -1.0101  0.5003
 178.80 drone1  -0.8860  -0.5205  -0.7682  -1.0075  0.5011
 178.90 drone1  -0.8857  -0.5202  -0.7538  -1.0036  0.5010
 179.00 drone1  -0.8858  -0.5204  -0.7398  -0.9981  0.4996
 179.10 drone1  -0.8860  -0.5205  -0.7264  -0.9914  0.4972
 179.20 drone1  -0.8858  -0.5204  -0.7138  -0.9833  0.4939
 179.30 drone1  -0.8857  -0.5203  -0.7020  -0.9740  0.4895
 179.40 drone1  -0.8860  -0.5205  -0.6912  -0.9636  0.4840
 179.50 drone1  -0.8860  -0.5205  -0.6815  -0.9521  0.4776
 179.60 drone1  -0.8857  -0.5202  -0.6731  -0.9398  0.4704
 179.70 drone1  -0.8860  -0.5205  -0.6658  -0.9266  0.4620
 179.80 drone1  -0.8860  -0.5205  -0.6600  -0.9128  0.4528
 179.90 drone1  -0.8859  -0.5202  -0.6555  -0.8985  0.4429
 180.00 drone1  -0.8859  -0.5204  -0.6525  -0.8838  0.4319
 180.10 drone1  -0.8858  -0.5202  -0.6510  -0.8689  0.4204
 180.20 drone1  -0.8859  -0.5206  -0.6508  -0.8539  0.4079
 180.30 drone1  -0.8859  -0.5205  -0.6508  -0.8389  0.3958
 180.40 drone1  -0.8859  -0.5205  -0.6508  -0.8239  0.3838
 180.50 drone1  -0.8859  -0.5205  -0.6508  -0.8089  0.3721
 180.60 drone1  -0.8859  -0.5205  -0.6508  -0.7939  0.3606
 180.70 drone1  -0.8858  -0.5203  -0.6508  -0.7789  0.3494
 180.80 drone1  -0.8860  -0.5204  -0.6508  -0.7639  0.3385
 180.90 drone1  -0.8859  -0.5205  -0.6508  -0.7489  0.3278
 181.00 drone1  -0.8860  -0.5205  -0.6508  -0.7339  0.3176
 181.10 drone1  -0.8859  -0.5205  -0.6508  -0.7189  0.3077
 181.20 drone1  -0.8860  -0.5203  -0.6508  -0.7039  0.2984
 181.30 drone1  -0.8859  -0.5205  -0.6508  -0.6889  0.2892
 181.40 drone1  -0.8857  -0.5202  -0.6508  -0.6739  0.2807
 181.50 drone1  -0.8858  -0.5203  -0.6508  -0.6589  0.2728
 181.60 drone1  -0.8859  -0.5206  -0.6518  -0.6439  0.2647
 181.70 drone1  -0.8858  -0.5204  -0.6542  -0.6291  0.2559
 181.80 drone1  -0.8859  -0.5206  -0.6582  -0.6147  0.2465
 181.90 drone1  -0.8860  -0.5205  -0.6635  -0.6007  0.2365
 182.00 drone1  -0.8857  -0.5202  -0.6702  -0.5873  0.2257
 182.10 drone1  -0.8860  -0.5204  -0.6782  -0.5746  0.2147
 182.20 drone1  -0.8860  -0.5205  -0.6875  -0.5628  0.2029
 182.30 drone1  -0.8860  -0.5205  -0.6979  -0.5520  0.1907
 182.40 drone1  -0.8858  -0.5205  -0.7093  -0.5423  0.1779
 182.50 drone1  -0.8860  -0.5205  -0.7216  -0.5337  0.1649
 182.60 drone1  -0.8859  -0.5205  -0.7347  -0.5264  0.1512
 182.70 drone1  -0.8859  -0.5205  -0.7485  -0.5205  0.1374
 182.80 drone1  -0.8857  -0.5202  -0.7628  -0.5160  0.1230
 182.90 drone1  -0.8858  -0.5203  -0.7775  -0.5129  0.1086
 183.00 drone1  -0.8860  -0.5204  -0.7924  -0.5114  0.0940
 183.10 drone1  -0.8859  -0.5205  -0.8074  -0.5111  0.0791
 183.20 drone1  -0.8859  -0.5204  -0.8224  -0.5111  0.0642
 183.30 drone1  -0.8858  -0.5205  -0.8374  -0.5111  0.0493
 183.40 drone1  -0.8858  -0.5203  -0.8524  -0.5111  0.0346
 183.50 drone1  -0.8860  -0.5205  -0.8674  -0.5111  0.0209
 183.60 drone1  -0.8858  -0.5203  -0.8824  -0.5111  0.0098
 183.70 drone1  -0.8860  -0.5205  -0.8974  -0.5111  0.0148
 183.80 drone1  -0.8859  -0.5206  -0.9124  -0.5111  0.0281
 183.90 drone1  -0.8860  -0.5205  -0.9274  -0.5111  0.0425
 184.00 drone1  -0.8859  -0.5204  -0.9424  -0.5111  0.0572
 184.10 drone1  -0.8858  -0.5203  -0.9574  -0.5111  0.0722
 184.20 drone1  -0.8859  -0.5207  -0.9724  -0.5111  0.0870
 184.30 drone1  -0.8859  -0.5204  -0.9874  -0.5111  0.1019
 184.40 drone1  -0.8860  -0.5204  -1.0024  -0.5111  0.1168
 184.50 drone1  -0.8859  -0.5206  -1.0173  -0.5120  0.1317
 184.60 drone1  -0.8859  -0.5205  -1.0321  -0.5144  0.1464
 184.70 drone1  -0.8859  -0.5205  -1.0466  -0.5183  0.1607
 184.80 drone1  -0.8859  -0.5204  -1.0607  -0.5236  0.1748
 184.90 drone1  -0.8861  -0.5204  -1.0741  -0.5302  0.1883
 185.00 drone1  -0.8859  -0.5205  -1.0868  -0.5382  0.2017
 185.10 drone1  -0.8860  -0.5205  -1.0986  -0.5474  0.2143
 185.20 drone1  -0.8859  -0.5206  -1.1095  -0.5578  0.2266
 185.30 drone1  -0.8858  -0.5203  -1.1193  -0.5691  0.2385
 185.40 drone1  -0.8860  -0.5205  -1.1279  -0.5814  0.2495
 185.50 drone1  -0.8858  -0.5203  -1.1352  -0.5945  0.2602
 185.60 drone1  -0.8858  -0.5203  -1.1412  -0.6083  0.2700
 185.70 drone1  -0.8859  -0.5204  -1.1457  -0.6225  0.2792
 185.80 drone1  -0.8857  -0.5203  -1.1489  -0.6372  0.2880
 185.90 drone1  -0.8857  -0.5202  -1.1505  -0.6521  0.2958
 186.00 drone1  -0.8858  -0.5202  -1.1508  -0.6671  0.3030
 186.10 drone1  -0.8858  -0.5203  -1.1508  -0.6821  0.3105
 186.20 drone1  -0.8858  -0.5205  -1.1508  -0.6971  0.3184
 186.30 drone1  -0.8858  -0.5204  -1.1508  -0.7121  0.3270
 186.40 drone1  -0.8859  -0.5205  -1.1508  -0.7271  0.3359
 186.50 drone1  -0.8857  -0.5203  -1.1508  -0.7421  0.3456
 186.60 drone1  -0.8858  -0.5202  -1.1508  -0.7571  0.3554
 186.70 drone1  -0.8858  -0.5204  -1.1508  -0.7721  0.3655
 186.80 drone1  -0.8857  -0.5203  -1.1508  -0.7871  0.3761
 186.90 drone1  -0.8857  -0.5202  -1.1508  -0.8021  0.3870
 187.00 drone1  -0.8858  -0.5204  -1.1508  -0.8171  0.3978
 187.10 drone1  -0.8857  -0.5203  -1.1508  -0.8321  0.4092
 187.20 drone1  -0.8858  -0.5203  -1.1508  -0.8471  0.4207
 187.30 drone1  -0.8860  -0.5204  -1.1508  -0.8621  0.4323
 187.40 drone1  -0.8858  -0.5202  -1.1499  -0.8771  0.4440
 187.50 drone1  -0.8858  -0.5203  -1.1476  -0.8919  0.4545
 187.60 drone1  -0.8859  -0.5206  -1.1438  -0.9064  0.4640
 187.70 drone1  -0.8858  -0.5203  -1.1386  -0.9204  0.4733
 187.80 drone1  -0.8857  -0.5202  -1.1319  -0.9339  0.4814
 187.90 drone1  -0.8857  -0.5202  -1.1240  -0.9466  0.4885
 188.00 drone1  -0.8859  -0.5202  -1.1149  -0.9585  0.4945
 188.10 drone1  -0.8858  -0.5204  -1.1046  -0.9694  0.4995
 188.20 drone1  -0.8858  -0.5204  -1.0933  -0.9792  0.5035
 188.30 drone1  -0.8858  -0.5203  -1.0810  -0.9879  0.5066
 188.40 drone1  -0.8858  -0.5204  -1.0680  -0.9952  0.5086
 188.50 drone1  -0.8859  -0.5205  -1.0542  -1.0013  0.5094
 188.60 drone1  -0.8857  -0.5203  -1.0400  -1.0059  0.5096
 188.70 drone1  -0.8860  -0.5205  -1.0253  -1.0091  0.5080
 188.80 drone1  -0.8860  -0.5205  -1.0104  -1.0108  0.5059
 188.90 drone1  -0.8860  -0.5204  -0.9954  -1.0111  0.5027
 189.00 drone1  -0.8857  -0.5203  -0.9804  -1.0111  0.4999
 189.10 drone1  -0.8859  -0.5203  -0.9654  -1.0111  0.4973
 189.20 drone1  -0.8858  -0.5204  -0.9504  -1.0111  0.4949
 189.30 drone1  -0.8858  -0.5205  -0.9354  -1.0111  0.4932
 189.40 drone1  -0.8860  -0.5203  -0.9204  -1.0111  0.4920
 189.50 drone1  -0.8858  -0.5205  -0.9054  -1.0111  0.4910
 189.60 drone1  -0.8858  -0.5204  -0.8904  -1.0111  0.4907
 189.70 drone1  -0.8858  -0.5204  -0.8754  -1.0111  0.4909
 189.80 drone1  -0.8859  -0.5204  -0.8604  -1.0111  0.4914
 189.90 drone1  -0.8857  -0.5202  -0.8454  -1.0111  0.4926
 190.00 drone1  -0.8858  -0.5202  -0.8304  -1.0111  0.4940
 190.10 drone1  -0.8858  -0.5203  -0.8154  -1.0111  0.4959
 190.20 drone1  -0.8857  -0.5203  -0.8004  -1.0111  0.4981
 190.30 drone1  -0.8857  -0.5202  -0.7855  -1.0103  0.5003
 190.40 drone1  -0.8858  -0.5203  -0.7706  -1.0081  0.5011
 190.50 drone1  -0.8859  -0.5206  -0.7561  -1.0043  0.5009
 190.60 drone1  -0.8859  -0.5204  -0.7420  -0.9991  0.4999
 190.70 drone1  -0.8859  -0.5205  -0.7286  -0.9926  0.4976
 190.80 drone1  -0.8859  -0.5202  -0.7158  -0.9847  0.4947
 190.90 drone1  -0.8858  -0.5201  -0.7039  -0.9756  0.4905
 191.00 drone1  -0.8859  -0.5205  -0.6929  -0.9654  0.4849
 191.10 drone1  -0.8859  -0.5204  -0.6831  -0.9541  0.4788
 191.20 drone1  -0.8857  -0.5203  -0.6744  -0.9419  0.4716
 191.30 drone1  -0.8861  -0.5204  -0.6669  -0.9288  0.4635
 191.40 drone1  -0.8861  -0.5204  -0.6608  -0.9151  0.4545
 191.50 drone1  -0.8857  -0.5202  -0.6562  -0.9009  0.4445
 191.60 drone1  -0.8859  -0.5204  -0.6529  -0.8863  0.4338
 191.70 drone1  -0.8859  -0.5204  -0.6511  -0.8714  0.4223
 191.80 drone1  -0.8858  -0.5203  -0.6508  -0.8564  0.4101
 191.90 drone1  -0.8858  -0.5204  -0.6508  -0.8414  0.3978
 192.00 drone1  -0.8857  -0.5203  -0.6508  -0.8264  0.3858
 192.10 drone1  -0.8859  -0.5204  -0.6508  -0.8114  0.3741
 192.20 drone1  -0.8860  -0.5205  -0.6508  -0.7964  0.3625
 192.30 drone1  -0.8860  -0.5203  -0.6508  -0.7814  0.3514
 192.40 drone1  -0.8857  -0.5203  -0.6508  -0.7664  0.3402
 192.50 drone1  -0.8857  -0.5202  -0.6508  -0.7514  0.3296
 192.60 drone1  -0.8859  -0.5204  -0.6508  -0.7364  0.3193
 192.70 drone1  -0.8860  -0.5205  -0.6508  -0.7214  0.3093
 192.80 drone1  -0.8859  -0.5204  -0.6508  -0.7064  0.2998
 192.90 drone1  -0.8860  -0.5205  -0.6508  -0.6914  0.2907
 193.00 drone1  -0.8858  -0.5203  -0.6508  -0.6764  0.2821
 193.10 drone1  -0.8857  -0.5203  -0.6508  -0.6614  0.2740
 193.20 drone1  -0.8860  -0.5205  -0.6515  -0.6464  0.2661
 193.30 drone1  -0.8858  -0.5204  -0.6537  -0.6316  0.2573
 193.40 drone1  -0.8859  -0.5203  -0.6574  -0.6170  0.2481
 193.50 drone1  -0.8860  -0.5206  -0.6625  -0.6029  0.2381
 193.60 drone1  -0.8859  -0.5204  -0.6690  -0.5894  0.2276
 193.70 drone1  -0.8860  -0.5206  -0.6768  -0.5766  0.2166
 193.80 drone1  -0.8860  -0.5205  -0.6859  -0.5647  0.2049
 193.90 drone1  -0.8859  -0.5203  -0.6961  -0.5537  0.1927
 194.00 drone1  -0.8857  -0.5205  -0.7073  -0.5438  0.1799
 194.10 drone1  -0.8858  -0.5203  -0.7195  -0.5350  0.1669
 194.20 drone1  -0.8860  -0.5204  -0.7325  -0.5276  0.1536
 194.30 drone1  -0.8858  -0.5203  -0.7462  -0.5214  0.1396
 194.40 drone1  -0.8860  -0.5204  -0.7604  -0.5167  0.1256
 194.50 drone1  -0.8858  -0.5203  -0.7750  -0.5133  0.1110
 194.60 drone1  -0.8858  -0.5203  -0.7899  -0.5115  0.0963
 194.70 drone1  -0.8860  -0.5206  -0.8049  -0.5111  0.0816
 194.80 drone1  -0.8858  -0.5203  -0.8199  -0.5111  0.0665
 194.90 drone1  -0.8857  -0.5202  -0.8349  -0.5111  0.0516
 195.00 drone1  -0.8858  -0.5204  -0.8499  -0.5111  0.0371
 195.10 drone1  -0.8860  -0.5204  -0.8649  -0.5111  0.0231
 195.20 drone1  -0.8859  -0.5205  -0.8799  -0.5111  0.0111
 195.30 drone1  -0.8859  -0.5206  -0.8949  -0.5111  0.0131
 195.40 drone1  -0.8857  -0.5202  -0.9099  -0.5111  0.0259
 195.50 drone1  -0.8859  -0.5205  -0.9249  -0.5111  0.0401
 195.60 drone1  -0.8857  -0.5202  -0.9399  -0.5111  0.0549
 195.70 drone1  -0.8860  -0.5205  -0.9549  -0.5111  0.0695
 195.80 drone1  -0.8857  -0.5202  -0.9699  -0.5111  0.0847
 195.90 drone1  -0.8857  -0.5202  -0.9849  -0.5111  0.0996
 196.00 drone1  -0.8858  -0.5203  -0.9999  -0.5111  0.1145
 196.10 drone1  -0.8859  -0.5205  -1.0149  -0.5118  0.1293
 196.20 drone1  -0.8859  -0.5206  -1.0297  -0.5139  0.1439
 196.30 drone1  -0.8857  -0.5203  -1.0443  -0.5176  0.1586
 196.40 drone1  -0.8859  -0.5202  -1.0584  -0.5226  0.1725
 196.50 drone1  -0.8858  -0.5205  -1.0719  -0.5291  0.1863
 196.60 drone1  -0.8860  -0.5205  -1.0847  -0.5368  0.1994
 196.70 drone1  -0.8859  -0.5204  -1.0967  -0.5458  0.2124
 196.80 drone1  -0.8858  -0.5202  -1.1078  -0.5560  0.2248
 196.90 drone1  -0.8858  -0.5205  -1.1177  -0.5672  0.2366
 197.00 drone1  -0.8860  -0.5205  -1.1265  -0.5793  0.2476
 197.10 drone1  -0.8859  -0.5206  -1.1341  -0.5923  0.2583
 197.20 drone1  -0.8860  -0.5205  -1.1403  -0.6059  0.2682
 197.30 drone1  -0.8859  -0.5204  -1.1451  -0.6201  0.2777
 197.40 drone1  -0.8858  -0.5203  -1.1484  -0.6348  0.2865
 197.50 drone1  -0.8860  -0.5205  -1.1503  -0.6496  0.2942
 197.60 drone1  -0.8858  -0.5203  -1.1508  -0.6646  0.3018
 197.70 drone1  -0.8858  -0.5204  -1.1508  -0.6796  0.3091
 197.80 drone1  -0.8860  -0.5204  -1.1508  -0.6946  0.3169
 197.90 drone1  -0.8859  -0.5205  -1.1508  -0.7096  0.3255
 198.00 drone1  -0.8860  -0.5205  -1.1508  -0.7246  0.3344
 198.10 drone1  -0.8858  -0.5203  -1.1508  -0.7396  0.3439
 198.20 drone1  -0.8858  -0.5205  -1.1508  -0.7546  0.3536
 198.30 drone1  -0.8860  -0.5205  -1.1508  -0.7696  0.3636
 198.40 drone1  -0.8860  -0.5205  -1.1508  -0.7846  0.3740
 198.50 drone1  -0.8860  -0.5205  -1.1508  -0.7996  0.3848
 198.60 drone1  -0.8859  -0.5203  -1.1508  -0.8146  0.3960
 198.70 drone1  -0.8858  -0.5202  -1.1508  -0.8296  0.4073
 198.80 drone1  -0.8858  -0.5203  -1.1508  -0.8446  0.4188
 198.90 drone1  -0.8860  -0.5204  -1.1508  -0.8596  0.4303
 199.00 drone1  -0.8858  -0.5203  -1.1502  -0.8746  0.4420
 199.10 drone1  -0.8860  -0.5206  -1.1481  -0.8894  0.4525
 199.20 drone1  -0.8860  -0.5204  -1.1445  -0.9040  0.4626
 199.30 drone1  -0.8860  -0.5205  -1.1395  -0.9181  0.4716
 199.40 drone1  -0.8859  -0.5203  -1.1331  -0.9317  0.4800
 199.50 drone1  -0.8860  -0.5205  -1.1254  -0.9446  0.4870
 199.60 drone1  -0.8859  -0.5203  -1.1165  -0.9566  0.4935
 199.70 drone1  -0.8858  -0.5205  -1.1064  -0.9677  0.4986
 199.80 drone1  -0.8859  -0.5204  -1.0952  -0.9777  0.5029
 199.90 drone1  -0.8858  -0.5203  -1.0831  -0.9865  0.5063
 200.00 drone1  -0.8858  -0.5203  -1.0702  -0.9941  0.5084
 200.10 drone1  -0.8859  -0.5204  -1.0565  -1.0004  0.5094
 200.20 drone1  -0.8859  -0.5206  -1.0424  -1.0052  0.5093
 200.30 drone1  -0.8860  -0.5205  -1.0278  -1.0087  0.5084
 200.40 drone1  -0.8860  -0.5205  -1.0129  -1.0106  0.5063
 200.50 drone1  -0.8859  -0.5204  -0.9979  -1.0111  0.5033
 200.60 drone1  -0.8860  -0.5206  -0.9829  -1.0111  0.5000
 200.70 drone1  -0.8859  -0.5204  -0.9679  -1.0111  0.4975
 200.80 drone1  -0.8859  -0.5205  -0.9529  -1.0111  0.4951
 200.90 drone1  -0.8857  -0.5202  -0.9379  -1.0111  0.4937
 201.00 drone1  -0.8859  -0.5204  -0.9229  -1.0111  0.4921
 201.10 drone1  -0.8859  -0.5204  -0.9079  -1.0111  0.4912
 201.20 drone1  -0.8858  -0.5204  -0.8929  -1.0111  0.4907
 201.30 drone1  -0.8859  -0.5206  -0.8779  -1.0111  0.4906
 201.40 drone1  -0.8858  -0.5203  -0.8629  -1.0111  0.4913
 201.50 drone1  -0.8859  -0.5205  -0.8479  -1.0111  0.4920
 201.60 drone1  -0.8857  -0.5202  -0.8329  -1.0111  0.4938
 201.70 drone1  -0.8859  -0.5204  -0.8179  -1.0111  0.4954
 201.80 drone1  -0.8859  -0.5204  -0.8029  -1.0111  0.4977
 201.90 drone1  -0.8857  -0.5202  -0.7879  -1.0106  0.5001
 202.00 drone1  -0.8859  -0.5204  -0.7731  -1.0085  0.5010
 202.10 drone1  -0.8858  -0.5202  -0.7585  -1.0050  0.5013
 202.20 drone1  -0.8859  -0.5204  -0.7443  -1.0001  0.5002
 202.30 drone1  -0.8858  -0.5202  -0.7307  -0.9938  0.4983
 202.40 drone1  -0.8860  -0.5205  -0.7178  -0.9861  0.4950
 202.50 drone1  -0.8858  -0.5203  -0.7058  -0.9772  0.4911
 202.60 drone1  -0.8859  -0.5206  -0.6947  -0.9671  0.4858
 202.70 drone1  -0.8860  -0.5205  -0.6846  -0.9560  0.4798
 202.80 drone1  -0.8859  -0.5204  -0.6757  -0.9439  0.4729
 202.90 drone1  -0.8858  -0.5203  -0.6681  -0.9310  0.4649
 203.00 drone1  -0.8859  -0.5204  -0.6618  -0.9174  0.4559
 203.10 drone1  -0.8860  -0.5204  -0.6568  -0.9033  0.4462
 203.20 drone1  -0.8858  -0.5204  -0.6533  -0.8887  0.4355
 203.30 drone1  -0.8859  -0.5205  -0.6513  -0.8738  0.4241
 203.40 drone1  -0.8858  -0.5203  -0.6508  -0.8589  0.4121
 203.50 drone1  -0.8860  -0.5205  -0.6508  -0.8439  0.3999
 203.60 drone1  -0.8859  -0.5204  -0.6508  -0.8289  0.3878
 203.70 drone1  -0.8860  -0.5205  -0.6508  -0.8139  0.3760
 203.80 drone1  -0.8860  -0.5205  -0.6508  -0.7989  0.3644
 203.90 drone1  -0.8860  -0.5206  -0.6508  -0.7839  0.3530
 204.00 drone1  -0.8858  -0.5204  -0.6508  -0.7689  0.3420
 204.10 drone1  -0.8857  -0.5204  -0.6508  -0.7539  0.3312
 204.20 drone1  -0.8860  -0.5204  -0.6508  -0.7389  0.3210
 204.30 drone1  -0.8860  -0.5205  -0.6508  -0.7239  0.3109
 204.40 drone1  -0.8858  -0.5201  -0.6508  -0.7089  0.3014
 204.50 drone1  -0.8859  -0.5205  -0.6508  -0.6939  0.2921
 204.60 drone1  -0.8859  -0.5204  -0.6508  -0.6789  0.2835
 204.70 drone1  -0.8858  -0.5205  -0.6508  -0.6639  0.2753
 204.80 drone1  -0.8858  -0.5203  -0.6513  -0.6489  0.2675
 204.90 drone1  -0.8858  -0.5203  -0.6533  -0.6340  0.2589
 205.00 drone1  -0.8857  -0.5202  -0.6567  -0.6194  0.2496
 205.10 drone1  -0.8858  -0.5204  -0.6616  -0.6052  0.2397
 205.20 drone1  -0.8859  -0.5203  -0.6679  -0.5916  0.2294
 205.30 drone1  -0.8858  -0.5202  -0.6755  -0.5787  0.2183
 205.40 drone1  -0.8859  -0.5204  -0.6843  -0.5666  0.2068
 205.50 drone1  -0.8859  -0.5204  -0.6943  -0.5554  0.1947
 205.60 drone1  -0.8858  -0.5203  -0.7054  -0.5453  0.1821
 205.70 drone1  -0.8859  -0.5206  -0.7174  -0.5364  0.1692
 205.80 drone1  -0.8858  -0.5204  -0.7303  -0.5287  0.1557
 205.90 drone1  -0.8860  -0.5205  -0.7439  -0.5223  0.1421
 206.00 drone1  -0.8859  -0.5204  -0.7580  -0.5173  0.1279
 206.10 drone1  -0.8859  -0.5204  -0.7726  -0.5138  0.1135
 206.20 drone1  -0.8858  -0.5205  -0.7874  -0.5117  0.0988
 206.30 drone1  -0.8860  -0.5205  -0.8024  -0.5111  0.0841
 206.40 drone1  -0.8859  -0.5206  -0.8174  -0.5111  0.0692
 206.50 drone1  -0.8857  -0.5203  -0.8324  -0.5111  0.0541
 206.60 drone1  -0.8860  -0.5205  -0.8474  -0.5111  0.0397
 206.70 drone1  -0.8859  -0.5205  -0.8624  -0.5111  0.0253
 206.80 drone1  -0.8858  -0.5204  -0.8774  -0.5111  0.0125
 206.90 drone1  -0.8860  -0.5204  -0.8924  -0.5111  0.0113
 207.00 drone1  -0.8859  -0.5204  -0.9074  -0.5111  0.0234
 207.10 drone1  -0.8859  -0.5206  -0.9224  -0.5111  0.0377
 207.20 drone1  -0.8860  -0.5205  -0.9374  -0.5111  0.0523
 207.30 drone1  -0.8858  -0.5204  -0.9524  -0.5111  0.0672
 207.40 drone1  -0.8860  -0.5205  -0.9674  -0.5111  0.0819
 207.50 drone1  -0.8861  -0.5204  -0.9824  -0.5111  0.0968
 207.60 drone1  -0.8858  -0.5204  -0.9974  -0.5111  0.1120
 207.70 drone1  -0.8859  -0.5204  -1.0124  -0.5116  0.1268
 207.80 drone1  -0.8860  -0.5205  -1.0273  -0.5135  0.1415
 207.90 drone1  -0.8860  -0.5204  -1.0419  -0.5169  0.1560
 208.00 drone1  -0.8860  -0.5203  -1.0561  -0.5217  0.1701
 208.10 drone1  -0.8860  -0.5205  -1.0697  -0.5279  0.1839
 208.20 drone1  -0.8860  -0.5205  -1.0827  -0.5354  0.1972
 208.30 drone1  -0.8860  -0.5206  -1.0948  -0.5443  0.2101
 208.40 drone1  -0.8860  -0.5206  -1.1060  -0.5542  0.2225
 208.50 drone1  -0.8857  -0.5204  -1.1162  -0.5653  0.2348
 208.60 drone1  -0.8859  -0.5204  -1.1252  -0.5773  0.2459
 208.70 drone1  -0.8859  -0.5204  -1.1329  -0.5901  0.2566
 208.80 drone1  -0.8859  -0.5205  -1.1393  -0.6036  0.2667
 208.90 drone1  -0.8857  -0.5204  -1.1444  -0.6178  0.2764
 209.00 drone1  -0.8858  -0.5203  -1.1480  -0.6323  0.2851
 209.10 drone1  -0.8860  -0.5206  -1.1501  -0.6472  0.2929
 209.20 drone1  -0.8858  -0.5203  -1.1508  -0.6621  0.3006
 209.30 drone1  -0.8859  -0.5204  -1.1508  -0.6771  0.3078
 209.40 drone1  -0.8858  -0.5205  -1.1508  -0.6921  0.3157
 209.50 drone1  -0.8857  -0.5203  -1.1508  -0.7071  0.3243
 209.60 drone1  -0.8858  -0.5202  -1.1508  -0.7221  0.3332
 209.70 drone1  -0.8858  -0.5204  -1.1508  -0.7371  0.3423
 209.80 drone1  -0.8857  -0.5202  -1.1508  -0.7521  0.3522
 209.90 drone1  -0.8859  -0.5203  -1.1508  -0.7671  0.3621
 210.00 drone1  -0.8858  -0.5203  -1.1508  -0.7821  0.3725
 210.10 drone1  -0.8859  -0.5204  -1.1508  -0.7971  0.3831
 210.20 drone1  -0.8858  -0.5202  -1.1508  -0.8121  0.3943
 210.30 drone1  -0.8857  -0.5203  -1.1508  -0.8271  0.4055
 210.40 drone1  -0.8858  -0.5204  -1.1508  -0.8421  0.4168
 210.50 drone1  -0.8858  -0.5203  -1.1508  -0.8571  0.4285
 210.60 drone1  -0.8858  -0.5202  -1.1504  -0.8721  0.4403
 210.70 drone1  -0.8859  -0.5204  -1.1485  -0.8870  0.4510
 210.80 drone1  -0.8857  -0.5204  -1.1452  -0.9016  0.4611
 210.90 drone1  -0.8860  -0.5205  -1.1404  -0.9158  0.4702
 211.00 drone1  -0.8858  -0.5202  -1.1343  -0.9295  0.4788
 211.10 drone1  -0.8859  -0.5204  -1.1268  -0.9425  0.4860
 211.20 drone1  -0.8860  -0.5204  -1.1180  -0.9547  0.4924
 211.30 drone1  -0.8860  -0.5205  -1.1081  -0.9659  0.4977
 211.40 drone1  -0.8859  -0.5206  -1.0971  -0.9761  0.5021
 211.50 drone1  -0.8858  -0.5202  -1.0851  -0.9851  0.5059
 211.60 drone1  -0.8859  -0.5203  -1.0723  -0.9929  0.5081
 211.70 drone1  -0.8860  -0.5205  -1.0588  -0.9994  0.5092
 211.80 drone1  -0.8859  -0.5204  -1.0447  -1.0045  0.5095
 211.90 drone1  -0.8858  -0.5204  -1.0302  -1.0082  0.5088
 212.00 drone1  -0.8858  -0.5202  -1.0154  -1.0104  0.5070
 212.10 drone1  -0.8860  -0.5205  -1.0004  -1.0111  0.5038
 212.20 drone1  -0.8860  -0.5205  -0.9854  -1.0111  0.5006
 212.30 drone1  -0.8860  -0.5205  -0.9704  -1.0111  0.4978
 212.40 drone1  -0.8858  -0.5202  -0.9554  -1.0111  0.4958
 212.50 drone1  -0.8859  -0.5203  -0.9404  -1.0111  0.4938
 212.60 drone1  -0.8858  -0.5202  -0.9254  -1.0111  0.4925
 212.70 drone1  -0.8860  -0.5205  -0.9104  -1.0111  0.4912
 212.80 drone1  -0.8860  -0.5206  -0.8954  -1.0111  0.4906
 212.90 drone1  -0.8860  -0.5205  -0.8804  -1.0111  0.4907
 213.00 drone1  -0.8860  -0.5205  -0.8654  -1.0111  0.4910
 213.10 drone1  -0.8859  -0.5204  -0.8504  -1.0111  0.4920
 213.20 drone1  -0.8858  -0.5203  -0.8354  -1.0111  0.4934
 213.30 drone1  -0.8860  -0.5205  -0.8204  -1.0111  0.4950
 213.40 drone1  -0.8860  -0.5205  -0.8054  -1.0111  0.4972
 213.50 drone1  -0.8859  -0.5205  -0.7904  -1.0108  0.4994
 213.60 drone1  -0.8859  -0.5204  -0.7755  -1.0090  0.5009
 213.70 drone1  -0.8859  -0.5203  -0.7609  -1.0057  0.5012
 213.80 drone1  -0.8860  -0.5205  -0.7466  -1.0010  0.5003
 213.90 drone1  -0.8860  -0.5204  -0.7329  -0.9949  0.4986
 214.00 drone1  -0.8859  -0.5204  -0.7199  -0.9875  0.4957
 214.10 drone1  -0.8859  -0.5205  -0.7077  -0.9788  0.4917
 214.20 drone1  -0.8859  -0.5203  -0.6964  -0.9689  0.4870
 214.30 drone1  -0.8860  -0.5205  -0.6862  -0.9579  0.4809
 214.40 drone1  -0.8860  -0.5205  -0.6771  -0.9460  0.4740
 214.50 drone1  -0.8859  -0.5206  -0.6692  -0.9332  0.4661
 214.60 drone1  -0.8859  -0.5204  -0.6627  -0.9197  0.4575
 214.70 drone1  -0.8857  -0.5203  -0.6575  -0.9057  0.4478
 214.80 drone1  -0.8860  -0.5205  -0.6538  -0.8911  0.4374
 214.90 drone1  -0.8858  -0.5204  -0.6516  -0.8763  0.4261
 215.00 drone1  -0.8859  -0.5204  -0.6508  -0.8613  0.4142
 215.10 drone1  -0.8860  -0.5205  -0.6508  -0.8463  0.4019
 215.20 drone1  -0.8861  -0.5203  -0.6508  -0.8313  0.3900
 215.30 drone1  -0.8859  -0.5204  -0.6508  -0.8163  0.3780
 215.40 drone1  -0.8860  -0.5205  -0.6508  -0.8013  0.3664
 215.50 drone1  -0.8861  -0.5204  -0.6508  -0.7863  0.3551
 215.60 drone1  -0.8860  -0.5205  -0.6508  -0.7713  0.3439
 215.70 drone1  -0.8858  -0.5203  -0.6508  -0.7563  0.3331
 215.80 drone1  -0.8860  -0.5205  -0.6508  -0.7413  0.3226
 215.90 drone1  -0.8860  -0.5204  -0.6508  -0.7263  0.3126
 216.00 drone1  -0.8859  -0.5204  -0.6508  -0.7113  0.3029
 216.10 drone1  -0.8859  -0.5204  -0.6508  -0.6963  0.2936
 216.20 drone1  -0.8860  -0.5204  -0.6508  -0.6813  0.2850
 216.30 drone1  -0.8859  -0.5204  -0.6508  -0.6663  0.2768
 216.40 drone1  -0.8858  -0.5205  -0.6511  -0.6513  0.2688
 216.50 drone1  -0.8860  -0.5205  -0.6528  -0.6364  0.2604
 216.60 drone1  -0.8859  -0.5203  -0.6560  -0.6218  0.2513
 216.70 drone1  -0.8860  -0.5205  -0.6607  -0.6075  0.2416
 216.80 drone1  -0.8858  -0.5203  -0.6667  -0.5938  0.2311
 216.90 drone1  -0.8861  -0.5204  -0.6741  -0.5808  0.2204
 217.00 drone1  -0.8860  -0.5205  -0.6828  -0.5685  0.2088
 217.10 drone1  -0.8859  -0.5204  -0.6926  -0.5572  0.1968
 217.20 drone1  -0.8860  -0.5204  -0.7035  -0.5469  0.1844
 217.30 drone1  -0.8858  -0.5203  -0.7154  -0.5378  0.1713
 217.40 drone1  -0.8860  -0.5206  -0.7281  -0.5299  0.1581
 217.50 drone1  -0.8860  -0.5205  -0.7416  -0.5233  0.1444
 217.60 drone1  -0.8860  -0.5206  -0.7557  -0.5181  0.1303
 217.70 drone1  -0.8860  -0.5205  -0.7702  -0.5143  0.1160
 217.80 drone1  -0.8860  -0.5205  -0.7850  -0.5120  0.1014
 217.90 drone1  -0.8858  -0.5203  -0.7999  -0.5111  0.0864
 218.00 drone1  -0.8859  -0.5204  -0.8149  -0.5111  0.0716
 218.10 drone1  -0.8860  -0.5204  -0.8299  -0.5111  0.0568
 218.20 drone1  -0.8859  -0.5206  -0.8449  -0.5111  0.0421
 218.30 drone1  -0.8860  -0.5205  -0.8599  -0.5111  0.0277
 218.40 drone1  -0.8860  -0.5205  -0.8749  -0.5111  0.0145
 218.50 drone1  -0.8859  -0.5204  -0.8899  -0.5111  0.0101
 218.60 drone1  -0.8859  -0.5205  -0.9049  -0.5111  0.0213
 218.70 drone1  -0.8860  -0.5203  -0.9199  -0.5111  0.0352
 218.80 drone1  -0.8860  -0.5206  -0.9349  -0.5111  0.0499
 218.90 drone1  -0.8860  -0.5203  -0.9499  -0.5111  0.0646
 219.00 drone1  -0.8857  -0.5202  -0.9649  -0.5111  0.0798
 219.10 drone1  -0.8859  -0.5205  -0.9799  -0.5111  0.0945
 219.20 drone1  -0.8859  -0.5206  -0.9949  -0.5111  0.1094
 219.30 drone1  -0.8860  -0.5204  -1.0099  -0.5114  0.1243
 219.40 drone1  -0.8859  -0.5204  -1.0248  -0.5131  0.1392
 219.50 drone1  -0.8859  -0.5204  -1.0395  -0.5162  0.1536
 219.60 drone1  -0.8859  -0.5205  -1.0538  -0.5208  0.1678
 219.70 drone1  -0.8857  -0.5203  -1.0675  -0.5268  0.1819
 219.80 drone1  -0.8860  -0.5205  -1.0806  -0.5341  0.1951
 219.90 drone1  -0.8860  -0.5205  -1.0929  -0.5427  0.2081
 220.00 drone1  -0.8860  -0.5205  -1.1042  -0.5525  0.2206
 220.10 drone1  -0.8859  -0.5204  -1.1146  -0.5634  0.2326
 220.20 drone1  -0.8860  -0.5205  -1.1238  -0.5752  0.2440
 220.30 drone1  -0.8859  -0.5205  -1.1317  -0.5879  0.2549
 220.40 drone1  -0.8860  -0.5205  -1.1384  -0.6014  0.2651
 220.50 drone1  -0.8860  -0.5206  -1.1436  -0.6154  0.2746
 220.60 drone1  -0.8860  -0.5205  -1.1475  -0.6299  0.2835
 220.70 drone1  -0.8860  -0.5204  -1.1499  -0.6447  0.2917
 220.80 drone1  -0.8859  -0.5205  -1.1508  -0.6597  0.2992
 220.90 drone1  -0.8858  -0.5204  -1.1508  -0.6747  0.3066
 221.00 drone1  -0.8860  -0.5205  -1.1508  -0.6897  0.3142
 221.10 drone1  -0.8858  -0.5205  -1.1508  -0.7047  0.3227
 221.20 drone1  -0.8859  -0.5206  -1.1508  -0.7197  0.3313
 221.30 drone1  -0.8860  -0.5204  -1.1508  -0.7347  0.3406
 221.40 drone1  -0.8860  -0.5204  -1.1508  -0.7497  0.3503
 221.50 drone1  -0.8857  -0.5203  -1.1508  -0.7647  0.3605
 221.60 drone1  -0.8859  -0.5204  -1.1508  -0.7797  0.3707
 221.70 drone1  -0.8859  -0.5206  -1.1508  -0.7947  0.3812
 221.80 drone1  -0.8859  -0.5206  -1.1508  -0.8097  0.3921
 221.90 drone1  -0.8861  -0.5204  -1.1508  -0.8247  0.4033
 222.00 drone1  -0.8861  -0.5203  -1.1508  -0.8397  0.4148
 222.10 drone1  -0.8860  -0.5204  -1.1508  -0.8547  0.4264
 222.20 drone1  -0.8860  -0.5205  -1.1505  -0.8697  0.4381
 222.30 drone1  -0.8860  -0.5205  -1.1489  -0.8846  0.4491
 222.40 drone1  -0.8860  -0.5205  -1.1459  -0.8992  0.4593
 222.50 drone1  -0.8859  -0.5204  -1.1413  -0.9135  0.4688
 222.60 drone1  -0.8860  -0.5204  -1.1354  -0.9273  0.4772
 222.70 drone1  -0.8858  -0.5203  -1.1281  -0.9404  0.4850
 222.80 drone1  -0.8860  -0.5204  -1.1196  -0.9527  0.4914
 222.90 drone1  -0.8860  -0.5205  -1.1098  -0.9641  0.4969
 223.00 drone1  -0.8859  -0.5204  -1.0990  -0.9745  0.5016
 223.10 drone1  -0.8860  -0.5205  -1.0872  -0.9837  0.5051
 223.20 drone1  -0.8859  -0.5206  -1.0745  -0.9917  0.5075
 223.30 drone1  -0.8860  -0.5205  -1.0611  -0.9985  0.5090
 223.40 drone1  -0.8861  -0.5204  -1.0471  -1.0038  0.5095
 223.50 drone1  -0.8860  -0.5205  -1.0326  -1.0077  0.5088
 223.60 drone1  -0.8859  -0.5204  -1.0178  -1.0101  0.5072
 223.70 drone1  -0.8860  -0.5206  -1.0029  -1.0111  0.5043
 223.80 drone1  -0.8860  -0.5204  -0.9879  -1.0111  0.5011
 223.90 drone1  -0.8859  -0.5204  -0.9729  -1.0111  0.4983
 224.00 drone1  -0.8859  -0.5204  -0.9579  -1.0111  0.4960
 224.10 drone1  -0.8859  -0.5204  -0.9429  -1.0111  0.4940
 224.20 drone1  -0.8860  -0.5204  -0.9279  -1.0111  0.4925
 224.30 drone1  -0.8860  -0.5205  -0.9129  -1.0111  0.4913
 224.40 drone1  -0.8860  -0.5205  -0.8979  -1.0111  0.4907
 224.50 drone1  -0.8860  -0.5205  -0.8829  -1.0111  0.4907
 224.60 drone1  -0.8860  -0.5205  -0.8679  -1.0111  0.4909
 224.70 drone1  -0.8857  -0.5202  -0.8529  -1.0111  0.4920
 224.80 drone1  -0.8860  -0.5204  -0.8379  -1.0111  0.4930
 224.90 drone1  -0.8858  -0.5204  -0.8229  -1.0111  0.4947
 225.00 drone1  -0.8860  -0.5206  -0.8079  -1.0111  0.4967
 225.10 drone1  -0.8858  -0.5205  -0.7929  -1.0109  0.4992
 225.20 drone1  -0.8858  -0.5203  -0.7779  -1.0094  0.5008
 225.30 drone1  -0.8859  -0.5204  -0.7633  -1.0063  0.5012
 225.40 drone1  -0.8860  -0.5205  -0.7490  -1.0019  0.5005
 225.50 drone1  -0.8859  -0.5204  -0.7352  -0.9960  0.4990
 225.60 drone1  -0.8858  -0.5203  -0.7220  -0.9888  0.4963
 225.70 drone1  -0.8858  -0.5203  -0.7097  -0.9803  0.4926
 225.80 drone1  -0.8860  -0.5204  -0.6982  -0.9706  0.4877
 225.90 drone1  -0.8859  -0.5204  -0.6878  -0.9598  0.4820
 226.00 drone1  -0.8860  -0.5204  -0.6785  -0.9480  0.4753
 226.10 drone1  -0.8859  -0.5203  -0.6705  -0.9354  0.4676
 226.20 drone1  -0.8859  -0.5204  -0.6637  -0.9220  0.4590
 226.30 drone1  -0.8859  -0.5204  -0.6583  -0.9080  0.4495
 226.40 drone1  -0.8859  -0.5204  -0.6543  -0.8936  0.4392
 226.50 drone1  -0.8859  -0.5205  -0.6518  -0.8788  0.4280
 226.60 drone1  -0.8860  -0.5205  -0.6508  -0.8638  0.4162
 226.70 drone1  -0.8860  -0.5205  -0.6508  -0.8488  0.4039
 226.80 drone1  -0.8859  -0.5204  -0.6508  -0.8338  0.3918
 226.90 drone1  -0.8860  -0.5205  -0.6508  -0.8188  0.3799
 227.00 drone1  -0.8859  -0.5206  -0.6508  -0.8038  0.3682
 227.10 drone1  -0.8859  -0.5204  -0.6508  -0.7888  0.3568
 227.20 drone1  -0.8859  -0.5204  -0.6508  -0.7738  0.3457
 227.30 drone1  -0.8859  -0.5205  -0.6508  -0.7588  0.3348
 227.40 drone1  -0.8859  -0.5204  -0.6508  -0.7438  0.3244
 227.50 drone1  -0.8860  -0.5205  -0.6508  -0.7288  0.3142
 227.60 drone1  -0.8859  -0.5204  -0.6508  -0.7138  0.3044
 227.70 drone1  -0.8860  -0.5202  -0.6508  -0.6988  0.2953
 227.80 drone1  -0.8858  -0.5203  -0.6508  -0.6838  0.2863
 227.90 drone1  -0.8858  -0.5202  -0.6508  -0.6688  0.2780
 228.00 drone1  -0.8858  -0.5203  -0.6510  -0.6538  0.2701
 228.10 drone1  -0.8859  -0.5205  -0.6524  -0.6389  0.2617
 228.20 drone1  -0.8858  -0.5202  -0.6554  -0.6242  0.2528
 228.30 drone1  -0.8860  -0.5205  -0.6598  -0.6099  0.2432
 228.40 drone1  -0.8860  -0.5205  -0.6656  -0.5960  0.2330
 228.50 drone1  -0.8857  -0.5203  -0.6728  -0.5829  0.2219
 228.60 drone1  -0.8860  -0.5204  -0.6812  -0.5705  0.2108
 228.70 drone1  -0.8859  -0.5204  -0.6909  -0.5590  0.1988
 228.80 drone1  -0.8859  -0.5202  -0.7016  -0.5486  0.1865
 228.90 drone1  -0.8860  -0.5206  -0.7134  -0.5392  0.1736
 229.00 drone1  -0.8859  -0.5205  -0.7260  -0.5311  0.1603
 229.10 drone1  -0.8861  -0.5204  -0.7393  -0.5243  0.1468
 229.20 drone1  -0.8860  -0.5205  -0.7533  -0.5188  0.1327
 229.30 drone1  -0.8857  -0.5202  -0.7677  -0.5148  0.1181
 229.40 drone1  -0.8860  -0.5205  -0.7825  -0.5122  0.1038
 229.50 drone1  -0.8861  -0.5204  -0.7975  -0.5112  0.0891
 229.60 drone1  -0.8858  -0.5203  -0.8125  -0.5111  0.0739
 229.70 drone1  -0.8859  -0.5204  -0.8275  -0.5111  0.0591
 229.80 drone1  -0.8860  -0.5205  -0.8425  -0.5111  0.0445
 229.90 drone1  -0.8860  -0.5205  -0.8575  -0.5111  0.0300
 230.00 drone1  -0.8860  -0.5204  -0.8725  -0.5111  0.0164
 230.10 drone1  -0.8860  -0.5205  -0.8875  -0.5111  0.0095
 230.20 drone1  -0.8860  -0.5205  -0.9025  -0.5111  0.0189
 230.30 drone1  -0.8860  -0.5205  -0.9175  -0.5111  0.0328
 230.40 drone1  -0.8860  -0.5204  -0.9325  -0.5111  0.0474
 230.50 drone1  -0.8859  -0.5204  -0.9475  -0.5111  0.0623
 230.60 drone1  -0.8859  -0.5203  -0.9625  -0.5111  0.0771
 230.70 drone1  -0.8859  -0.5205  -0.9775  -0.5111  0.0920
 230.80 drone1  -0.8860  -0.5204  -0.9925  -0.5111  0.1069
 230.90 drone1  -0.8859  -0.5203  -1.0075  -0.5113  0.1219
 231.00 drone1  -0.8859  -0.5203  -1.0224  -0.5127  0.1367
 231.10 drone1  -0.8860  -0.5205  -1.0371  -0.5156  0.1512
 231.20 drone1  -0.8860  -0.5204  -1.0514  -0.5199  0.1655
 231.30 drone1  -0.8860  -0.5205  -1.0653  -0.5257  0.1794
 231.40 drone1  -0.8861  -0.5204  -1.0785  -0.5328  0.1928
 231.50 drone1  -0.8859  -0.5204  -1.0909  -0.5412  0.2060
 231.60 drone1  -0.8860  -0.5204  -1.1024  -0.5508  0.2185
 231.70 drone1  -0.8861  -0.5204  -1.1129  -0.5615  0.2306
 231.80 drone1  -0.8859  -0.5203  -1.1223  -0.5732  0.2423
 231.90 drone1  -0.8858  -0.5204  -1.1305  -0.5858  0.2532
 232.00 drone1  -0.8860  -0.5205  -1.1374  -0.5991  0.2634
 232.10 drone1  -0.8860  -0.5204  -1.1429  -0.6130  0.2731
 232.20 drone1  -0.8859  -0.5205  -1.1470  -0.6275  0.2821
 232.30 drone1  -0.8859  -0.5205  -1.1496  -0.6422  0.2904
 232.40 drone1  -0.8859  -0.5204  -1.1507  -0.6572  0.2981
 232.50 drone1  -0.8860  -0.5204  -1.1508  -0.6722  0.3052
 232.60 drone1  -0.8859  -0.5205  -1.1508  -0.6872  0.3129
 232.70 drone1  -0.8860  -0.5205  -1.1508  -0.7022  0.3211
 232.80 drone1  -0.8857  -0.5202  -1.1508  -0.7172  0.3302
 232.90 drone1  -0.8859  -0.5205  -1.1508  -0.7322  0.3390
 233.00 drone1  -0.8859  -0.5204  -1.1508  -0.7472  0.3487
 233.10 drone1  -0.8859  -0.5201  -1.1508  -0.7622  0.3588
 233.20 drone1  -0.8858  -0.5204  -1.1508  -0.7772  0.3690
 233.30 drone1  -0.8859  -0.5204  -1.1508  -0.7922  0.3794
 233.40 drone1  -0.8859  -0.5203  -1.1508  -0.8072  0.3904
 233.50 drone1  -0.8859  -0.5205  -1.1508  -0.8222  0.4015
 233.60 drone1  -0.8859  -0.5205  -1.1508  -0.8372  0.4128
 233.70 drone1  -0.8859  -0.5206  -1.1508  -0.8522  0.4244
 233.80 drone1  -0.8859  -0.5203  -1.1507  -0.8672  0.4363
 233.90 drone1  -0.8858  -0.5203  -1.1493  -0.8821  0.4476
 234.00 drone1  -0.8860  -0.5205  -1.1465  -0.8968  0.4577
 234.10 drone1  -0.8858  -0.5203  -1.1422  -0.9112  0.4675
 234.20 drone1  -0.8860  -0.5204  -1.1365  -0.9251  0.4759
 234.30 drone1  -0.8858  -0.5204  -1.1294  -0.9383  0.4837
 234.40 drone1  -0.8859  -0.5206  -1.1211  -0.9507  0.4902
 234.50 drone1  -0.8859  -0.5204  -1.1115  -0.9623  0.4961
 234.60 drone1  -0.8859  -0.5205  -1.1009  -0.9729  0.5008
 234.70 drone1  -0.8859  -0.5205  -1.0892  -0.9823  0.5045
 234.80 drone1  -0.8860  -0.5205  -1.0767  -0.9905  0.5072
 234.90 drone1  -0.8859  -0.5203  -1.0634  -0.9974  0.5090
 235.00 drone1  -0.8860  -0.5205  -1.0494  -1.0030  0.5095
 235.10 drone1  -0.8859  -0.5205  -1.0350  -1.0072  0.5090
 235.20 drone1  -0.8858  -0.5205  -1.0203  -1.0098  0.5075
 235.30 drone1  -0.8858  -0.5203  -1.0053  -1.0110  0.5051
 235.40 drone1  -0.8859  -0.5202  -0.9903  -1.0111  0.5019
 235.50 drone1  -0.8859  -0.5204  -0.9753  -1.0111  0.4988
 235.60 drone1  -0.8859  -0.5205  -0.9603  -1.0111  0.4962
 235.70 drone1  -0.8860  -0.5205  -0.9453  -1.0111  0.4942
 235.80 drone1  -0.8860  -0.5205  -0.9303  -1.0111  0.4927
 235.90 drone1  -0.8861  -0.5204  -0.9153  -1.0111  0.4916
 236.00 drone1  -0.8860  -0.5205  -0.9003  -1.0111  0.4909
 236.10 drone1  -0.8860  -0.5205  -0.8853  -1.0111  0.4906
 236.20 drone1  -0.8859  -0.5205  -0.8703  -1.0111  0.4908
 236.30 drone1  -0.8860  -0.5205  -0.8553  -1.0111  0.4916
 236.40 drone1  -0.8860  -0.5205  -0.8403  -1.0111  0.4928
 236.50 drone1  -0.8859  -0.5206  -0.8253  -1.0111  0.4943
 236.60 drone1  -0.8860  -0.5204  -0.8103  -1.0111  0.4965
 236.70 drone1  -0.8860  -0.5205  -0.7953  -1.0110  0.4988
 236.80 drone1  -0.8860  -0.5205  -0.7804  -1.0097  0.5005
 236.90 drone1  -0.8861  -0.5203  -0.7657  -1.0069  0.5013
 237.00 drone1  -0.8860  -0.5205  -0.7513  -1.0027  0.5007
 237.10 drone1  -0.8859  -0.5204  -0.7374  -0.9971  0.4992
 237.20 drone1  -0.8859  -0.5205  -0.7241  -0.9901  0.4966
 237.30 drone1  -0.8858  -0.5203  -0.7116  -0.9818  0.4932
 237.40 drone1  -0.8860  -0.5205  -0.7000  -0.9723  0.4885
 237.50 drone1  -0.8860  -0.5205  -0.6895  -0.9616  0.4830
 237.60 drone1  -0.8860  -0.5205  -0.6800  -0.9500  0.4764
 237.70 drone1  -0.8858  -0.5205  -0.6717  -0.9375  0.4688
 237.80 drone1  -0.8859  -0.5204  -0.6647  -0.9243  0.4605
 237.90 drone1  -0.8860  -0.5205  -0.6591  -0.9104  0.4511
 238.00 drone1  -0.8859  -0.5205  -0.6549  -0.8960  0.4408
 238.10 drone1  -0.8859  -0.5204  -0.6521  -0.8812  0.4299
 238.20 drone1  -0.8859  -0.5204  -0.6509  -0.8663  0.4182
 238.30 drone1  -0.8860  -0.5204  -0.6508  -0.8513  0.4059
 238.40 drone1  -0.8859  -0.5204  -0.6508  -0.8363  0.3938
 238.50 drone1  -0.8860  -0.5205  -0.6508  -0.8213  0.3819
 238.60 drone1  -0.8860  -0.5201  -0.6508  -0.8063  0.3705
 238.70 drone1  -0.8859  -0.5205  -0.6508  -0.7913  0.3587
 238.80 drone1  -0.8857  -0.5202  -0.6508  -0.7763  0.3475
 238.90 drone1  -0.8857  -0.5203  -0.6508  -0.7613  0.3365
 239.00 drone1  -0.8857  -0.5203  -0.6508  -0.7463  0.3260
 239.10 drone1  -0.8859  -0.5203  -0.6508  -0.7313  0.3159
 239.20 drone1  -0.8861  -0.5204  -0.6508  -0.7163  0.3062
 239.30 drone1  -0.8859  -0.5204  -0.6508  -0.7013  0.2966
 239.40 drone1  -0.8859  -0.5204  -0.6508  -0.6863  0.2877
 239.50 drone1  -0.8859  -0.5204  -0.6508  -0.6713  0.2794
 239.60 drone1  -0.8857  -0.5202  -0.6509  -0.6563  0.2715
 239.70 drone1  -0.8858  -0.5205  -0.6521  -0.6413  0.2632
 239.80 drone1  -0.8860  -0.5204  -0.6548  -0.6266  0.2544
 239.90 drone1  -0.8858  -0.5203  -0.6590  -0.6122  0.2448
 240.00 drone1  -0.8860  -0.5205  -0.6646  -0.5983  0.2347
 240.10 drone1  -0.8860  -0.5205  -0.6715  -0.5850  0.2239
 240.20 drone1  -0.8859  -0.5204  -0.6798  -0.5725  0.2126
 240.30 drone1  -0.8859  -0.5203  -0.6892  -0.5608  0.2008
 240.40 drone1  -0.8859  -0.5202  -0.6998  -0.5502  0.1886
 240.50 drone1  -0.8859  -0.5206  -0.7114  -0.5407  0.1757
 240.60 drone1  -0.8860  -0.5205  -0.7238  -0.5324  0.1626
 240.70 drone1  -0.8859  -0.5203  -0.7371  -0.5253  0.1489
 240.80 drone1  -0.8859  -0.5204  -0.7510  -0.5196  0.1350
 240.90 drone1  -0.8858  -0.5203  -0.7653  -0.5154  0.1206
 241.00 drone1  -0.8859  -0.5204  -0.7801  -0.5126  0.1062
 241.10 drone1  -0.8858  -0.5202  -0.7950  -0.5112  0.0912
 241.20 drone1  -0.8858  -0.5202  -0.8100  -0.5111  0.0764
 241.30 drone1  -0.8858  -0.5203  -0.8250  -0.5111  0.0615
 241.40 drone1  -0.8860  -0.5205  -0.8400  -0.5111  0.0469
 241.50 drone1  -0.8859  -0.5203  -0.8550  -0.5111  0.0323
 241.60 drone1  -0.8861  -0.5203  -0.8700  -0.5111  0.0185
 241.70 drone1  -0.8857  -0.5202  -0.8850  -0.5111  0.0091
 241.80 drone1  -0.8858  -0.5205  -0.9000  -0.5111  0.0170
 241.90 drone1  -0.8860  -0.5205  -0.9150  -0.5111  0.0305
 242.00 drone1  -0.8860  -0.5205  -0.9300  -0.5111  0.0450
 242.10 drone1  -0.8858  -0.5203  -0.9450  -0.5111  0.0599
 242.20 drone1  -0.8859  -0.5204  -0.9600  -0.5111  0.0747
 242.30 drone1  -0.8857  -0.5203  -0.9750  -0.5111  0.0897
 242.40 drone1  -0.8860  -0.5205  -0.9900  -0.5111  0.1045
 242.50 drone1  -0.8857  -0.5203  -1.0050  -0.5112  0.1196
 242.60 drone1  -0.8857  -0.5203  -1.0199  -0.5123  0.1345
 242.70 drone1  -0.8859  -0.5204  -1.0347  -0.5150  0.1489
 242.80 drone1  -0.8859  -0.5204  -1.0491  -0.5191  0.1632
 242.90 drone1  -0.8859  -0.5204  -1.0630  -0.5246  0.1772
 243.00 drone1  -0.8858  -0.5202  -1.0764  -0.5315  0.1909
 243.10 drone1  -0.8858  -0.5202  -1.0889  -0.5397  0.2041
 243.20 drone1  -0.8859  -0.5205  -1.1006  -0.5491  0.2166
 243.30 drone1  -0.8860  -0.5205  -1.1113  -0.5597  0.2287
 243.40 drone1  -0.8858  -0.5203  -1.1208  -0.5712  0.2405
 243.50 drone1  -0.8859  -0.5206  -1.1292  -0.5836  0.2514
 243.60 drone1  -0.8858  -0.5203  -1.1363  -0.5969  0.2619
 243.70 drone1  -0.8858  -0.5203  -1.1421  -0.6107  0.2717
 243.80 drone1  -0.8859  -0.5206  -1.1464  -0.6251  0.2807
 243.90 drone1  -0.8858  -0.5205  -1.1493  -0.6398  0.2892
 244.00 drone1  -0.8860  -0.5204  -1.1506  -0.6547  0.2968
 244.10 drone1  -0.8859  -0.5204  -1.1508  -0.6697  0.3041
 244.20 drone1  -0.8860  -0.5205  -1.1508  -0.6847  0.3116
 244.30 drone1  -0.8859  -0.5204  -1.1508  -0.6997  0.3199
 244.40 drone1  -0.8859  -0.5204  -1.1508  -0.7147  0.3285
 244.50 drone1  -0.8858  -0.5204  -1.1508  -0.7297  0.3377
 244.60 drone1  -0.8859  -0.5204  -1.1508  -0.7447  0.3471
 244.70 drone1  -0.8860  -0.5205  -1.1508  -0.7597  0.3568
 244.80 drone1  -0.8860  -0.5204  -1.1508  -0.7747  0.3671
 244.90 drone1  -0.8859  -0.5205  -1.1508  -0.7897  0.3776
 245.00 drone1  -0.8859  -0.5204  -1.1508  -0.8047  0.3886
 245.10 drone1  -0.8860  -0.5205  -1.1508  -0.8197  0.3995
 245.20 drone1  -0.8858  -0.5205  -1.1508  -0.8347  0.4110
 245.30 drone1  -0.8860  -0.5205  -1.1508  -0.8497  0.4225
 245.40 drone1  -0.8859  -0.5203  -1.1507  -0.8647  0.4344
 245.50 drone1  -0.8860  -0.5205  -1.1496  -0.8797  0.4456
 245.60 drone1  -0.8860  -0.5205  -1.1470  -0.8944  0.4560
 245.70 drone1  -0.8860  -0.5205  -1.1430  -0.9089  0.4657
 245.80 drone1  -0.8859  -0.5204  -1.1375  -0.9228  0.4746
 245.90 drone1  -0.8858  -0.5204  -1.1307  -0.9362  0.4825
 246.00 drone1  -0.8858  -0.5203  -1.1225  -0.9487  0.4894
 246.10 drone1  -0.8859  -0.5204  -1.1132  -0.9605  0.4953
 246.20 drone1  -0.8858  -0.5203  -1.1027  -0.9712  0.5004
 246.30 drone1  -0.8857  -0.5203  -1.0912  -0.9808  0.5043
 246.40 drone1  -0.8859  -0.5204  -1.0788  -0.9892  0.5070
 246.50 drone1  -0.8860  -0.5205  -1.0656  -0.9964  0.5087
 246.60 drone1  -0.8860  -0.5205  -1.0518  -1.0022  0.5094
 246.70 drone1  -0.8858  -0.5203  -1.0374  -1.0066  0.5093
 246.80 drone1  -0.8858  -0.5204  -1.0227  -1.0095  0.5079
 246.90 drone1  -0.8859  -0.5204  -1.0078  -1.0110  0.5055
 247.00 drone1  -0.8860  -0.5205  -0.9928  -1.0111  0.5021
 247.10 drone1  -0.8859  -0.5206  -0.9778  -1.0111  0.4991
 247.20 drone1  -0.8860  -0.5204  -0.9628  -1.0111  0.4967
 247.30 drone1  -0.8860  -0.5205  -0.9478  -1.0111  0.4945
 247.40 drone1  -0.8858  -0.5203  -0.9328  -1.0111  0.4930
 247.50 drone1  -0.8858  -0.5203  -0.9178  -1.0111  0.4918
 247.60 drone1  -0.8857  -0.5203  -0.9028  -1.0111  0.4911
 247.70 drone1  -0.8860  -0.5206  -0.8878  -1.0111  0.4906
 247.80 drone1  -0.8860  -0.5205  -0.8728  -1.0111  0.4908
 247.90 drone1  -0.8859  -0.5204  -0.8578  -1.0111  0.4915
 248.00 drone1  -0.8860  -0.5205  -0.8428  -1.0111  0.4925
 248.10 drone1  -0.8860  -0.5205  -0.8278  -1.0111  0.4941
 248.20 drone1  -0.8859  -0.5204  -0.8128  -1.0111  0.4961
 248.30 drone1  -0.8859  -0.5205  -0.7978  -1.0111  0.4985
 248.40 drone1  -0.8859  -0.5204  -0.7829  -1.0100  0.5004
 248.50 drone1  -0.8860  -0.5205  -0.7681  -1.0075  0.5011
 248.60 drone1  -0.8860  -0.5204  -0.7536  -1.0035  0.5009
 248.70 drone1  -0.8857  -0.5202  -0.7396  -0.9981  0.4997
 248.80 drone1  -0.8859  -0.5205  -0.7263  -0.9913  0.4971
 248.90 drone1  -0.8858  -0.5204  -0.7137  -0.9832  0.4938
 249.00 drone1  -0.8860  -0.5205  -0.7019  -0.9739  0.4893
 249.10 drone1  -0.8859  -0.5205  -0.6911  -0.9635  0.4839
 249.20 drone1  -0.8860  -0.5204  -0.6815  -0.9520  0.4776
 249.30 drone1  -0.8860  -0.5205  -0.6730  -0.9396  0.4702
 249.40 drone1  -0.8860  -0.5205  -0.6658  -0.9265  0.4619
 249.50 drone1  -0.8860  -0.5205  -0.6599  -0.9127  0.4527
 249.60 drone1  -0.8860  -0.5205  -0.6555  -0.8984  0.4426
 249.70 drone1  -0.8859  -0.5205  -0.6525  -0.8837  0.4318
 249.80 drone1  -0.8858  -0.5204  -0.6510  -0.8688  0.4202
 249.90 drone1  -0.8859  -0.5205  -0.6508  -0.8538  0.4079
 250.00 drone1  -0.8857  -0.5202  -0.6508  -0.8388  0.3958
 250.10 drone1  -0.8858  -0.5204  -0.6508  -0.8238  0.3837
 250.20 drone1  -0.8860  -0.5205  -0.6508  -0.8088  0.3720
 250.30 drone1  -0.8860  -0.5205  -0.6508  -0.7938  0.3606
 250.40 drone1  -0.8860  -0.5202  -0.6508  -0.7788  0.3496
 250.50 drone1  -0.8858  -0.5203  -0.6508  -0.7638  0.3384
 250.60 drone1  -0.8858  -0.5203  -0.6508  -0.7488  0.3278
 250.70 drone1  -0.8859  -0.5205  -0.6508  -0.7338  0.3175
 250.80 drone1  -0.8859  -0.5204  -0.6508  -0.7188  0.3076
 250.90 drone1  -0.8859  -0.5204  -0.6508  -0.7038  0.2982
 251.00 drone1  -0.8860  -0.5205  -0.6508  -0.6888  0.2892
 251.10 drone1  -0.8861  -0.5204  -0.6508  -0.6738  0.2809
 251.20 drone1  -0.8857  -0.5203  -0.6508  -0.6588  0.2727
 251.30 drone1  -0.8860  -0.5205  -0.6518  -0.6438  0.2647
 251.40 drone1  -0.8859  -0.5204  -0.6543  -0.6290  0.2559
 251.50 drone1  -0.8861  -0.5204  -0.6582  -0.6146  0.2466
 251.60 drone1  -0.8860  -0.5205  -0.6636  -0.6005  0.2364
 251.70 drone1  -0.8859  -0.5201  -0.6703  -0.5872  0.2258
 251.80 drone1  -0.8860  -0.5205  -0.6783  -0.5745  0.2146
 251.90 drone1  -0.8859  -0.5205  -0.6876  -0.5627  0.2028
 252.00 drone1  -0.8859  -0.5205  -0.6980  -0.5519  0.1906
 252.10 drone1  -0.8860  -0.5205  -0.7094  -0.5422  0.1779
 252.20 drone1  -0.8859  -0.5204  -0.7217  -0.5336  0.1647
 252.30 drone1  -0.8859  -0.5204  -0.7348  -0.5264  0.1512
 252.40 drone1  -0.8860  -0.5205  -0.7486  -0.5205  0.1373
 252.50 drone1  -0.8860  -0.5205  -0.7629  -0.5160  0.1231
 252.60 drone1  -0.8859  -0.5205  -0.7776  -0.5129  0.1085
 252.70 drone1  -0.8859  -0.5204  -0.7925  -0.5113  0.0939
 252.80 drone1  -0.8859  -0.5204  -0.8075  -0.5111  0.0790
 252.90 drone1  -0.8859  -0.5205  -0.8225  -0.5111  0.0641
 253.00 drone1  -0.8858  -0.5204  -0.8375  -0.5111  0.0492
 253.10 drone1  -0.8859  -0.5204  -0.8525  -0.5111  0.0346
 253.20 drone1  -0.8860  -0.5205  -0.8675  -0.5111  0.0207
 253.30 drone1  -0.8860  -0.5205  -0.8825  -0.5111  0.0100
 253.40 drone1  -0.8859  -0.5206  -0.8975  -0.5111  0.0150
 253.50 drone1  -0.8860  -0.5205  -0.9125  -0.5111  0.0281
 253.60 drone1  -0.8858  -0.5203  -0.9275  -0.5111  0.0427
 253.70 drone1  -0.8860  -0.5205  -0.9425  -0.5111  0.0573
 253.80 drone1  -0.8859  -0.5204  -0.9575  -0.5111  0.0722
 253.90 drone1  -0.8858  -0.5205  -0.9725  -0.5111  0.0872
 254.00 drone1  -0.8860  -0.5205  -0.9875  -0.5111  0.1020
 254.10 drone1  -0.8860  -0.5205  -1.0025  -0.5111  0.1169
 254.20 drone1  -0.8860  -0.5205  -1.0175  -0.5120  0.1318
 254.30 drone1  -0.8860  -0.5205  -1.0323  -0.5145  0.1464
 254.40 drone1  -0.8859  -0.5206  -1.0468  -0.5183  0.1608
 254.50 drone1  -0.8860  -0.5205  -1.0608  -0.5236  0.1748
 254.60 drone1  -0.8859  -0.5204  -1.0742  -0.5303  0.1885
 254.70 drone1  -0.8859  -0.5204  -1.0869  -0.5383  0.2018
 254.80 drone1  -0.8859  -0.5204  -1.0987  -0.5475  0.2146
 254.90 drone1  -0.8859  -0.5206  -1.1096  -0.5579  0.2268
 255.00 drone1  -0.8861  -0.5204  -1.1193  -0.5692  0.2383
 255.10 drone1  -0.8859  -0.5205  -1.1279  -0.5815  0.2496
 255.20 drone1  -0.8857  -0.5203  -1.1352  -0.5946  0.2604
 255.30 drone1  -0.8859  -0.5205  -1.1412  -0.6084  0.2700
 255.40 drone1  -0.8859  -0.5205  -1.1458  -0.6227  0.2793
 255.50 drone1  -0.8858  -0.5205  -1.1489  -0.6373  0.2879
 255.60 drone1  -0.8858  -0.5204  -1.1505  -0.6522  0.2957
 255.70 drone1  -0.8858  -0.5204  -1.1508  -0.6672  0.3029
 255.80 drone1  -0.8860  -0.5205  -1.1508  -0.6822  0.3103
 255.90 drone1  -0.8860  -0.5204  -1.1508  -0.6972  0.3184
 256.00 drone1  -0.8859  -0.5206  -1.1508  -0.7122  0.3270
 256.10 drone1  -0.8860  -0.5204  -1.1508  -0.7272  0.3360
 256.20 drone1  -0.8859  -0.5204  -1.1508  -0.7422  0.3455
 256.30 drone1  -0.8859  -0.5204  -1.1508  -0.7572  0.3553
 256.40 drone1  -0.8858  -0.5204  -1.1508  -0.7722  0.3656
 256.50 drone1  -0.8859  -0.5205  -1.1508  -0.7872  0.3759
 256.60 drone1  -0.8859  -0.5204  -1.1508  -0.8022  0.3867
 256.70 drone1  -0.8859  -0.5205  -1.1508  -0.8172  0.3978
 256.80 drone1  -0.8859  -0.5205  -1.1508  -0.8322  0.4091
 256.90 drone1  -0.8858  -0.5203  -1.1508  -0.8472  0.4208
 257.00 drone1  -0.8859  -0.5204  -1.1508  -0.8622  0.4324
 257.10 drone1  -0.8859  -0.5205  -1.1499  -0.8772  0.4438
 257.20 drone1  -0.8859  -0.5203  -1.1476  -0.8920  0.4546
 257.30 drone1  -0.8859  -0.5203  -1.1438  -0.9065  0.4644
 257.40 drone1  -0.8860  -0.5205  -1.1385  -0.9205  0.4731
 257.50 drone1  -0.8859  -0.5204  -1.1319  -0.9340  0.4812
 257.60 drone1  -0.8860  -0.5204  -1.1240  -0.9467  0.4882
 257.70 drone1  -0.8859  -0.5204  -1.1148  -0.9586  0.4944
 257.80 drone1  -0.8859  -0.5204  -1.1045  -0.9695  0.4994
 257.90 drone1  -0.8859  -0.5205  -1.0932  -0.9793  0.5034
 258.00 drone1  -0.8859  -0.5206  -1.0809  -0.9879  0.5064
 258.10 drone1  -0.8858  -0.5203  -1.0678  -0.9953  0.5087
 258.20 drone1  -0.8858  -0.5204  -1.0541  -1.0013  0.5095
 258.30 drone1  -0.8860  -0.5205  -1.0398  -1.0059  0.5092
 258.40 drone1  -0.8859  -0.5204  -1.0252  -1.0091  0.5082
 258.50 drone1  -0.8859  -0.5204  -1.0103  -1.0108  0.5060
 258.60 drone1  -0.8860  -0.5205  -0.9953  -1.0111  0.5027
 258.70 drone1  -0.8858  -0.5204  -0.9803  -1.0111  0.4997
 258.80 drone1  -0.8858  -0.5204  -0.9653  -1.0111  0.4971
 258.90 drone1  -0.8861  -0.5204  -0.9503  -1.0111  0.4949
 259.00 drone1  -0.8858  -0.5204  -0.9353  -1.0111  0.4932
 259.10 drone1  -0.8859  -0.5204  -0.9203  -1.0111  0.4919
 259.20 drone1  -0.8859  -0.5205  -0.9053  -1.0111  0.4910
 259.30 drone1  -0.8859  -0.5206  -0.8903  -1.0111  0.4906
 259.40 drone1  -0.8858  -0.5203  -0.8753  -1.0111  0.4909
 259.50 drone1  -0.8859  -0.5206  -0.8603  -1.0111  0.4912
 259.60 drone1  -0.8858  -0.5203  -0.8453  -1.0111  0.4925
 259.70 drone1  -0.8859  -0.5204  -0.8303  -1.0111  0.4938
 259.80 drone1  -0.8859  -0.5205  -0.8153  -1.0111  0.4957
 259.90 drone1  -0.8859  -0.5204  -0.8003  -1.0111  0.4981
 260.00 drone1  -0.8860  -0.5204  -0.7853  -1.0103  0.5001
 260.10 drone1  -0.8859  -0.5205  -0.7705  -1.0080  0.5010
 260.20 drone1  -0.8860  -0.5205  -0.7560  -1.0043  0.5009
 260.30 drone1  -0.8860  -0.5205  -0.7419  -0.9991  0.4998
 260.40 drone1  -0.8858  -0.5204  -0.7284  -0.9925  0.4977
 260.50 drone1  -0.8858  -0.5204  -0.7157  -0.9846  0.4945
 260.60 drone1  -0.8860  -0.5205  -0.7038  -0.9755  0.4901
 260.70 drone1  -0.8859  -0.5204  -0.6928  -0.9653  0.4849
 260.80 drone1  -0.8860  -0.5205  -0.6830  -0.9540  0.4787
 260.90 drone1  -0.8859  -0.5204  -0.6743  -0.9417  0.4715
 261.00 drone1  -0.8860  -0.5205  -0.6669  -0.9287  0.4633
 261.10 drone1  -0.8860  -0.5205  -0.6608  -0.9150  0.4543
 261.20 drone1  -0.8860  -0.5205  -0.6561  -0.9008  0.4443
 261.30 drone1  -0.8859  -0.5204  -0.6529  -0.8861  0.4336
 261.40 drone1  -0.8859  -0.5206  -0.6511  -0.8712  0.4220
 261.50 drone1  -0.8859  -0.5206  -0.6508  -0.8562  0.4098
 261.60 drone1  -0.8859  -0.5204  -0.6508  -0.8412  0.3978
 261.70 drone1  -0.8859  -0.5204  -0.6508  -0.8262  0.3858
 261.80 drone1  -0.8860  -0.5205  -0.6508  -0.8112  0.3740
 261.90 drone1  -0.8859  -0.5206  -0.6508  -0.7962  0.3623
 262.00 drone1  -0.8860  -0.5205  -0.6508  -0.7812  0.3511
 262.10 drone1  -0.8859  -0.5204  -0.6508  -0.7662  0.3402
 262.20 drone1  -0.8860  -0.5205  -0.6508  -0.7512  0.3295
 262.30 drone1  -0.8859  -0.5204  -0.6508  -0.7362  0.3191
 262.40 drone1  -0.8858  -0.5203  -0.6508  -0.7212  0.3092
 262.50 drone1  -0.8859  -0.5205  -0.6508  -0.7062  0.2996
 262.60 drone1  -0.8858  -0.5204  -0.6508  -0.6912  0.2905
 262.70 drone1  -0.8859  -0.5205  -0.6508  -0.6762  0.2820
 262.80 drone1  -0.8859  -0.5205  -0.6508  -0.6612  0.2741
 262.90 drone1  -0.8857  -0.5203  -0.6515  -0.6463  0.2659
 263.00 drone1  -0.8858  -0.5205  -0.6537  -0.6314  0.2572
 263.10 drone1  -0.8858  -0.5206  -0.6574  -0.6169  0.2479
 263.20 drone1  -0.8860  -0.5206  -0.6626  -0.6028  0.2381
 263.30 drone1  -0.8858  -0.5204  -0.6691  -0.5893  0.2275
 263.40 drone1  -0.8860  -0.5205  -0.6769  -0.5765  0.2164
 263.50 drone1  -0.8860  -0.5204  -0.6860  -0.5646  0.2049
 263.60 drone1  -0.8858  -0.5204  -0.6962  -0.5536  0.1925
 263.70 drone1  -0.8859  -0.5204  -0.7074  -0.5437  0.1799
 263.80 drone1  -0.8860  -0.5205  -0.7196  -0.5350  0.1670
 263.90 drone1  -0.8858  -0.5205  -0.7326  -0.5275  0.1534
 264.00 drone1  -0.8860  -0.5205  -0.7463  -0.5214  0.1397
 264.10 drone1  -0.8858  -0.5204  -0.7605  -0.5166  0.1254
 264.20 drone1  -0.8859  -0.5204  -0.7752  -0.5133  0.1110
 264.30 drone1  -0.8858  -0.5203  -0.7900  -0.5115  0.0961
 264.40 drone1  -0.8859  -0.5204  -0.8050  -0.5111  0.0814
 264.50 drone1  -0.8859  -0.5205  -0.8200  -0.5111  0.0665
 264.60 drone1  -0.8858  -0.5204  -0.8350  -0.5111  0.0517
 264.70 drone1  -0.8858  -0.5204  -0.8500  -0.5111  0.0370
 264.80 drone1  -0.8858  -0.5204  -0.8650  -0.5111  0.0228
 264.90 drone1  -0.8860  -0.5205  -0.8800  -0.5111  0.0111
 265.00 drone1  -0.8859  -0.5204  -0.8950  -0.5111  0.0131
 265.10 drone1  -0.8860  -0.5205  -0.9100  -0.5111  0.0258
 265.20 drone1  -0.8859  -0.5205  -0.9250  -0.5111  0.0402
 265.30 drone1  -0.8859  -0.5204  -0.9400  -0.5111  0.0549
 265.40 drone1  -0.8859  -0.5204  -0.9550  -0.5111  0.0698
 265.50 drone1  -0.8860  -0.5203  -0.9700  -0.5111  0.0846
 265.60 drone1  -0.8860  -0.5205  -0.9850  -0.5111  0.0995
 265.70 drone1  -0.8858  -0.5205  -1.0000  -0.5111  0.1146
 265.80 drone1  -0.8859  -0.5204  -1.0150  -0.5118  0.1294
 265.90 drone1  -0.8858  -0.5204  -1.0298  -0.5140  0.1441
 266.00 drone1  -0.8859  -0.5205  -1.0444  -0.5176  0.1585
 266.10 drone1  -0.8859  -0.5204  -1.0585  -0.5227  0.1726
 266.20 drone1  -0.8858  -0.5204  -1.0720  -0.5291  0.1864
 266.30 drone1  -0.8860  -0.5205  -1.0849  -0.5369  0.1996
 266.40 drone1  -0.8858  -0.5204  -1.0968  -0.5459  0.2125
 266.50 drone1  -0.8859  -0.5204  -1.1079  -0.5561  0.2249
 266.60 drone1  -0.8860  -0.5206  -1.1178  -0.5673  0.2365
 266.70 drone1  -0.8859  -0.5205  -1.1266  -0.5794  0.2478
 266.80 drone1  -0.8860  -0.5204  -1.1341  -0.5924  0.2584
 266.90 drone1  -0.8858  -0.5203  -1.1403  -0.6061  0.2686
 267.00 drone1  -0.8860  -0.5205  -1.1451  -0.6203  0.2777
 267.10 drone1  -0.8860  -0.5205  -1.1485  -0.6349  0.2863
 267.20 drone1  -0.8859  -0.5203  -1.1504  -0.6498  0.2944
 267.30 drone1  -0.8859  -0.5203  -1.1508  -0.6647  0.3017
 267.40 drone1  -0.8858  -0.5204  -1.1508  -0.6797  0.3092
 267.50 drone1  -0.8861  -0.5204  -1.1508  -0.6947  0.3169
 267.60 drone1  -0.8859  -0.5206  -1.1508  -0.7097  0.3255
 267.70 drone1  -0.8859  -0.5206  -1.1508  -0.7247  0.3344
 267.80 drone1  -0.8859  -0.5205  -1.1508  -0.7397  0.3439
 267.90 drone1  -0.8860  -0.5207  -1.1508  -0.7547  0.3534
 268.00 drone1  -0.8859  -0.5205  -1.1508  -0.7697  0.3637
 268.10 drone1  -0.8858  -0.5203  -1.1508  -0.7847  0.3744
 268.20 drone1  -0.8859  -0.5204  -1.1508  -0.7997  0.3850
 268.30 drone1  -0.8860  -0.5204  -1.1508  -0.8147  0.3959
 268.40 drone1  -0.8859  -0.5204  -1.1508  -0.8297  0.4073
 268.50 drone1  -0.8857  -0.5202  -1.1508  -0.8447  0.4190
 268.60 drone1  -0.8859  -0.5205  -1.1508  -0.8597  0.4304
 268.70 drone1  -0.8859  -0.5205  -1.1502  -0.8747  0.4420
 268.80 drone1  -0.8859  -0.5205  -1.1481  -0.8896  0.4527
 268.90 drone1  -0.8859  -0.5205  -1.1445  -0.9041  0.4627
 269.00 drone1  -0.8860  -0.5205  -1.1395  -0.9183  0.4717
 269.10 drone1  -0.8858  -0.5204  -1.1331  -0.9318  0.4800
 269.20 drone1  -0.8859  -0.5206  -1.1254  -0.9447  0.4870
 269.30 drone1  -0.8860  -0.5202  -1.1164  -0.9567  0.4935
 269.40 drone1  -0.8858  -0.5204  -1.1063  -0.9678  0.4987
 269.50 drone1  -0.8860  -0.5203  -1.0951  -0.9778  0.5030
 269.60 drone1  -0.8861  -0.5204  -1.0830  -0.9866  0.5061
 269.70 drone1  -0.8859  -0.5204  -1.0700  -0.9942  0.5082
 269.80 drone1  -0.8859  -0.5204  -1.0564  -1.0004  0.5094
 269.90 drone1  -0.8859  -0.5206  -1.0422  -1.0053  0.5093
 270.00 drone1  -0.8860  -0.5204  -1.0276  -1.0087  0.5084
 270.10 drone1  -0.8859  -0.5206  -1.0128  -1.0106  0.5062
 270.20 drone1  -0.8860  -0.5205  -0.9978  -1.0111  0.5031
 270.30 drone1  -0.8859  -0.5206  -0.9828  -1.0111  0.5000
 270.40 drone1  -0.8859  -0.5205  -0.9678  -1.0111  0.4974
 270.50 drone1  -0.8859  -0.5205  -0.9528  -1.0111  0.4952
 270.60 drone1  -0.8860  -0.5205  -0.9378  -1.0111  0.4933
 270.70 drone1  -0.8860  -0.5204  -0.9228  -1.0111  0.4920
 270.80 drone1  -0.8859  -0.5204  -0.9078  -1.0111  0.4912
 270.90 drone1  -0.8859  -0.5206  -0.8928  -1.0111  0.4906
 271.00 drone1  -0.8859  -0.5204  -0.8778  -1.0111  0.4908
 271.10 drone1  -0.8858  -0.5204  -0.8628  -1.0111  0.4913
 271.20 drone1  -0.8860  -0.5205  -0.8478  -1.0111  0.4921
 271.30 drone1  -0.8858  -0.5204  -0.8328  -1.0111  0.4935
 271.40 drone1  -0.8859  -0.5204  -0.8178  -1.0111  0.4954
 271.50 drone1  -0.8860  -0.5206  -0.8028  -1.0111  0.4975
 271.60 drone1  -0.8860  -0.5205  -0.7878  -1.0106  0.4998
 271.70 drone1  -0.8861  -0.5204  -0.7729  -1.0085  0.5011
 271.80 drone1  -0.8859  -0.5204  -0.7584  -1.0050  0.5011
 271.90 drone1  -0.8859  -0.5204  -0.7442  -1.0000  0.5001
 272.00 drone1  -0.8858  -0.5203  -0.7306  -0.9937  0.4982
 272.10 drone1  -0.8860  -0.5205  -0.7177  -0.9860  0.4950
 272.20 drone1  -0.8857  -0.5203  -0.7057  -0.9771  0.4911
 272.30 drone1  -0.8860  -0.5203  -0.6946  -0.9670  0.4860
 272.40 drone1  -0.8858  -0.5205  -0.6845  -0.9559  0.4797
 272.50 drone1  -0.8859  -0.5204  -0.6756  -0.9438  0.4727
 272.60 drone1  -0.8856  -0.5204  -0.6680  -0.9309  0.4646
 272.70 drone1  -0.8860  -0.5205  -0.6617  -0.9173  0.4558
 272.80 drone1  -0.8858  -0.5203  -0.6568  -0.9032  0.4461
 272.90 drone1  -0.8858  -0.5203  -0.6533  -0.8886  0.4355
 273.00 drone1  -0.8858  -0.5203  -0.6513  -0.8737  0.4241
 273.10 drone1  -0.8859  -0.5205  -0.6508  -0.8587  0.4119
 273.20 drone1  -0.8860  -0.5205  -0.6508  -0.8437  0.3997
 273.30 drone1  -0.8859  -0.5204  -0.6508  -0.8287  0.3877
 273.40 drone1  -0.8861  -0.5204  -0.6508  -0.8137  0.3760
 273.50 drone1  -0.8858  -0.5205  -0.6508  -0.7987  0.3642
 273.60 drone1  -0.8860  -0.5204  -0.6508  -0.7837  0.3531
 273.70 drone1  -0.8859  -0.5205  -0.6508  -0.7687  0.3420
 273.80 drone1  -0.8858  -0.5204  -0.6508  -0.7537  0.3312
 273.90 drone1  -0.8858  -0.5205  -0.6508  -0.7387  0.3207
 274.00 drone1  -0.8860  -0.5205  -0.6508  -0.7237  0.3108
 274.10 drone1  -0.8860  -0.5205  -0.6508  -0.7087  0.3012
 274.20 drone1  -0.8858  -0.5204  -0.6508  -0.6937  0.2921
 274.30 drone1  -0.8859  -0.5205  -0.6508  -0.6787  0.2834
 274.40 drone1  -0.8859  -0.5202  -0.6508  -0.6637  0.2755
 274.50 drone1  -0.8858  -0.5205  -0.6513  -0.6487  0.2673
 274.60 drone1  -0.8860  -0.5205  -0.6533  -0.6339  0.2588
 274.70 drone1  -0.8858  -0.5204  -0.6567  -0.6193  0.2495
 274.80 drone1  -0.8858  -0.5204  -0.6616  -0.6051  0.2397
 274.90 drone1  -0.8858  -0.5201  -0.6679  -0.5915  0.2293
 275.00 drone1  -0.8857  -0.5203  -0.6755  -0.5786  0.2181
 275.10 drone1  -0.8859  -0.5202  -0.6844  -0.5665  0.2067
 275.20 drone1  -0.8859  -0.5204  -0.6944  -0.5553  0.1946
 275.30 drone1  -0.8860  -0.5203  -0.7055  -0.5453  0.1822
 275.40 drone1  -0.8859  -0.5205  -0.7176  -0.5363  0.1691
 275.50 drone1  -0.8860  -0.5205  -0.7304  -0.5286  0.1557
 275.60 drone1  -0.8858  -0.5203  -0.7440  -0.5223  0.1418
 275.70 drone1  -0.8858  -0.5205  -0.7581  -0.5173  0.1277
 275.80 drone1  -0.8860  -0.5204  -0.7727  -0.5138  0.1134
 275.90 drone1  -0.8860  -0.5205  -0.7876  -0.5117  0.0988
 276.00 drone1  -0.8858  -0.5205  -0.8026  -0.5111  0.0838
 276.10 drone1  -0.8859  -0.5204  -0.8176  -0.5111  0.0689
 276.20 drone1  -0.8859  -0.5204  -0.8326  -0.5111  0.0541
 276.30 drone1  -0.8858  -0.5204  -0.8476  -0.5111  0.0394
 276.40 drone1  -0.8860  -0.5203  -0.8626  -0.5111  0.0252
 276.50 drone1  -0.8859  -0.5206  -0.8776  -0.5111  0.0126
 276.60 drone1  -0.8857  -0.5203  -0.8926  -0.5111  0.0114
 276.70 drone1  -0.8857  -0.5202  -0.9076  -0.5111  0.0237
 276.80 drone1  -0.8859  -0.5205  -0.9226  -0.5111  0.0378
 276.90 drone1  -0.8860  -0.5206  -0.9376  -0.5111  0.0524
 277.00 drone1  -0.8858  -0.5204  -0.9526  -0.5111  0.0674
 277.10 drone1  -0.8858  -0.5203  -0.9676  -0.5111  0.0823
 277.20 drone1  -0.8859  -0.5205  -0.9826  -0.5111  0.0971
 277.30 drone1  -0.8859  -0.5204  -0.9976  -0.5111  0.1121
 277.40 drone1  -0.8859  -0.5205  -1.0125  -0.5116  0.1269
 277.50 drone1  -0.8859  -0.5205  -1.0274  -0.5135  0.1416
 277.60 drone1  -0.8859  -0.5204  -1.0420  -0.5169  0.1562
 277.70 drone1  -0.8859  -0.5204  -1.0562  -0.5217  0.1703
 277.80 drone1  -0.8859  -0.5205  -1.0698  -0.5280  0.1841
 277.90 drone1  -0.8859  -0.5204  -1.0828  -0.5355  0.1975
 278.00 drone1  -0.8859  -0.5204  -1.0949  -0.5443  0.2104
 278.10 drone1  -0.8858  -0.5203  -1.1061  -0.5543  0.2229
 278.20 drone1  -0.8860  -0.5205  -1.1162  -0.5654  0.2346
 278.30 drone1  -0.8859  -0.5205  -1.1252  -0.5774  0.2460
 278.40 drone1  -0.8859  -0.5206  -1.1330  -0.5902  0.2567
 278.50 drone1  -0.8860  -0.5205  -1.1394  -0.6038  0.2668
 278.60 drone1  -0.8857  -0.5202  -1.1444  -0.6179  0.2765
 278.70 drone1  -0.8859  -0.5206  -1.1480  -0.6324  0.2850
 278.80 drone1  -0.8859  -0.5205  -1.1501  -0.6473  0.2931
 278.90 drone1  -0.8859  -0.5205  -1.1508  -0.6623  0.3004
 279.00 drone1  -0.8857  -0.5204  -1.1508  -0.6773  0.3080
 279.10 drone1  -0.8859  -0.5205  -1.1508  -0.6923  0.3157
 279.20 drone1  -0.8860  -0.5205  -1.1508  -0.7073  0.3240
 279.30 drone1  -0.8859  -0.5205  -1.1508  -0.7223  0.3330
 279.40 drone1  -0.8859  -0.5205  -1.1508  -0.7373  0.3423
 279.50 drone1  -0.8859  -0.5205  -1.1508  -0.7523  0.3519
 279.60 drone1  -0.8860  -0.5205  -1.1508  -0.7673  0.3619
 279.70 drone1  -0.8859  -0.5205  -1.1508  -0.7823  0.3724
 279.80 drone1  -0.8859  -0.5205  -1.1508  -0.7973  0.3831
 279.90 drone1  -0.8859  -0.5205  -1.1508  -0.8123  0.3941
 280.00 drone1  -0.8859  -0.5204  -1.1508  -0.8273  0.4053
 280.10 drone1  -0.8859  -0.5204  -1.1508  -0.8423  0.4168
 280.20 drone1  -0.8859  -0.5205  -1.1508  -0.8573  0.4284
 280.30 drone1  -0.8859  -0.5205  -1.1504  -0.8723  0.4401
 280.40 drone1  -0.8860  -0.5205  -1.1485  -0.8871  0.4510
 280.50 drone1  -0.8859  -0.5206  -1.1452  -0.9018  0.4610
 280.60 drone1  -0.8859  -0.5204  -1.1404  -0.9160  0.4703
 280.70 drone1  -0.8859  -0.5205  -1.1342  -0.9296  0.4786
 280.80 drone1  -0.8860  -0.5205  -1.1267  -0.9426  0.4859
 280.90 drone1  -0.8859  -0.5204  -1.1179  -0.9548  0.4925
 281.00 drone1  -0.8859  -0.5205  -1.1080  -0.9660  0.4978
 281.10 drone1  -0.8859  -0.5202  -1.0970  -0.9762  0.5025
 281.20 drone1  -0.8859  -0.5204  -1.0850  -0.9852  0.5056
 281.30 drone1  -0.8858  -0.5204  -1.0722  -0.9930  0.5080
 281.40 drone1  -0.8860  -0.5205  -1.0587  -0.9995  0.5092
 281.50 drone1  -0.8858  -0.5204  -1.0446  -1.0046  0.5095
 281.60 drone1  -0.8860  -0.5205  -1.0301  -1.0082  0.5086
 281.70 drone1  -0.8859  -0.5206  -1.0152  -1.0104  0.5066
 281.80 drone1  -0.8858  -0.5203  -1.0002  -1.0111  0.5040
 281.90 drone1  -0.8859  -0.5204  -0.9852  -1.0111  0.5006
 282.00 drone1  -0.8860  -0.5205  -0.9702  -1.0111  0.4978
 282.10 drone1  -0.8858  -0.5204  -0.9552  -1.0111  0.4956
 282.20 drone1  -0.8859  -0.5207  -0.9402  -1.0111  0.4934
 282.30 drone1  -0.8858  -0.5203  -0.9252  -1.0111  0.4924
 282.40 drone1  -0.8858  -0.5204  -0.9102  -1.0111  0.4914
 282.50 drone1  -0.8859  -0.5204  -0.8952  -1.0111  0.4908
 282.60 drone1  -0.8859  -0.5203  -0.8802  -1.0111  0.4908
 282.70 drone1  -0.8860  -0.5204  -0.8652  -1.0111  0.4911
 282.80 drone1  -0.8859  -0.5205  -0.8502  -1.0111  0.4919
 282.90 drone1  -0.8860  -0.5205  -0.8352  -1.0111  0.4932
 283.00 drone1  -0.8860  -0.5205  -0.8202  -1.0111  0.4950
 283.10 drone1  -0.8859  -0.5205  -0.8052  -1.0111  0.4972
 283.20 drone1  -0.8858  -0.5203  -0.7903  -1.0107  0.4996
 283.30 drone1  -0.8860  -0.5205  -0.7754  -1.0089  0.5008
 283.40 drone1  -0.8859  -0.5204  -0.7607  -1.0057  0.5011
 283.50 drone1  -0.8859  -0.5205  -0.7465  -1.0010  0.5003
 283.60 drone1  -0.8859  -0.5204  -0.7328  -0.9948  0.4985
 283.70 drone1  -0.8860  -0.5205  -0.7198  -0.9874  0.4956
 283.80 drone1  -0.8858  -0.5204  -0.7076  -0.9787  0.4917
 283.90 drone1  -0.8859  -0.5205  -0.6963  -0.9688  0.4867
 284.00 drone1  -0.8859  -0.5204  -0.6861  -0.9578  0.4809
 284.10 drone1  -0.8859  -0.5203  -0.6770  -0.9459  0.4741
 284.20 drone1  -0.8859  -0.5205  -0.6692  -0.9331  0.4661
 284.30 drone1  -0.8858  -0.5204  -0.6627  -0.9196  0.4574
 284.40 drone1  -0.8859  -0.5204  -0.6575  -0.9055  0.4477
 284.50 drone1  -0.8859  -0.5204  -0.6538  -0.8910  0.4373
 284.60 drone1  -0.8859  -0.5204  -0.6515  -0.8762  0.4260
 284.70 drone1  -0.8859  -0.5206  -0.6508  -0.8612  0.4138
 284.80 drone1  -0.8858  -0.5205  -0.6508  -0.8462  0.4017
 284.90 drone1  -0.8859  -0.5206  -0.6508  -0.8312  0.3896
 285.00 drone1  -0.8859  -0.5205  -0.6508  -0.8162  0.3778
 285.10 drone1  -0.8858  -0.5204  -0.6508  -0.8012  0.3662
 285.20 drone1  -0.8860  -0.5205  -0.6508  -0.7862  0.3548
 285.30 drone1  -0.8858  -0.5205  -0.6508  -0.7712  0.3437
 285.40 drone1  -0.8859  -0.5205  -0.6508  -0.7562  0.3329
 285.50 drone1  -0.8858  -0.5203  -0.6508  -0.7412  0.3225
 285.60 drone1  -0.8861  -0.5204  -0.6508  -0.7262  0.3126
 285.70 drone1  -0.8860  -0.5205  -0.6508  -0.7112  0.3028
 285.80 drone1  -0.8858  -0.5204  -0.6508  -0.6962  0.2935
 285.90 drone1  -0.8859  -0.5205  -0.6508  -0.6812  0.2848
 286.00 drone1  -0.8860  -0.5205  -0.6508  -0.6662  0.2767
 286.10 drone1  -0.8858  -0.5205  -0.6511  -0.6512  0.2687
 286.20 drone1  -0.8858  -0.5203  -0.6528  -0.6363  0.2602
 286.30 drone1  -0.8860  -0.5205  -0.6561  -0.6217  0.2512
 286.40 drone1  -0.8858  -0.5204  -0.6607  -0.6074  0.2413
 286.50 drone1  -0.8859  -0.5206  -0.6668  -0.5937  0.2310
 286.60 drone1  -0.8859  -0.5205  -0.6742  -0.5807  0.2201
 286.70 drone1  -0.8860  -0.5205  -0.6828  -0.5684  0.2087
 286.80 drone1  -0.8859  -0.5206  -0.6927  -0.5571  0.1966
 286.90 drone1  -0.8859  -0.5204  -0.7036  -0.5468  0.1842
 287.00 drone1  -0.8860  -0.5205  -0.7155  -0.5377  0.1714
 287.10 drone1  -0.8859  -0.5204  -0.7282  -0.5298  0.1580
 287.20 drone1  -0.8859  -0.5206  -0.7417  -0.5232  0.1442
 287.30 drone1  -0.8858  -0.5204  -0.7558  -0.5180  0.1301
 287.40 drone1  -0.8858  -0.5204  -0.7703  -0.5142  0.1156
 287.50 drone1  -0.8859  -0.5205  -0.7851  -0.5119  0.1012
 287.60 drone1  -0.8860  -0.5205  -0.8001  -0.5111  0.0864
 287.70 drone1  -0.8859  -0.5205  -0.8151  -0.5111  0.0714
 287.80 drone1  -0.8860  -0.5205  -0.8301  -0.5111  0.0567
 287.90 drone1  -0.8859  -0.5204  -0.8451  -0.5111  0.0418
 288.00 drone1  -0.8860  -0.5205  -0.8601  -0.5111  0.0275
 288.10 drone1  -0.8859  -0.5205  -0.8751  -0.5111  0.0144
 288.20 drone1  -0.8860  -0.5205  -0.8901  -0.5111  0.0102
 288.30 drone1  -0.8860  -0.5205  -0.9051  -0.5111  0.0213
 288.40 drone1  -0.8859  -0.5205  -0.9201  -0.5111  0.0354
 288.50 drone1  -0.8859  -0.5204  -0.9351  -0.5111  0.0501
 288.60 drone1  -0.8859  -0.5206  -0.9501  -0.5111  0.0649
 288.70 drone1  -0.8859  -0.5205  -0.9651  -0.5111  0.0797
 288.80 drone1  -0.8860  -0.5205  -0.9801  -0.5111  0.0946
 288.90 drone1  -0.8858  -0.5204  -0.9951  -0.5111  0.1096
 289.00 drone1  -0.8858  -0.5205  -1.0101  -0.5114  0.1246
 289.10 drone1  -0.8859  -0.5205  -1.0250  -0.5131  0.1392
 289.20 drone1  -0.8859  -0.5203  -1.0396  -0.5162  0.1538
 289.30 drone1  -0.8860  -0.5205  -1.0539  -0.5208  0.1679
 289.40 drone1  -0.8859  -0.5206  -1.0676  -0.5268  0.1818
 289.50 drone1  -0.8859  -0.5205  -1.0807  -0.5342  0.1953
 289.60 drone1  -0.8860  -0.5205  -1.0930  -0.5428  0.2082
 289.70 drone1  -0.8859  -0.5205  -1.1043  -0.5526  0.2207
 289.80 drone1  -0.8858  -0.5203  -1.1146  -0.5635  0.2329
 289.90 drone1  -0.8858  -0.5205  -1.1238  -0.5753  0.2442
 290.00 drone1  -0.8858  -0.5204  -1.1318  -0.5880  0.2551
 290.10 drone1  -0.8860  -0.5205  -1.1384  -0.6015  0.2651
 290.20 drone1  -0.8859  -0.5205  -1.1437  -0.6155  0.2748
 290.30 drone1  -0.8859  -0.5205  -1.1475  -0.6300  0.2836
 290.40 drone1  -0.8859  -0.5205  -1.1499  -0.6448  0.2918
 290.50 drone1  -0.8859  -0.5204  -1.1508  -0.6598  0.2993
 290.60 drone1  -0.8859  -0.5205  -1.1508  -0.6748  0.3065
 290.70 drone1  -0.8859  -0.5205  -1.1508  -0.6898  0.3143
 290.80 drone1  -0.8860  -0.5205  -1.1508  -0.7048  0.3226
 290.90 drone1  -0.8856  -0.5202  -1.1508  -0.7198  0.3319
 291.00 drone1  -0.8859  -0.5206  -1.1508  -0.7348  0.3407
 291.10 drone1  -0.8859  -0.5205  -1.1508  -0.7498  0.3503
 291.20 drone1  -0.8860  -0.5205  -1.1508  -0.7648  0.3603
 291.30 drone1  -0.8858  -0.5204  -1.1508  -0.7798  0.3708
 291.40 drone1  -0.8859  -0.5205  -1.1508  -0.7948  0.3813
 291.50 drone1  -0.8859  -0.5205  -1.1508  -0.8098  0.3922
 291.60 drone1  -0.8860  -0.5206  -1.1508  -0.8248  0.4033
 291.70 drone1  -0.8859  -0.5204  -1.1508  -0.8398  0.4149
 291.80 drone1  -0.8859  -0.5205  -1.1508  -0.8548  0.4265
 291.90 drone1  -0.8858  -0.5204  -1.1505  -0.8698  0.4384
 292.00 drone1  -0.8859  -0.5204  -1.1489  -0.8847  0.4494
 292.10 drone1  -0.8859  -0.5205  -1.1458  -0.8994  0.4594
 292.20 drone1  -0.8859  -0.5204  -1.1413  -0.9137  0.4689
 292.30 drone1  -0.8860  -0.5205  -1.1353  -0.9274  0.4773
 292.40 drone1  -0.8860  -0.5205  -1.1280  -0.9405  0.4848
 292.50 drone1  -0.8860  -0.5205  -1.1195  -0.9528  0.4914
 292.60 drone1  -0.8859  -0.5205  -1.1097  -0.9642  0.4970
 292.70 drone1  -0.8860  -0.5205  -1.0989  -0.9746  0.5015
 292.80 drone1  -0.8859  -0.5205  -1.0871  -0.9838  0.5051
 292.90 drone1  -0.8859  -0.5204  -1.0744  -0.9918  0.5077
 293.00 drone1  -0.8860  -0.5204  -1.0610  -0.9985  0.5091
 293.10 drone1  -0.8859  -0.5204  -1.0470  -1.0038  0.5095
 293.20 drone1  -0.8860  -0.5205  -1.0325  -1.0077  0.5087
 293.30 drone1  -0.8859  -0.5205  -1.0177  -1.0102  0.5070
 293.40 drone1  -0.8858  -0.5204  -1.0027  -1.0111  0.5045
 293.50 drone1  -0.8859  -0.5205  -0.9877  -1.0111  0.5011
 293.60 drone1  -0.8859  -0.5205  -0.9727  -1.0111  0.4982
 293.70 drone1  -0.8859  -0.5204  -0.9577  -1.0111  0.4959
 293.80 drone1  -0.8859  -0.5205  -0.9427  -1.0111  0.4939
 293.90 drone1  -0.8859  -0.5204  -0.9277  -1.0111  0.4924
 294.00 drone1  -0.8859  -0.5204  -0.9127  -1.0111  0.4914
 294.10 drone1  -0.8860  -0.5204  -0.8977  -1.0111  0.4908
 294.20 drone1  -0.8860  -0.5205  -0.8827  -1.0111  0.4906
 294.30 drone1  -0.8860  -0.5205  -0.8677  -1.0111  0.4910
 294.40 drone1  -0.8859  -0.5204  -0.8527  -1.0111  0.4918
 294.50 drone1  -0.8859  -0.5204  -0.8377  -1.0111  0.4931
 294.60 drone1  -0.8859  -0.5205  -0.8227  -1.0111  0.4947
 294.70 drone1  -0.8859  -0.5205  -0.8077  -1.0111  0.4968
 294.80 drone1  -0.8859  -0.5205  -0.7927  -1.0109  0.4992
 294.90 drone1  -0.8860  -0.5205  -0.7778  -1.0093  0.5007
 295.00 drone1  -0.8859  -0.5205  -0.7631  -1.0063  0.5011
 295.10 drone1  -0.8860  -0.5205  -0.7488  -1.0018  0.5005
 295.20 drone1  -0.8857  -0.5202  -0.7350  -0.9959  0.4990
 295.30 drone1  -0.8861  -0.5204  -0.7219  -0.9887  0.4963
 295.40 drone1  -0.8860  -0.5205  -0.7096  -0.9802  0.4924
 295.50 drone1  -0.8859  -0.5204  -0.6981  -0.9705  0.4877
 295.60 drone1  -0.8857  -0.5206  -0.6877  -0.9597  0.4817
 295.70 drone1  -0.8859  -0.5205  -0.6784  -0.9479  0.4752
 295.80 drone1  -0.8858  -0.5204  -0.6704  -0.9353  0.4675
 295.90 drone1  -0.8860  -0.5205  -0.6636  -0.9219  0.4589
 296.00 drone1  -0.8859  -0.5205  -0.6583  -0.9079  0.4493
 296.10 drone1  -0.8859  -0.5204  -0.6543  -0.8934  0.4391
 296.20 drone1  -0.8861  -0.5204  -0.6518  -0.8786  0.4281
 296.30 drone1  -0.8860  -0.5205  -0.6508  -0.8637  0.4160
 296.40 drone1  -0.8859  -0.5204  -0.6508  -0.8487  0.4038
 296.50 drone1  -0.8860  -0.5205  -0.6508  -0.8337  0.3917
 296.60 drone1  -0.8859  -0.5206  -0.6508  -0.8187  0.3797
 296.70 drone1  -0.8859  -0.5205  -0.6508  -0.8037  0.3681
 296.80 drone1  -0.8860  -0.5205  -0.6508  -0.7887  0.3567
 296.90 drone1  -0.8859  -0.5205  -0.6508  -0.7737  0.3455
 297.00 drone1  -0.8858  -0.5204  -0.6508  -0.7587  0.3347
 297.10 drone1  -0.8858  -0.5206  -0.6508  -0.7437  0.3241
 297.20 drone1  -0.8859  -0.5205  -0.6508  -0.7287  0.3141
 297.30 drone1  -0.8858  -0.5203  -0.6508  -0.7137  0.3043
 297.40 drone1  -0.8859  -0.5204  -0.6508  -0.6987  0.2951
 297.50 drone1  -0.8859  -0.5205  -0.6508  -0.6837  0.2862
 297.60 drone1  -0.8859  -0.5205  -0.6508  -0.6687  0.2779
 297.70 drone1  -0.8859  -0.5206  -0.6510  -0.6537  0.2700
 297.80 drone1  -0.8858  -0.5204  -0.6525  -0.6388  0.2617
 297.90 drone1  -0.8859  -0.5206  -0.6554  -0.6241  0.2526
 298.00 drone1  -0.8858  -0.5204  -0.6599  -0.6097  0.2430
 298.10 drone1  -0.8859  -0.5204  -0.6657  -0.5959  0.2328
 298.20 drone1  -0.8858  -0.5204  -0.6729  -0.5828  0.2219
 298.30 drone1  -0.8859  -0.5206  -0.6813  -0.5704  0.2106
 298.40 drone1  -0.8859  -0.5205  -0.6910  -0.5589  0.1987
 298.50 drone1  -0.8860  -0.5205  -0.7017  -0.5485  0.1864
 298.60 drone1  -0.8859  -0.5205  -0.7135  -0.5391  0.1735
 298.70 drone1  -0.8860  -0.5205  -0.7261  -0.5310  0.1602
 298.80 drone1  -0.8858  -0.5204  -0.7394  -0.5242  0.1464
 298.90 drone1  -0.8860  -0.5205  -0.7534  -0.5188  0.1326
 299.00 drone1  -0.8859  -0.5206  -0.7679  -0.5148  0.1182
 299.10 drone1  -0.8859  -0.5205  -0.7826  -0.5122  0.1036
 299.20 drone1  -0.8858  -0.5204  -0.7976  -0.5111  0.0887
 299.30 drone1  -0.8860  -0.5205  -0.8126  -0.5111  0.0740
 299.40 drone1  -0.8858  -0.5205  -0.8276  -0.5111  0.0589
 299.50 drone1  -0.8859  -0.5206  -0.8426  -0.5111  0.0443
 299.60 drone1  -0.8859  -0.5205  -0.8576  -0.5111  0.0298
 299.70 drone1  -0.8859  -0.5205  -0.8726  -0.5111  0.0163
 299.80 drone1  -0.8860  -0.5205  -0.8876  -0.5111  0.0096
 299.90 drone1  -0.8860  -0.5205  -0.9026  -0.5111  0.0191
 300.00 drone1  -0.8860  -0.5205  -0.9176  -0.5111  0.0330
 300.10 drone1  -0.8860  -0.5205  -0.9326  -0.5111  0.0476
 300.20 drone1  -0.8859  -0.5204  -0.9476  -0.5111  0.0624
 300.30 drone1  -0.8860  -0.5205  -0.9626  -0.5111  0.0772
 300.40 drone1  -0.8858  -0.5205  -0.9776  -0.5111  0.0923
 300.50 drone1  -0.8860  -0.5205  -0.9926  -0.5111  0.1070
 300.60 drone1  -0.8860  -0.5205  -1.0076  -0.5113  0.1220
 300.70 drone1  -0.8859  -0.5203  -1.0225  -0.5127  0.1369
 300.80 drone1  -0.8858  -0.5205  -1.0372  -0.5156  0.1515
 300.90 drone1  -0.8859  -0.5206  -1.0516  -0.5200  0.1657
 301.00 drone1  -0.8860  -0.5205  -1.0654  -0.5258  0.1795
 301.10 drone1  -0.8858  -0.5204  -1.0786  -0.5329  0.1932
 301.20 drone1  -0.8859  -0.5205  -1.0910  -0.5413  0.2061
 301.30 drone1  -0.8860  -0.5205  -1.1025  -0.5509  0.2187
 301.40 drone1  -0.8859  -0.5205  -1.1130  -0.5616  0.2308
 301.50 drone1  -0.8860  -0.5205  -1.1224  -0.5733  0.2422
 301.60 drone1  -0.8860  -0.5205  -1.1306  -0.5859  0.2532
 301.70 drone1  -0.8858  -0.5203  -1.1374  -0.5992  0.2637
 301.80 drone1  -0.8859  -0.5204  -1.1429  -0.6132  0.2733
 301.90 drone1  -0.8860  -0.5205  -1.1470  -0.6276  0.2822
 302.00 drone1  -0.8859  -0.5204  -1.1496  -0.6424  0.2905
 302.10 drone1  -0.8858  -0.5203  -1.1507  -0.6573  0.2982
 302.20 drone1  -0.8859  -0.5205  -1.1508  -0.6723  0.3053
 302.30 drone1  -0.8860  -0.5205  -1.1508  -0.6873  0.3130
 302.40 drone1  -0.8859  -0.5206  -1.1508  -0.7023  0.3212
 302.50 drone1  -0.8860  -0.5205  -1.1508  -0.7173  0.3299
 302.60 drone1  -0.8859  -0.5205  -1.1508  -0.7323  0.3392
 302.70 drone1  -0.8859  -0.5204  -1.1508  -0.7473  0.3488
 302.80 drone1  -0.8858  -0.5204  -1.1508  -0.7623  0.3588
 302.90 drone1  -0.8859  -0.5205  -1.1508  -0.7773  0.3689
 303.00 drone1  -0.8858  -0.5204  -1.1508  -0.7923  0.3796
 303.10 drone1  -0.8859  -0.5206  -1.1508  -0.8073  0.3904
 303.20 drone1  -0.8859  -0.5205  -1.1508  -0.8223  0.4016
 303.30 drone1  -0.8860  -0.5205  -1.1508  -0.8373  0.4129
 303.40 drone1  -0.8859  -0.5205  -1.1508  -0.8523  0.4246
 303.50 drone1  -0.8860  -0.5205  -1.1507  -0.8673  0.4363
 303.60 drone1  -0.8860  -0.5205  -1.1493  -0.8822  0.4474
 303.70 drone1  -0.8859  -0.5206  -1.1464  -0.8970  0.4577
 303.80 drone1  -0.8859  -0.5204  -1.1421  -0.9113  0.4674
 303.90 drone1  -0.8859  -0.5204  -1.1364  -0.9252  0.4761
 304.00 drone1  -0.8859  -0.5205  -1.1293  -0.9384  0.4836
 304.10 drone1  -0.8857  -0.5202  -1.1210  -0.9509  0.4907
 304.20 drone1  -0.8860  -0.5203  -1.1114  -0.9624  0.4962
 304.30 drone1  -0.8859  -0.5205  -1.1008  -0.9729  0.5009
 304.40 drone1  -0.8859  -0.5204  -1.0891  -0.9824  0.5047
 304.50 drone1  -0.8858  -0.5204  -1.0765  -0.9906  0.5074
 304.60 drone1  -0.8858  -0.5204  -1.0632  -0.9975  0.5090
 304.70 drone1  -0.8859  -0.5204  -1.0493  -1.0030  0.5096
 304.80 drone1  -0.8859  -0.5204  -1.0349  -1.0072  0.5090
 304.90 drone1  -0.8858  -0.5204  -1.0202  -1.0099  0.5076
 305.00 drone1  -0.8859  -0.5206  -1.0052  -1.0111  0.5048
 305.10 drone1  -0.8858  -0.5204  -0.9902  -1.0111  0.5017
 305.20 drone1  -0.8859  -0.5206  -0.9752  -1.0111  0.4986
 305.30 drone1  -0.8858  -0.5205  -0.9602  -1.0111  0.4962
 305.40 drone1  -0.8858  -0.5205  -0.9452  -1.0111  0.4942
 305.50 drone1  -0.8859  -0.5205  -0.9302  -1.0111  0.4926
 305.60 drone1  -0.8859  -0.5204  -0.9152  -1.0111  0.4916
 305.70 drone1  -0.8859  -0.5206  -0.9002  -1.0111  0.4907
 305.80 drone1  -0.8858  -0.5205  -0.8852  -1.0111  0.4907
 305.90 drone1  -0.8860  -0.5205  -0.8702  -1.0111  0.4909
 306.00 drone1  -0.8859  -0.5204  -0.8552  -1.0111  0.4917
 306.10 drone1  -0.8859  -0.5204  -0.8402  -1.0111  0.4928
 306.20 drone1  -0.8860  -0.5202  -0.8252  -1.0111  0.4946
 306.30 drone1  -0.8860  -0.5205  -0.8102  -1.0111  0.4965
 306.40 drone1  -0.8859  -0.5205  -0.7952  -1.0110  0.4989
 306.50 drone1  -0.8859  -0.5205  -0.7803  -1.0097  0.5005
 306.60 drone1  -0.8858  -0.5204  -0.7655  -1.0069  0.5012
 306.70 drone1  -0.8859  -0.5206  -0.7512  -1.0027  0.5005
 306.80 drone1  -0.8858  -0.5204  -0.7373  -0.9970  0.4992
 306.90 drone1  -0.8858  -0.5204  -0.7240  -0.9900  0.4967
 307.00 drone1  -0.8860  -0.5205  -0.7115  -0.9817  0.4930
 307.10 drone1  -0.8858  -0.5204  -0.7000  -0.9722  0.4885
 307.20 drone1  -0.8860  -0.5205  -0.6894  -0.9615  0.4829
 307.30 drone1  -0.8859  -0.5205  -0.6799  -0.9499  0.4763
 307.40 drone1  -0.8859  -0.5206  -0.6716  -0.9374  0.4687
 307.50 drone1  -0.8860  -0.5205  -0.6647  -0.9241  0.4603
 307.60 drone1  -0.8858  -0.5204  -0.6591  -0.9102  0.4510
 307.70 drone1  -0.8859  -0.5206  -0.6549  -0.8958  0.4407
 307.80 drone1  -0.8860  -0.5205  -0.6521  -0.8811  0.4298
 307.90 drone1  -0.8860  -0.5205  -0.6509  -0.8662  0.4181
 308.00 drone1  -0.8860  -0.5205  -0.6508  -0.8512  0.4058
 308.10 drone1  -0.8860  -0.5205  -0.6508  -0.8362  0.3936
 308.20 drone1  -0.8859  -0.5205  -0.6508  -0.8212  0.3817
 308.30 drone1  -0.8858  -0.5204  -0.6508  -0.8062  0.3699
 308.40 drone1  -0.8859  -0.5205  -0.6508  -0.7912  0.3586
 308.50 drone1  -0.8859  -0.5204  -0.6508  -0.7762  0.3474
 308.60 drone1  -0.8860  -0.5205  -0.6508  -0.7612  0.3365
 308.70 drone1  -0.8858  -0.5205  -0.6508  -0.7462  0.3258
 308.80 drone1  -0.8859  -0.5205  -0.6508  -0.7312  0.3157
 308.90 drone1  -0.8859  -0.5205  -0.6508  -0.7162  0.3059
 309.00 drone1  -0.8858  -0.5204  -0.6508  -0.7012  0.2965
 309.10 drone1  -0.8860  -0.5205  -0.6508  -0.6862  0.2877
 309.20 drone1  -0.8859  -0.5205  -0.6508  -0.6712  0.2793
 309.30 drone1  -0.8859  -0.5206  -0.6509  -0.6562  0.2713
 309.40 drone1  -0.8858  -0.5205  -0.6521  -0.6412  0.2630
 309.50 drone1  -0.8858  -0.5204  -0.6548  -0.6265  0.2542
 309.60 drone1  -0.8860  -0.5205  -0.6590  -0.6121  0.2447
 309.70 drone1  -0.8859  -0.5205  -0.6646  -0.5982  0.2345
 309.80 drone1  -0.8860  -0.5205  -0.6716  -0.5849  0.2238
 309.90 drone1  -0.8859  -0.5204  -0.6798  -0.5724  0.2125
 310.00 drone1  -0.8860  -0.5205  -0.6893  -0.5607  0.2007
 310.10 drone1  -0.8859  -0.5205  -0.6999  -0.5501  0.1884
 310.20 drone1  -0.8859  -0.5206  -0.7115  -0.5406  0.1756
 310.30 drone1  -0.8859  -0.5205  -0.7240  -0.5323  0.1624
 310.40 drone1  -0.8859  -0.5206  -0.7372  -0.5253  0.1488
 310.50 drone1  -0.8860  -0.5205  -0.7511  -0.5196  0.1349
 310.60 drone1  -0.8860  -0.5205  -0.7655  -0.5153  0.1206
 310.70 drone1  -0.8859  -0.5206  -0.7802  -0.5125  0.1060
 310.80 drone1  -0.8860  -0.5205  -0.7951  -0.5112  0.0913
 310.90 drone1  -0.8860  -0.5205  -0.8101  -0.5111  0.0765
 311.00 drone1  -0.8858  -0.5203  -0.8251  -0.5111  0.0614
 311.10 drone1  -0.8859  -0.5205  -0.8401  -0.5111  0.0467
 311.20 drone1  -0.8860  -0.5204  -0.8551  -0.5111  0.0323
 311.30 drone1  -0.8859  -0.5205  -0.8701  -0.5111  0.0184
 311.40 drone1  -0.8859  -0.5205  -0.8851  -0.5111  0.0094
 311.50 drone1  -0.8859  -0.5205  -0.9001  -0.5111  0.0170
 311.60 drone1  -0.8859  -0.5206  -0.9151  -0.5111  0.0307
 311.70 drone1  -0.8859  -0.5204  -0.9301  -0.5111  0.0452
 311.80 drone1  -0.8859  -0.5205  -0.9451  -0.5111  0.0600
 311.90 drone1  -0.8859  -0.5206  -0.9601  -0.5111  0.0748
 312.00 drone1  -0.8859  -0.5205  -0.9751  -0.5111  0.0897
 312.10 drone1  -0.8859  -0.5206  -0.9901  -0.5111  0.1047
 312.20 drone1  -0.8859  -0.5206  -1.0051  -0.5112  0.1196
 312.30 drone1  -0.8859  -0.5205  -1.0201  -0.5124  0.1344
 312.40 drone1  -0.8859  -0.5205  -1.0348  -0.5150  0.1490
 312.50 drone1  -0.8859  -0.5205  -1.0492  -0.5192  0.1634
 312.60 drone1  -0.8859  -0.5205  -1.0632  -0.5247  0.1773
 312.70 drone1  -0.8858  -0.5203  -1.0765  -0.5316  0.1910
 312.80 drone1  -0.8858  -0.5204  -1.0890  -0.5398  0.2041
 312.90 drone1  -0.8859  -0.5205  -1.1007  -0.5492  0.2167
 313.00 drone1  -0.8858  -0.5203  -1.1114  -0.5598  0.2290
 313.10 drone1  -0.8859  -0.5205  -1.1209  -0.5713  0.2405
 313.20 drone1  -0.8859  -0.5204  -1.1293  -0.5838  0.2515
 313.30 drone1  -0.8860  -0.5205  -1.1364  -0.5970  0.2618
 313.40 drone1  -0.8858  -0.5204  -1.1421  -0.6108  0.2718
 313.50 drone1  -0.8858  -0.5205  -1.1464  -0.6252  0.2808
 313.60 drone1  -0.8858  -0.5205  -1.1493  -0.6399  0.2893
 313.70 drone1  -0.8859  -0.5204  -1.1507  -0.6548  0.2970
 313.80 drone1  -0.8860  -0.5205  -1.1508  -0.6698  0.3040
 313.90 drone1  -0.8860  -0.5206  -1.1508  -0.6848  0.3116
 314.00 drone1  -0.8858  -0.5203  -1.1508  -0.6998  0.3201
 314.10 drone1  -0.8860  -0.5204  -1.1508  -0.7148  0.3285
 314.20 drone1  -0.8859  -0.5205  -1.1508  -0.7298  0.3376
 314.30 drone1  -0.8859  -0.5203  -1.1508  -0.7448  0.3472
 314.40 drone1  -0.8859  -0.5202  -1.1508  -0.7598  0.3572
 314.50 drone1  -0.8858  -0.5204  -1.1508  -0.7748  0.3674
 314.60 drone1  -0.8859  -0.5205  -1.1508  -0.7898  0.3778
 314.70 drone1  -0.8859  -0.5205  -1.1508  -0.8048  0.3886
 314.80 drone1  -0.8858  -0.5205  -1.1508  -0.8198  0.3998
 314.90 drone1  -0.8859  -0.5204  -1.1508  -0.8348  0.4112
 315.00 drone1  -0.8859  -0.5206  -1.1508  -0.8498  0.4226
 315.10 drone1  -0.8859  -0.5205  -1.1507  -0.8648  0.4344
 315.20 drone1  -0.8858  -0.5203  -1.1496  -0.8798  0.4459
 315.30 drone1  -0.8859  -0.5205  -1.1470  -0.8946  0.4562
 315.40 drone1  -0.8860  -0.5205  -1.1429  -0.9090  0.4658
 315.50 drone1  -0.8858  -0.5204  -1.1375  -0.9229  0.4747
 315.60 drone1  -0.8859  -0.5205  -1.1306  -0.9363  0.4824
 315.70 drone1  -0.8860  -0.5205  -1.1224  -0.9489  0.4893
 315.80 drone1  -0.8860  -0.5205  -1.1131  -0.9606  0.4952
 315.90 drone1  -0.8858  -0.5204  -1.1026  -0.9713  0.5002
 316.00 drone1  -0.8859  -0.5205  -1.0911  -0.9809  0.5041
 316.10 drone1  -0.8859  -0.5207  -1.0787  -0.9893  0.5067
 316.20 drone1  -0.8859  -0.5206  -1.0655  -0.9964  0.5086
 316.30 drone1  -0.8859  -0.5204  -1.0517  -1.0022  0.5095
 316.40 drone1  -0.8858  -0.5204  -1.0373  -1.0066  0.5093
 316.50 drone1  -0.8859  -0.5206  -1.0226  -1.0095  0.5077
 316.60 drone1  -0.8860  -0.5205  -1.0077  -1.0110  0.5053
 316.70 drone1  -0.8860  -0.5205  -0.9927  -1.0111  0.5021
 316.80 drone1  -0.8860  -0.5204  -0.9777  -1.0111  0.4992
 316.90 drone1  -0.8860  -0.5205  -0.9627  -1.0111  0.4966
 317.00 drone1  -0.8860  -0.5205  -0.9477  -1.0111  0.4945
 317.10 drone1  -0.8859  -0.5206  -0.9327  -1.0111  0.4927
 317.20 drone1  -0.8858  -0.5205  -0.9177  -1.0111  0.4917
 317.30 drone1  -0.8858  -0.5205  -0.9027  -1.0111  0.4909
 317.40 drone1  -0.8858  -0.5203  -0.8877  -1.0111  0.4908
 317.50 drone1  -0.8858  -0.5204  -0.8727  -1.0111  0.4909
 317.60 drone1  -0.8859  -0.5204  -0.8577  -1.0111  0.4915
 317.70 drone1  -0.8857  -0.5202  -0.8427  -1.0111  0.4928
 317.80 drone1  -0.8859  -0.5205  -0.8277  -1.0111  0.4941
 317.90 drone1  -0.8859  -0.5204  -0.8127  -1.0111  0.4961
 318.00 drone1  -0.8860  -0.5205  -0.7977  -1.0111  0.4985
 318.10 drone1  -0.8859  -0.5206  -0.7827  -1.0100  0.5002
 318.20 drone1  -0.8859  -0.5205  -0.7680  -1.0075  0.5011
 318.30 drone1  -0.8859  -0.5206  -0.7535  -1.0035  0.5007
 318.40 drone1  -0.8859  -0.5206  -0.7395  -0.9980  0.4994
 318.50 drone1  -0.8859  -0.5206  -0.7262  -0.9912  0.4970
 318.60 drone1  -0.8858  -0.5205  -0.7135  -0.9831  0.4937
 318.70 drone1  -0.8860  -0.5205  -0.7018  -0.9738  0.4893
 318.80 drone1  -0.8859  -0.5206  -0.6910  -0.9634  0.4838
 318.90 drone1  -0.8860  -0.5205  -0.6814  -0.9519  0.4775
 319.00 drone1  -0.8860  -0.5205  -0.6729  -0.9395  0.4701
 319.10 drone1  -0.8860  -0.5202  -0.6657  -0.9264  0.4621
 319.20 drone1  -0.8858  -0.5204  -0.6599  -0.9126  0.4525
 319.30 drone1  -0.8860  -0.5203  -0.6554  -0.8982  0.4427
 319.40 drone1  -0.8859  -0.5206  -0.6525  -0.8836  0.4316
 319.50 drone1  -0.8859  -0.5205  -0.6510  -0.8686  0.4200
 319.60 drone1  -0.8860  -0.5205  -0.6508  -0.8536  0.4078
 319.70 drone1  -0.8860  -0.5205  -0.6508  -0.8386  0.3956
 319.80 drone1  -0.8859  -0.5205  -0.6508  -0.8236  0.3837
 319.90 drone1  -0.8858  -0.5205  -0.6508  -0.8086  0.3719
 320.00 drone1  -0.8859  -0.5205  -0.6508  -0.7936  0.3604
 320.10 drone1  -0.8859  -0.5204  -0.6508  -0.7786  0.3492
 320.20 drone1  -0.8859  -0.5205  -0.6508  -0.7636  0.3382
 320.30 drone1  -0.8859  -0.5204  -0.6508  -0.7486  0.3277
 320.40 drone1  -0.8860  -0.5202  -0.6508  -0.7336  0.3176
 320.50 drone1  -0.8859  -0.5204  -0.6508  -0.7186  0.3075
 320.60 drone1  -0.8859  -0.5205  -0.6508  -0.7036  0.2980
 320.70 drone1  -0.8859  -0.5205  -0.6508  -0.6886  0.2891
 320.80 drone1  -0.8859  -0.5205  -0.6508  -0.6736  0.2806
 320.90 drone1  -0.8858  -0.5205  -0.6508  -0.6586  0.2726
 321.00 drone1  -0.8859  -0.5206  -0.6518  -0.6437  0.2645
 321.10 drone1  -0.8859  -0.5205  -0.6543  -0.6289  0.2558
 321.20 drone1  -0.8860  -0.5205  -0.6582  -0.6144  0.2463
 321.30 drone1  -0.8859  -0.5205  -0.6636  -0.6004  0.2363
 321.40 drone1  -0.8860  -0.5205  -0.6704  -0.5870  0.2257
 321.50 drone1  -0.8859  -0.5206  -0.6784  -0.5744  0.2144
 321.60 drone1  -0.8858  -0.5204  -0.6877  -0.5626  0.2026
 321.70 drone1  -0.8860  -0.5205  -0.6981  -0.5518  0.1905
 321.80 drone1  -0.8858  -0.5203  -0.7095  -0.5421  0.1777
 321.90 drone1  -0.8859  -0.5205  -0.7218  -0.5336  0.1646
 322.00 drone1  -0.8860  -0.5205  -0.7350  -0.5263  0.1511
 322.10 drone1  -0.8859  -0.5204  -0.7487  -0.5204  0.1372
 322.20 drone1  -0.8859  -0.5205  -0.7631  -0.5159  0.1229
 322.30 drone1  -0.8860  -0.5205  -0.7777  -0.5129  0.1085
 322.40 drone1  -0.8858  -0.5204  -0.7926  -0.5113  0.0936
 322.50 drone1  -0.8859  -0.5202  -0.8076  -0.5111  0.0788
 322.60 drone1  -0.8859  -0.5206  -0.8226  -0.5111  0.0639
 322.70 drone1  -0.8860  -0.5205  -0.8376  -0.5111  0.0492
 322.80 drone1  -0.8857  -0.5202  -0.8526  -0.5111  0.0343
 322.90 drone1  -0.8859  -0.5206  -0.8676  -0.5111  0.0205
 323.00 drone1  -0.8859  -0.5205  -0.8826  -0.5111  0.0099
 323.10 drone1  -0.8859  -0.5205  -0.8976  -0.5111  0.0150
 323.20 drone1  -0.8859  -0.5205  -0.9126  -0.5111  0.0283
 323.30 drone1  -0.8859  -0.5205  -0.9276  -0.5111  0.0427
 323.40 drone1  -0.8859  -0.5205  -0.9426  -0.5111  0.0575
 323.50 drone1  -0.8858  -0.5205  -0.9576  -0.5111  0.0725
 323.60 drone1  -0.8858  -0.5205  -0.9726  -0.5111  0.0874
 323.70 drone1  -0.8859  -0.5205  -0.9876  -0.5111  0.1021
 323.80 drone1  -0.8858  -0.5205  -1.0026  -0.5111  0.1172
 323.90 drone1  -0.8858  -0.5204  -1.0176  -0.5121  0.1320
 324.00 drone1  -0.8858  -0.5204  -1.0324  -0.5145  0.1467
 324.10 drone1  -0.8858  -0.5204  -1.0469  -0.5184  0.1611
 324.20 drone1  -0.8859  -0.5205  -1.0609  -0.5237  0.1750
 324.30 drone1  -0.8860  -0.5205  -1.0743  -0.5304  0.1886
 324.40 drone1  -0.8860  -0.5205  -1.0870  -0.5384  0.2018
 324.50 drone1  -0.8858  -0.5205  -1.0988  -0.5476  0.2147
 324.60 drone1  -0.8858  -0.5205  -1.1097  -0.5580  0.2270
 324.70 drone1  -0.8859  -0.5205  -1.1194  -0.5693  0.2386
 324.80 drone1  -0.8860  -0.5205  -1.1280  -0.5816  0.2496
 324.90 drone1  -0.8858  -0.5206  -1.1353  -0.5947  0.2603
 325.00 drone1  -0.8860  -0.5205  -1.1413  -0.6085  0.2700
 325.10 drone1  -0.8859  -0.5205  -1.1458  -0.6228  0.2793
 325.20 drone1  -0.8858  -0.5203  -1.1489  -0.6375  0.2880
 325.30 drone1  -0.8859  -0.5205  -1.1505  -0.6524  0.2956
 325.40 drone1  -0.8858  -0.5204  -1.1508  -0.6674  0.3031
 325.50 drone1  -0.8859  -0.5204  -1.1508  -0.6824  0.3105
 325.60 drone1  -0.8859  -0.5205  -1.1508  -0.6974  0.3185
 325.70 drone1  -0.8859  -0.5205  -1.1508  -0.7124  0.3271
 325.80 drone1  -0.8860  -0.5205  -1.1508  -0.7274  0.3360
 325.90 drone1  -0.8858  -0.5205  -1.1508  -0.7424  0.3455
 326.00 drone1  -0.8859  -0.5206  -1.1508  -0.7574  0.3553
 326.10 drone1  -0.8859  -0.5205  -1.1508  -0.7724  0.3655
 326.20 drone1  -0.8861  -0.5204  -1.1508  -0.7874  0.3759
 326.30 drone1  -0.8859  -0.5206  -1.1508  -0.8024  0.3867
 326.40 drone1  -0.8860  -0.5205  -1.1508  -0.8174  0.3978
 326.50 drone1  -0.8858  -0.5204  -1.1508  -0.8324  0.4093
 326.60 drone1  -0.8859  -0.5205  -1.1508  -0.8474  0.4207
 326.70 drone1  -0.8859  -0.5205  -1.1508  -0.8624  0.4325
 326.80 drone1  -0.8859  -0.5206  -1.1499  -0.8773  0.4439
 326.90 drone1  -0.8859  -0.5205  -1.1475  -0.8921  0.4545
 327.00 drone1  -0.8859  -0.5205  -1.1437  -0.9066  0.4643
 327.10 drone1  -0.8859  -0.5205  -1.1385  -0.9207  0.4732
 327.20 drone1  -0.8859  -0.5205  -1.1318  -0.9341  0.4812
 327.30 drone1  -0.8859  -0.5204  -1.1239  -0.9468  0.4884
 327.40 drone1  -0.8859  -0.5206  -1.1147  -0.9587  0.4943
 327.50 drone1  -0.8860  -0.5205  -1.1044  -0.9696  0.4994
 327.60 drone1  -0.8858  -0.5204  -1.0930  -0.9794  0.5036
 327.70 drone1  -0.8860  -0.5205  -1.0808  -0.9880  0.5065
 327.80 drone1  -0.8859  -0.5205  -1.0677  -0.9954  0.5085
 327.90 drone1  -0.8859  -0.5206  -1.0540  -1.0014  0.5093
 328.00 drone1  -0.8859  -0.5205  -1.0397  -1.0060  0.5093
 328.10 drone1  -0.8859  -0.5205  -1.0251  -1.0091  0.5081
 328.20 drone1  -0.8859  -0.5206  -1.0102  -1.0108  0.5058
 328.30 drone1  -0.8859  -0.5206  -0.9952  -1.0111  0.5026
 328.40 drone1  -0.8859  -0.5205  -0.9802  -1.0111  0.4996
 328.50 drone1  -0.8859  -0.5205  -0.9652  -1.0111  0.4970
 328.60 drone1  -0.8859  -0.5205  -0.9502  -1.0111  0.4948
 328.70 drone1  -0.8859  -0.5206  -0.9352  -1.0111  0.4930
 328.80 drone1  -0.8859  -0.5205  -0.9202  -1.0111  0.4919
 328.90 drone1  -0.8859  -0.5206  -0.9052  -1.0111  0.4909
 329.00 drone1  -0.8859  -0.5205  -0.8902  -1.0111  0.4906
 329.10 drone1  -0.8859  -0.5205  -0.8752  -1.0111  0.4907
 329.20 drone1  -0.8860  -0.5205  -0.8602  -1.0111  0.4913
 329.30 drone1  -0.8858  -0.5205  -0.8452  -1.0111  0.4923
 329.40 drone1  -0.8860  -0.5205  -0.8302  -1.0111  0.4937
 329.50 drone1  -0.8859  -0.5202  -0.8152  -1.0111  0.4960
 329.60 drone1  -0.8859  -0.5206  -0.8002  -1.0111  0.4980
 329.70 drone1  -0.8859  -0.5206  -0.7852  -1.0103  0.5000
 329.80 drone1  -0.8860  -0.5205  -0.7704  -1.0080  0.5010
 329.90 drone1  -0.8859  -0.5205  -0.7559  -1.0042  0.5009
 330.00 drone1  -0.8860  -0.5203  -0.7418  -0.9990  0.5000
 330.10 drone1  -0.8859  -0.5205  -0.7283  -0.9925  0.4976
 330.20 drone1  -0.8859  -0.5206  -0.7156  -0.9846  0.4943
 330.30 drone1  -0.8859  -0.5205  -0.7037  -0.9754  0.4901
 330.40 drone1  -0.8860  -0.5205  -0.6927  -0.9652  0.4848
 330.50 drone1  -0.8860  -0.5205  -0.6829  -0.9539  0.4786
 330.60 drone1  -0.8858  -0.5205  -0.6742  -0.9416  0.4713
 330.70 drone1  -0.8859  -0.5205  -0.6668  -0.9286  0.4632
 330.80 drone1  -0.8859  -0.5205  -0.6608  -0.9149  0.4542
 330.90 drone1  -0.8858  -0.5204  -0.6561  -0.9006  0.4443
 331.00 drone1  -0.8859  -0.5206  -0.6529  -0.8860  0.4334
 331.10 drone1  -0.8859  -0.5205  -0.6511  -0.8711  0.4220
 331.20 drone1  -0.8859  -0.5205  -0.6508  -0.8561  0.4098
 331.30 drone1  -0.8860  -0.5202  -0.6508  -0.8411  0.3979
 331.40 drone1  -0.8858  -0.5204  -0.6508  -0.8261  0.3856
 331.50 drone1  -0.8858  -0.5205  -0.6508  -0.8111  0.3738
 331.60 drone1  -0.8860  -0.5205  -0.6508  -0.7961  0.3623
 331.70 drone1  -0.8859  -0.5205  -0.6508  -0.7811  0.3510
 331.80 drone1  -0.8859  -0.5206  -0.6508  -0.7661  0.3399
 331.90 drone1  -0.8858  -0.5205  -0.6508  -0.7511  0.3293
 332.00 drone1  -0.8860  -0.5205  -0.6508  -0.7361  0.3190
 332.10 drone1  -0.8859  -0.5205  -0.6508  -0.7211  0.3091
 332.20 drone1  -0.8859  -0.5205  -0.6508  -0.7061  0.2996
 332.30 drone1  -0.8859  -0.5205  -0.6508  -0.6911  0.2905
 332.40 drone1  -0.8859  -0.5205  -0.6508  -0.6761  0.2820
 332.50 drone1  -0.8859  -0.5205  -0.6508  -0.6611  0.2740
 332.60 drone1  -0.8859  -0.5205  -0.6515  -0.6461  0.2660
 332.70 drone1  -0.8859  -0.5204  -0.6538  -0.6313  0.2573
 332.80 drone1  -0.8859  -0.5205  -0.6575  -0.6168  0.2479
 332.90 drone1  -0.8860  -0.5205  -0.6626  -0.6027  0.2380
 333.00 drone1  -0.8859  -0.5206  -0.6691  -0.5892  0.2274
 333.10 drone1  -0.8860  -0.5205  -0.6770  -0.5764  0.2163
 333.20 drone1  -0.8860  -0.5205  -0.6861  -0.5645  0.2047
 333.30 drone1  -0.8858  -0.5204  -0.6963  -0.5535  0.1924
 333.40 drone1  -0.8859  -0.5205  -0.7075  -0.5436  0.1798
 333.50 drone1  -0.8858  -0.5204  -0.7197  -0.5349  0.1667
 333.60 drone1  -0.8859  -0.5206  -0.7327  -0.5274  0.1533
 333.70 drone1  -0.8859  -0.5204  -0.7464  -0.5213  0.1394
 333.80 drone1  -0.8859  -0.5206  -0.7607  -0.5166  0.1253
 333.90 drone1  -0.8859  -0.5205  -0.7753  -0.5133  0.1109
 334.00 drone1  -0.8858  -0.5204  -0.7902  -0.5115  0.0961
 334.10 drone1  -0.8859  -0.5205  -0.8052  -0.5111  0.0813
 334.20 drone1  -0.8859  -0.5205  -0.8202  -0.5111  0.0664
 334.30 drone1  -0.8858  -0.5205  -0.8352  -0.5111  0.0515
 334.40 drone1  -0.8860  -0.5205  -0.8502  -0.5111  0.0370
 334.50 drone1  -0.8859  -0.5205  -0.8652  -0.5111  0.0228
 334.60 drone1  -0.8858  -0.5204  -0.8802  -0.5111  0.0109
 334.70 drone1  -0.8859  -0.5205  -0.8952  -0.5111  0.0131
 334.80 drone1  -0.8859  -0.5205  -0.9102  -0.5111  0.0260
 334.90 drone1  -0.8859  -0.5205  -0.9252  -0.5111  0.0404
 335.00 drone1  -0.8859  -0.5206  -0.9402  -0.5111  0.0551
 335.10 drone1  -0.8859  -0.5205  -0.9552  -0.5111  0.0699
 335.20 drone1  -0.8859  -0.5207  -0.9702  -0.5111  0.0848
 335.30 drone1  -0.8859  -0.5206  -0.9852  -0.5111  0.0997
 335.40 drone1  -0.8859  -0.5204  -1.0002  -0.5111  0.1146
 335.50 drone1  -0.8859  -0.5205  -1.0151  -0.5118  0.1295
 335.60 drone1  -0.8860  -0.5205  -1.0300  -0.5140  0.1442
 335.70 drone1  -0.8859  -0.5205  -1.0445  -0.5176  0.1586
 335.80 drone1  -0.8859  -0.5206  -1.0586  -0.5227  0.1727
 335.90 drone1  -0.8860  -0.5205  -1.0722  -0.5292  0.1864
 336.00 drone1  -0.8860  -0.5205  -1.0850  -0.5370  0.1997
 336.10 drone1  -0.8860  -0.5205  -1.0969  -0.5460  0.2125
 336.20 drone1  -0.8858  -0.5204  -1.1080  -0.5562  0.2250
 336.30 drone1  -0.8859  -0.5205  -1.1179  -0.5674  0.2367
 336.40 drone1  -0.8859  -0.5206  -1.1267  -0.5796  0.2479
 336.50 drone1  -0.8859  -0.5204  -1.1342  -0.5925  0.2585
 336.60 drone1  -0.8859  -0.5205  -1.1404  -0.6062  0.2685
 336.70 drone1  -0.8859  -0.5206  -1.1451  -0.6204  0.2778
 336.80 drone1  -0.8860  -0.5205  -1.1485  -0.6350  0.2864
 336.90 drone1  -0.8860  -0.5206  -1.1504  -0.6499  0.2943
 337.00 drone1  -0.8859  -0.5206  -1.1508  -0.6649  0.3016
 337.10 drone1  -0.8860  -0.5205  -1.1508  -0.6799  0.3091
 337.20 drone1  -0.8860  -0.5205  -1.1508  -0.6949  0.3171
 337.30 drone1  -0.8860  -0.5205  -1.1508  -0.7099  0.3255
 337.40 drone1  -0.8859  -0.5204  -1.1508  -0.7249  0.3346
 337.50 drone1  -0.8858  -0.5205  -1.1508  -0.7399  0.3440
 337.60 drone1  -0.8859  -0.5205  -1.1508  -0.7549  0.3537
 337.70 drone1  -0.8858  -0.5205  -1.1508  -0.7699  0.3639
 337.80 drone1  -0.8860  -0.5205  -1.1508  -0.7849  0.3741
 337.90 drone1  -0.8859  -0.5205  -1.1508  -0.7999  0.3850
 338.00 drone1  -0.8859  -0.5205  -1.1508  -0.8149  0.3960
 338.10 drone1  -0.8859  -0.5205  -1.1508  -0.8299  0.4073
 338.20 drone1  -0.8859  -0.5206  -1.1508  -0.8449  0.4187
 338.30 drone1  -0.8860  -0.5205  -1.1508  -0.8599  0.4305
 338.40 drone1  -0.8859  -0.5205  -1.1502  -0.8749  0.4420
 338.50 drone1  -0.8859  -0.5206  -1.1480  -0.8897  0.4528
 338.60 drone1  -0.8859  -0.5205  -1.1444  -0.9043  0.4627
 338.70 drone1  -0.8859  -0.5204  -1.1394  -0.9184  0.4719
 338.80 drone1  -0.8859  -0.5206  -1.1330  -0.9319  0.4799
 338.90 drone1  -0.8859  -0.5204  -1.1253  -0.9448  0.4873
 339.00 drone1  -0.8859  -0.5205  -1.1163  -0.9568  0.4934
 339.10 drone1  -0.8860  -0.5205  -1.1062  -0.9679  0.4986
 339.20 drone1  -0.8859  -0.5205  -1.0950  -0.9778  0.5029
 339.30 drone1  -0.8859  -0.5205  -1.0829  -0.9867  0.5061
 339.40 drone1  -0.8859  -0.5205  -1.0699  -0.9942  0.5082
 339.50 drone1  -0.8859  -0.5204  -1.0563  -1.0005  0.5094
 339.60 drone1  -0.8860  -0.5205  -1.0421  -1.0053  0.5093
 339.70 drone1  -0.8860  -0.5205  -1.0275  -1.0087  0.5083
 339.80 drone1  -0.8860  -0.5205  -1.0126  -1.0106  0.5063
 339.90 drone1  -0.8860  -0.5205  -0.9976  -1.0111  0.5032
 340.00 drone1  -0.8859  -0.5204  -0.9826  -1.0111  0.5002
 340.10 drone1  -0.8858  -0.5205  -0.9676  -1.0111  0.4974
 340.20 drone1  -0.8859  -0.5205  -0.9526  -1.0111  0.4952
 340.30 drone1  -0.8859  -0.5205  -0.9376  -1.0111  0.4933
 340.40 drone1  -0.8859  -0.5205  -0.9226  -1.0111  0.4919
 340.50 drone1  -0.8859  -0.5205  -0.9076  -1.0111  0.4911
 340.60 drone1  -0.8859  -0.5205  -0.8926  -1.0111  0.4907
 340.70 drone1  -0.8858  -0.5204  -0.8776  -1.0111  0.4908
 340.80 drone1  -0.8860  -0.5205  -0.8626  -1.0111  0.4912
 340.90 drone1  -0.8860  -0.5205  -0.8476  -1.0111  0.4921
 341.00 drone1  -0.8860  -0.5205  -0.8326  -1.0111  0.4935
 341.10 drone1  -0.8860  -0.5205  -0.8176  -1.0111  0.4953
 341.20 drone1  -0.8858  -0.5204  -0.8026  -1.0111  0.4977
 341.30 drone1  -0.8859  -0.5205  -0.7877  -1.0105  0.4998
 341.40 drone1  -0.8860  -0.5205  -0.7728  -1.0085  0.5010
 341.50 drone1  -0.8859  -0.5205  -0.7582  -1.0050  0.5010
 341.60 drone1  -0.8859  -0.5205  -0.7441  -1.0000  0.5000
 341.70 drone1  -0.8859  -0.5204  -0.7305  -0.9936  0.4981
 341.80 drone1  -0.8858  -0.5204  -0.7176  -0.9860  0.4950
 341.90 drone1  -0.8860  -0.5205  -0.7056  -0.9770  0.4909
 342.00 drone1  -0.8858  -0.5205  -0.6945  -0.9669  0.4857
 342.10 drone1  -0.8859  -0.5205  -0.6844  -0.9558  0.4797
 342.20 drone1  -0.8859  -0.5205  -0.6756  -0.9437  0.4726
 342.30 drone1  -0.8860  -0.5205  -0.6680  -0.9308  0.4646
 342.40 drone1  -0.8859  -0.5205  -0.6617  -0.9172  0.4557
 342.50 drone1  -0.8859  -0.5205  -0.6568  -0.9030  0.4459
 342.60 drone1  -0.8860  -0.5204  -0.6533  -0.8884  0.4354
 342.70 drone1  -0.8860  -0.5205  -0.6513  -0.8736  0.4239
 342.80 drone1  -0.8859  -0.5205  -0.6508  -0.8586  0.4118
 342.90 drone1  -0.8860  -0.5205  -0.6508  -0.8436  0.3996
 343.00 drone1  -0.8860  -0.5204  -0.6508  -0.8286  0.3877
 343.10 drone1  -0.8859  -0.5205  -0.6508  -0.8136  0.3758
 343.20 drone1  -0.8858  -0.5207  -0.6508  -0.7986  0.3639
 343.30 drone1  -0.8859  -0.5205  -0.6508  -0.7836  0.3529
 343.40 drone1  -0.8860  -0.5205  -0.6508  -0.7686  0.3419
 343.50 drone1  -0.8859  -0.5204  -0.6508  -0.7536  0.3311
 343.60 drone1  -0.8860  -0.5204  -0.6508  -0.7386  0.3208
 343.70 drone1  -0.8860  -0.5205  -0.6508  -0.7236  0.3107
 343.80 drone1  -0.8859  -0.5204  -0.6508  -0.7086  0.3012
 343.90 drone1  -0.8860  -0.5202  -0.6508  -0.6936  0.2922
 344.00 drone1  -0.8859  -0.5205  -0.6508  -0.6786  0.2834
 344.10 drone1  -0.8859  -0.5205  -0.6508  -0.6636  0.2753
 344.20 drone1  -0.8859  -0.5204  -0.6513  -0.6486  0.2674
 344.30 drone1  -0.8859  -0.5205  -0.6533  -0.6337  0.2587
 344.40 drone1  -0.8859  -0.5204  -0.6568  -0.6192  0.2495
 344.50 drone1  -0.8859  -0.5204  -0.6617  -0.6050  0.2396
 344.60 drone1  -0.8859  -0.5204  -0.6680  -0.5914  0.2292
 344.70 drone1  -0.8859  -0.5205  -0.6756  -0.5785  0.2182
 344.80 drone1  -0.8859  -0.5206  -0.6845  -0.5664  0.2066
 344.90 drone1  -0.8860  -0.5205  -0.6945  -0.5553  0.1946
 345.00 drone1  -0.8859  -0.5205  -0.7056  -0.5452  0.1820
 345.10 drone1  -0.8859  -0.5206  -0.7177  -0.5362  0.1690
 345.20 drone1  -0.8860  -0.5205  -0.7305  -0.5286  0.1556
 345.30 drone1  -0.8859  -0.5205  -0.7441  -0.5222  0.1418
 345.40 drone1  -0.8859  -0.5204  -0.7583  -0.5173  0.1276
 345.50 drone1  -0.8858  -0.5206  -0.7729  -0.5137  0.1132
 345.60 drone1  -0.8859  -0.5205  -0.7877  -0.5117  0.0986
 345.70 drone1  -0.8860  -0.5205  -0.8027  -0.5111  0.0838
 345.80 drone1  -0.8859  -0.5205  -0.8177  -0.5111  0.0689
 345.90 drone1  -0.8859  -0.5205  -0.8327  -0.5111  0.0541
 346.00 drone1  -0.8859  -0.5205  -0.8477  -0.5111  0.0394
 346.10 drone1  -0.8858  -0.5204  -0.8627  -0.5111  0.0249
 346.20 drone1  -0.8859  -0.5205  -0.8777  -0.5111  0.0125
 346.30 drone1  -0.8859  -0.5205  -0.8927  -0.5111  0.0115
 346.40 drone1  -0.8859  -0.5204  -0.9077  -0.5111  0.0237
 346.50 drone1  -0.8859  -0.5205  -0.9227  -0.5111  0.0379
 346.60 drone1  -0.8859  -0.5206  -0.9377  -0.5111  0.0527
 346.70 drone1  -0.8859  -0.5205  -0.9527  -0.5111  0.0674
 346.80 drone1  -0.8860  -0.5204  -0.9677  -0.5111  0.0822
 346.90 drone1  -0.8859  -0.5206  -0.9827  -0.5111  0.0973
 347.00 drone1  -0.8859  -0.5205  -0.9977  -0.5111  0.1121
 347.10 drone1  -0.8860  -0.5205  -1.0127  -0.5116  0.1270
 347.20 drone1  -0.8859  -0.5205  -1.0275  -0.5135  0.1418
 347.30 drone1  -0.8859  -0.5205  -1.0421  -0.5169  0.1562
 347.40 drone1  -0.8860  -0.5205  -1.0563  -0.5218  0.1704
 347.50 drone1  -0.8860  -0.5202  -1.0700  -0.5280  0.1841
 347.60 drone1  -0.8860  -0.5204  -1.0829  -0.5356  0.1975
 347.70 drone1  -0.8859  -0.5205  -1.0950  -0.5444  0.2105
 347.80 drone1  -0.8859  -0.5205  -1.1062  -0.5544  0.2229
 347.90 drone1  -0.8859  -0.5204  -1.1163  -0.5655  0.2348
 348.00 drone1  -0.8861  -0.5203  -1.1253  -0.5775  0.2460
 348.10 drone1  -0.8859  -0.5205  -1.1330  -0.5903  0.2568
 348.20 drone1  -0.8859  -0.5205  -1.1394  -0.6039  0.2669
 348.30 drone1  -0.8858  -0.5204  -1.1445  -0.6180  0.2764
 348.40 drone1  -0.8859  -0.5205  -1.1480  -0.6326  0.2851
 348.50 drone1  -0.8858  -0.5206  -1.1502  -0.6474  0.2932
 348.60 drone1  -0.8859  -0.5204  -1.1508  -0.6624  0.3006
 348.70 drone1  -0.8859  -0.5205  -1.1508  -0.6774  0.3079
 348.80 drone1  -0.8859  -0.5205  -1.1508  -0.6924  0.3158
 348.90 drone1  -0.8859  -0.5204  -1.1508  -0.7074  0.3243
 349.00 drone1  -0.8859  -0.5205  -1.1508  -0.7224  0.3330
 349.10 drone1  -0.8859  -0.5205  -1.1508  -0.7374  0.3424
 349.20 drone1  -0.8859  -0.5206  -1.1508  -0.7524  0.3520
 349.30 drone1  -0.8858  -0.5203  -1.1508  -0.7674  0.3623
 349.40 drone1  -0.8859  -0.5204  -1.1508  -0.7824  0.3725
 349.50 drone1  -0.8859  -0.5205  -1.1508  -0.7974  0.3832
 349.60 drone1  -0.8859  -0.5205  -1.1508  -0.8124  0.3942
 349.70 drone1  -0.8859  -0.5205  -1.1508  -0.8274  0.4054
 349.80 drone1  -0.8859  -0.5206  -1.1508  -0.8424  0.4168
 349.90 drone1  -0.8860  -0.5205  -1.1508  -0.8574  0.4286
 350.00 drone1  -0.8859  -0.5205  -1.1504  -0.8724  0.4402
 350.10 drone1  -0.8859  -0.5204  -1.1485  -0.8873  0.4511
 350.20 drone1  -0.8859  -0.5206  -1.1451  -0.9019  0.4611
 350.30 drone1  -0.8859  -0.5205  -1.1403  -0.9161  0.4704
 350.40 drone1  -0.8860  -0.5202  -1.1342  -0.9297  0.4789
 350.50 drone1  -0.8859  -0.5204  -1.1266  -0.9427  0.4861
 350.60 drone1  -0.8859  -0.5205  -1.1179  -0.9549  0.4925
 350.70 drone1  -0.8858  -0.5204  -1.1079  -0.9661  0.4980
 350.80 drone1  -0.8858  -0.5203  -1.0969  -0.9763  0.5025
 350.90 drone1  -0.8859  -0.5205  -1.0849  -0.9853  0.5056
 351.00 drone1  -0.8859  -0.5205  -1.0721  -0.9931  0.5079
 351.10 drone1  -0.8859  -0.5205  -1.0586  -0.9995  0.5092
 351.20 drone1  -0.8858  -0.5205  -1.0445  -1.0046  0.5095
 351.30 drone1  -0.8858  -0.5205  -1.0299  -1.0083  0.5086
 351.40 drone1  -0.8860  -0.5205  -1.0151  -1.0104  0.5067
 351.50 drone1  -0.8859  -0.5206  -1.0001  -1.0111  0.5036
 351.60 drone1  -0.8859  -0.5204  -0.9851  -1.0111  0.5007
 351.70 drone1  -0.8859  -0.5205  -0.9701  -1.0111  0.4978
 351.80 drone1  -0.8860  -0.5205  -0.9551  -1.0111  0.4954
 351.90 drone1  -0.8860  -0.5205  -0.9401  -1.0111  0.4936
 352.00 drone1  -0.8858  -0.5206  -0.9251  -1.0111  0.4921
 352.10 drone1  -0.8859  -0.5205  -0.9101  -1.0111  0.4912
 352.20 drone1  -0.8859  -0.5205  -0.8951  -1.0111  0.4907
 352.30 drone1  -0.8860  -0.5205  -0.8801  -1.0111  0.4907
 352.40 drone1  -0.8859  -0.5205  -0.8651  -1.0111  0.4911
 352.50 drone1  -0.8860  -0.5204  -0.8501  -1.0111  0.4920
 352.60 drone1  -0.8860  -0.5205  -0.8351  -1.0111  0.4933
 352.70 drone1  -0.8859  -0.5205  -0.8201  -1.0111  0.4950
 352.80 drone1  -0.8860  -0.5205  -0.8051  -1.0111  0.4972
 352.90 drone1  -0.8859  -0.5205  -0.7901  -1.0107  0.4995
 353.00 drone1  -0.8858  -0.5204  -0.7752  -1.0089  0.5009
 353.10 drone1  -0.8859  -0.5205  -0.7606  -1.0056  0.5010
 353.20 drone1  -0.8859  -0.5204  -0.7464  -1.0009  0.5003
 353.30 drone1  -0.8859  -0.5205  -0.7327  -0.9948  0.4984
 353.40 drone1  -0.8859  -0.5205  -0.7197  -0.9873  0.4956
 353.50 drone1  -0.8860  -0.5205  -0.7075  -0.9786  0.4916
 353.60 drone1  -0.8859  -0.5205  -0.6962  -0.9687  0.4867
 353.70 drone1  -0.8859  -0.5205  -0.6860  -0.9577  0.4808
 353.80 drone1  -0.8859  -0.5206  -0.6770  -0.9458  0.4738
 353.90 drone1  -0.8859  -0.5204  -0.6691  -0.9330  0.4661
 354.00 drone1  -0.8859  -0.5205  -0.6626  -0.9195  0.4573
 354.10 drone1  -0.8859  -0.5205  -0.6575  -0.9054  0.4476
 354.20 drone1  -0.8859  -0.5205  -0.6538  -0.8909  0.4371
 354.30 drone1  -0.8859  -0.5206  -0.6515  -0.8760  0.4258
 354.40 drone1  -0.8859  -0.5205  -0.6508  -0.8611  0.4138
 354.50 drone1  -0.8858  -0.5205  -0.6508  -0.8461  0.4015
 354.60 drone1  -0.8859  -0.5206  -0.6508  -0.8311  0.3895
 354.70 drone1  -0.8861  -0.5203  -0.6508  -0.8161  0.3779
 354.80 drone1  -0.8859  -0.5205  -0.6508  -0.8011  0.3661
 354.90 drone1  -0.8859  -0.5205  -0.6508  -0.7861  0.3547
 355.00 drone1  -0.8858  -0.5204  -0.6508  -0.7711  0.3436
 355.10 drone1  -0.8859  -0.5205  -0.6508  -0.7561  0.3328
 355.20 drone1  -0.8859  -0.5205  -0.6508  -0.7411  0.3224
 355.30 drone1  -0.8860  -0.5205  -0.6508  -0.7261  0.3124
 355.40 drone1  -0.8859  -0.5205  -0.6508  -0.7111  0.3027
 355.50 drone1  -0.8859  -0.5206  -0.6508  -0.6961  0.2934
 355.60 drone1  -0.8860  -0.5205  -0.6508  -0.6811  0.2848
 355.70 drone1  -0.8859  -0.5205  -0.6508  -0.6661  0.2765
 355.80 drone1  -0.8860  -0.5205  -0.6511  -0.6511  0.2687
 355.90 drone1  -0.8859  -0.5205  -0.6529  -0.6362  0.2602
 356.00 drone1  -0.8859  -0.5205  -0.6561  -0.6215  0.2510
 356.10 drone1  -0.8860  -0.5205  -0.6608  -0.6073  0.2413
 356.20 drone1  -0.8859  -0.5204  -0.6668  -0.5936  0.2309
 356.30 drone1  -0.8860  -0.5205  -0.6743  -0.5806  0.2201
 356.40 drone1  -0.8858  -0.5204  -0.6829  -0.5683  0.2085
 356.50 drone1  -0.8859  -0.5205  -0.6928  -0.5570  0.1966
 356.60 drone1  -0.8859  -0.5205  -0.7037  -0.5468  0.1841
 356.70 drone1  -0.8859  -0.5205  -0.7156  -0.5376  0.1711
 356.80 drone1  -0.8859  -0.5204  -0.7284  -0.5298  0.1578
 356.90 drone1  -0.8859  -0.5205  -0.7418  -0.5232  0.1441
 357.00 drone1  -0.8859  -0.5205  -0.7559  -0.5180  0.1301
 357.10 drone1  -0.8858  -0.5205  -0.7704  -0.5142  0.1156
 357.20 drone1  -0.8859  -0.5205  -0.7852  -0.5119  0.1011
 357.30 drone1  -0.8859  -0.5205  -0.8002  -0.5111  0.0862
 357.40 drone1  -0.8859  -0.5205  -0.8152  -0.5111  0.0713
 357.50 drone1  -0.8859  -0.5204  -0.8302  -0.5111  0.0565
 357.60 drone1  -0.8859  -0.5206  -0.8452  -0.5111  0.0418
 357.70 drone1  -0.8858  -0.5204  -0.8602  -0.5111  0.0272
 357.80 drone1  -0.8859  -0.5204  -0.8752  -0.5111  0.0142
 357.90 drone1  -0.8859  -0.5204  -0.8902  -0.5111  0.0102
 358.00 drone1  -0.8859  -0.5206  -0.9052  -0.5111  0.0215
 358.10 drone1  -0.8860  -0.5202  -0.9202  -0.5111  0.0354
 358.20 drone1  -0.8859  -0.5205  -0.9352  -0.5111  0.0501
 358.30 drone1  -0.8859  -0.5205  -0.9502  -0.5111  0.0650
 358.40 drone1  -0.8859  -0.5205  -0.9652  -0.5111  0.0798
 358.50 drone1  -0.8860  -0.5205  -0.9802  -0.5111  0.0947
 358.60 drone1  -0.8859  -0.5205  -0.9952  -0.5111  0.1097
 358.70 drone1  -0.8859  -0.5205  -1.0102  -0.5114  0.1246
 358.80 drone1  -0.8859  -0.5204  -1.0251  -0.5131  0.1394
 358.90 drone1  -0.8859  -0.5206  -1.0398  -0.5163  0.1539
 359.00 drone1  -0.8858  -0.5206  -1.0540  -0.5209  0.1682
 359.10 drone1  -0.8859  -0.5205  -1.0678  -0.5269  0.1819
 359.20 drone1  -0.8859  -0.5205  -1.0808  -0.5343  0.1954
 359.30 drone1  -0.8859  -0.5206  -1.0931  -0.5429  0.2084
 359.40 drone1  -0.8859  -0.5206  -1.1044  -0.5527  0.2209
 359.50 drone1  -0.8858  -0.5203  -1.1147  -0.5636  0.2329
 359.60 drone1  -0.8859  -0.5205  -1.1239  -0.5754  0.2443
 359.70 drone1  -0.8859  -0.5205  -1.1318  -0.5882  0.2551
 359.80 drone1  -0.8860  -0.5205  -1.1385  -0.6016  0.2652
 359.90 drone1  -0.8859  -0.5205  -1.1437  -0.6156  0.2748
 360.00 drone1  -0.8860  -0.5205  -1.1476  -0.6301  0.2836
 360.10 drone1  -0.8860  -0.5202  -1.1499  -0.6450  0.2919
 360.20 drone1  -0.8859  -0.5205  -1.1508  -0.6599  0.2993
 360.30 drone1  -0.8859  -0.5205  -1.1508  -0.6749  0.3066
 360.40 drone1  -0.8859  -0.5205  -1.1508  -0.6899  0.3144
 360.50 drone1  -0.8859  -0.5205  -1.1508  -0.7049  0.3228
 360.60 drone1  -0.8859  -0.5206  -1.1508  -0.7199  0.3315
 360.70 drone1  -0.8858  -0.5200  -1.1508  -0.7349  0.3411
 360.80 drone1  -0.8859  -0.5204  -1.1508  -0.7499  0.3505
 360.90 drone1  -0.8860  -0.5205  -1.1508  -0.7649  0.3604
 361.00 drone1  -0.8859  -0.5205  -1.1508  -0.7799  0.3708
 361.10 drone1  -0.8859  -0.5205  -1.1508  -0.7949  0.3814
 361.20 drone1  -0.8860  -0.5205  -1.1508  -0.8099  0.3923
 361.30 drone1  -0.8859  -0.5205  -1.1508  -0.8249  0.4035
 361.40 drone1  -0.8859  -0.5204  -1.1508  -0.8399  0.4150
 361.50 drone1  -0.8859  -0.5205  -1.1508  -0.8549  0.4266
 361.60 drone1  -0.8859  -0.5205  -1.1505  -0.8699  0.4383
 361.70 drone1  -0.8859  -0.5204  -1.1489  -0.8848  0.4494
 361.80 drone1  -0.8859  -0.5205  -1.1458  -0.8995  0.4595
 361.90 drone1  -0.8859  -0.5205  -1.1412  -0.9138  0.4689
 362.00 drone1  -0.8859  -0.5204  -1.1353  -0.9275  0.4775
 362.10 drone1  -0.8859  -0.5204  -1.1280  -0.9406  0.4849
 362.20 drone1  -0.8859  -0.5205  -1.1194  -0.9529  0.4914
 362.30 drone1  -0.8859  -0.5205  -1.1096  -0.9643  0.4970
 362.40 drone1  -0.8859  -0.5205  -1.0988  -0.9747  0.5016
 362.50 drone1  -0.8859  -0.5205  -1.0870  -0.9839  0.5052
 362.60 drone1  -0.8859  -0.5205  -1.0743  -0.9919  0.5077
 362.70 drone1  -0.8860  -0.5202  -1.0609  -0.9986  0.5093
 362.80 drone1  -0.8860  -0.5205  -1.0468  -1.0039  0.5095
 362.90 drone1  -0.8859  -0.5205  -1.0324  -1.0078  0.5088
 363.00 drone1  -0.8859  -0.5205  -1.0176  -1.0102  0.5071
 363.10 drone1  -0.8859  -0.5204  -1.0026  -1.0111  0.5044
 363.20 drone1  -0.8859  -0.5205  -0.9876  -1.0111  0.5011
 363.30 drone1  -0.8860  -0.5205  -0.9726  -1.0111  0.4982
 363.40 drone1  -0.8859  -0.5205  -0.9576  -1.0111  0.4958
 363.50 drone1  -0.8860  -0.5202  -0.9426  -1.0111  0.4942
 363.60 drone1  -0.8859  -0.5205  -0.9276  -1.0111  0.4924
 363.70 drone1  -0.8859  -0.5205  -0.9126  -1.0111  0.4913
 363.80 drone1  -0.8858  -0.5205  -0.8976  -1.0111  0.4908
 363.90 drone1  -0.8859  -0.5205  -0.8826  -1.0111  0.4906
 364.00 drone1  -0.8859  -0.5205  -0.8676  -1.0111  0.4909
 364.10 drone1  -0.8859  -0.5205  -0.8526  -1.0111  0.4918
 364.20 drone1  -0.8860  -0.5205  -0.8376  -1.0111  0.4930
 364.30 drone1  -0.8859  -0.5204  -0.8226  -1.0111  0.4948
 364.40 drone1  -0.8859  -0.5205  -0.8076  -1.0111  0.4969
 364.50 drone1  -0.8860  -0.5205  -0.7926  -1.0109  0.4992
 364.60 drone1  -0.8859  -0.5206  -0.7777  -1.0093  0.5006
 364.70 drone1  -0.8858  -0.5206  -0.7630  -1.0063  0.5010
 364.80 drone1  -0.8860  -0.5204  -0.7487  -1.0018  0.5005
 364.90 drone1  -0.8858  -0.5204  -0.7349  -0.9959  0.4989
 365.00 drone1  -0.8859  -0.5205  -0.7218  -0.9886  0.4960
 365.10 drone1  -0.8859  -0.5203  -0.7095  -0.9801  0.4925
 365.20 drone1  -0.8859  -0.5204  -0.6980  -0.9704  0.4876
 365.30 drone1  -0.8860  -0.5205  -0.6876  -0.9596  0.4818
 365.40 drone1  -0.8859  -0.5205  -0.6784  -0.9478  0.4750
 365.50 drone1  -0.8859  -0.5205  -0.6703  -0.9352  0.4673
 365.60 drone1  -0.8859  -0.5205  -0.6636  -0.9218  0.4588
 365.70 drone1  -0.8859  -0.5206  -0.6582  -0.9078  0.4492
 365.80 drone1  -0.8860  -0.5203  -0.6543  -0.8933  0.4391
 365.90 drone1  -0.8859  -0.5204  -0.6518  -0.8785  0.4278
 366.00 drone1  -0.8859  -0.5205  -0.6508  -0.8635  0.4158
 366.10 drone1  -0.8859  -0.5205  -0.6508  -0.8485  0.4036
 366.20 drone1  -0.8859  -0.5206  -0.6508  -0.8335  0.3914
 366.30 drone1  -0.8859  -0.5205  -0.6508  -0.8185  0.3797
 366.40 drone1  -0.8859  -0.5205  -0.6508  -0.8035  0.3680
 366.50 drone1  -0.8859  -0.5206  -0.6508  -0.7885  0.3565
 366.60 drone1  -0.8859  -0.5206  -0.6508  -0.7735  0.3454
 366.70 drone1  -0.8859  -0.5204  -0.6508  -0.7585  0.3346
 366.80 drone1  -0.8859  -0.5204  -0.6508  -0.7435  0.3242
 366.90 drone1  -0.8859  -0.5205  -0.6508  -0.7285  0.3139
 367.00 drone1  -0.8859  -0.5204  -0.6508  -0.7135  0.3043
 367.10 drone1  -0.8858  -0.5203  -0.6508  -0.6985  0.2950
 367.20 drone1  -0.8859  -0.5205  -0.6508  -0.6835  0.2862
 367.30 drone1  -0.8860  -0.5202  -0.6508  -0.6685  0.2781
 367.40 drone1  -0.8858  -0.5205  -0.6510  -0.6535  0.2699
 367.50 drone1  -0.8859  -0.5206  -0.6525  -0.6386  0.2616
 367.60 drone1  -0.8859  -0.5206  -0.6555  -0.6239  0.2526
 367.70 drone1  -0.8860  -0.5205  -0.6599  -0.6096  0.2430
 367.80 drone1  -0.8859  -0.5206  -0.6657  -0.5958  0.2327
 367.90 drone1  -0.8858  -0.5206  -0.6729  -0.5827  0.2217
 368.00 drone1  -0.8859  -0.5205  -0.6814  -0.5703  0.2105
 368.10 drone1  -0.8859  -0.5206  -0.6911  -0.5588  0.1985
 368.20 drone1  -0.8859  -0.5205  -0.7018  -0.5484  0.1862
 368.30 drone1  -0.8859  -0.5206  -0.7136  -0.5391  0.1733
 368.40 drone1  -0.8858  -0.5204  -0.7262  -0.5310  0.1600
 368.50 drone1  -0.8859  -0.5205  -0.7396  -0.5242  0.1464
 368.60 drone1  -0.8858  -0.5207  -0.7535  -0.5187  0.1323
 368.70 drone1  -0.8859  -0.5206  -0.7680  -0.5147  0.1180
 368.80 drone1  -0.8859  -0.5205  -0.7828  -0.5122  0.1035
 368.90 drone1  -0.8859  -0.5204  -0.7977  -0.5111  0.0887
 369.00 drone1  -0.8858  -0.5204  -0.8127  -0.5111  0.0737
 369.10 drone1  -0.8859  -0.5205  -0.8277  -0.5111  0.0590
 369.20 drone1  -0.8859  -0.5206  -0.8427  -0.5111  0.0442
 369.30 drone1  -0.8859  -0.5205  -0.8577  -0.5111  0.0297
 369.40 drone1  -0.8859  -0.5204  -0.8727  -0.5111  0.0161
 369.50 drone1  -0.8859  -0.5205  -0.8877  -0.5111  0.0096
 369.60 drone1  -0.8859  -0.5205  -0.9027  -0.5111  0.0192
 369.70 drone1  -0.8860  -0.5207  -0.9177  -0.5111  0.0332
 369.80 drone1  -0.8859  -0.5205  -0.9327  -0.5111  0.0477
 369.90 drone1  -0.8859  -0.5205  -0.9477  -0.5111  0.0625
 370.00 drone1  -0.8859  -0.5205  -0.9627  -0.5111  0.0774
 370.10 drone1  -0.8859  -0.5205  -0.9777  -0.5111  0.0923
 370.20 drone1  -0.8859  -0.5205  -0.9927  -0.5111  0.1072
 370.30 drone1  -0.8860  -0.5205  -1.0077  -0.5113  0.1221
 370.40 drone1  -0.8859  -0.5206  -1.0227  -0.5127  0.1370
 370.50 drone1  -0.8859  -0.5205  -1.0374  -0.5156  0.1515
 370.60 drone1  -0.8859  -0.5205  -1.0517  -0.5200  0.1658
 370.70 drone1  -0.8859  -0.5206  -1.0655  -0.5258  0.1797
 370.80 drone1  -0.8858  -0.5204  -1.0787  -0.5329  0.1933
 370.90 drone1  -0.8859  -0.5204  -1.0911  -0.5414  0.2063
 371.00 drone1  -0.8860  -0.5205  -1.1026  -0.5510  0.2188
 371.10 drone1  -0.8859  -0.5204  -1.1131  -0.5617  0.2309
 371.20 drone1  -0.8859  -0.5205  -1.1225  -0.5734  0.2424
 371.30 drone1  -0.8859  -0.5205  -1.1306  -0.5860  0.2534
 371.40 drone1  -0.8860  -0.5204  -1.1375  -0.5993  0.2636
 371.50 drone1  -0.8859  -0.5204  -1.1430  -0.6133  0.2734
 371.60 drone1  -0.8860  -0.5205  -1.1470  -0.6277  0.2822
 371.70 drone1  -0.8860  -0.5202  -1.1496  -0.6425  0.2906
 371.80 drone1  -0.8859  -0.5205  -1.1507  -0.6574  0.2982
 371.90 drone1  -0.8858  -0.5205  -1.1508  -0.6724  0.3055
 372.00 drone1  -0.8859  -0.5205  -1.1508  -0.6874  0.3131
 372.10 drone1  -0.8859  -0.5205  -1.1508  -0.7024  0.3214
 372.20 drone1  -0.8859  -0.5205  -1.1508  -0.7174  0.3301
 372.30 drone1  -0.8859  -0.5205  -1.1508  -0.7324  0.3392
 372.40 drone1  -0.8859  -0.5205  -1.1508  -0.7474  0.3488
 372.50 drone1  -0.8858  -0.5204  -1.1508  -0.7624  0.3589
 372.60 drone1  -0.8859  -0.5205  -1.1508  -0.7774  0.3690
 372.70 drone1  -0.8859  -0.5205  -1.1508  -0.7924  0.3796
 372.80 drone1  -0.8859  -0.5206  -1.1508  -0.8074  0.3905
 372.90 drone1  -0.8859  -0.5205  -1.1508  -0.8224  0.4017
 373.00 drone1  -0.8859  -0.5205  -1.1508  -0.8374  0.4130
 373.10 drone1  -0.8859  -0.5205  -1.1508  -0.8524  0.4247
 373.20 drone1  -0.8859  -0.5204  -1.1506  -0.8674  0.4365
 373.30 drone1  -0.8859  -0.5205  -1.1493  -0.8824  0.4476
 373.40 drone1  -0.8860  -0.5205  -1.1464  -0.8971  0.4579
 373.50 drone1  -0.8859  -0.5205  -1.1421  -0.9114  0.4674
 373.60 drone1  -0.8859  -0.5206  -1.1364  -0.9253  0.4760
 373.70 drone1  -0.8859  -0.5205  -1.1293  -0.9385  0.4837
 373.80 drone1  -0.8859  -0.5205  -1.1209  -0.9510  0.4905
 373.90 drone1  -0.8859  -0.5206  -1.1113  -0.9625  0.4961
 374.00 drone1  -0.8859  -0.5204  -1.1007  -0.9730  0.5010
 374.10 drone1  -0.8859  -0.5205  -1.0890  -0.9824  0.5046
 374.20 drone1  -0.8860  -0.5205  -1.0764  -0.9906  0.5073
 374.30 drone1  -0.8859  -0.5205  -1.0631  -0.9975  0.5089
 374.40 drone1  -0.8859  -0.5204  -1.0492  -1.0031  0.5096
 374.50 drone1  -0.8859  -0.5205  -1.0348  -1.0072  0.5089
 374.60 drone1  -0.8859  -0.5204  -1.0200  -1.0099  0.5075
 374.70 drone1  -0.8859  -0.5205  -1.0051  -1.0111  0.5048
 374.80 drone1  -0.8858  -0.5203  -0.9901  -1.0111  0.5018
 374.90 drone1  -0.8859  -0.5206  -0.9751  -1.0111  0.4986
 375.00 drone1  -0.8860  -0.5202  -0.9601  -1.0111  0.4965
 375.10 drone1  -0.8859  -0.5204  -0.9451  -1.0111  0.4942
 375.20 drone1  -0.8859  -0.5206  -0.9301  -1.0111  0.4925
 375.30 drone1  -0.8860  -0.5205  -0.9151  -1.0111  0.4915
 375.40 drone1  -0.8859  -0.5205  -0.9001  -1.0111  0.4908
 375.50 drone1  -0.8859  -0.5204  -0.8851  -1.0111  0.4907
 375.60 drone1  -0.8859  -0.5204  -0.8701  -1.0111  0.4909
 375.70 drone1  -0.8857  -0.5205  -0.8551  -1.0111  0.4916
 375.80 drone1  -0.8858  -0.5206  -0.8401  -1.0111  0.4927
 375.90 drone1  -0.8859  -0.5204  -0.8251  -1.0111  0.4945
 376.00 drone1  -0.8859  -0.5206  -0.8101  -1.0111  0.4963
 376.10 drone1  -0.8859  -0.5205  -0.7951  -1.0110  0.4989
 376.20 drone1  -0.8858  -0.5205  -0.7801  -1.0097  0.5004
 376.30 drone1  -0.8859  -0.5205  -0.7654  -1.0069  0.5011
 376.40 drone1  -0.8858  -0.5203  -0.7510  -1.0026  0.5008
 376.50 drone1  -0.8858  -0.5204  -0.7372  -0.9970  0.4992
 376.60 drone1  -0.8859  -0.5204  -0.7239  -0.9899  0.4966
 376.70 drone1  -0.8859  -0.5205  -0.7114  -0.9816  0.4930
 376.80 drone1  -0.8859  -0.5205  -0.6999  -0.9721  0.4884
 376.90 drone1  -0.8858  -0.5205  -0.6893  -0.9615  0.4828
 377.00 drone1  -0.8859  -0.5206  -0.6798  -0.9498  0.4762
 377.10 drone1  -0.8858  -0.5204  -0.6716  -0.9373  0.4687
 377.20 drone1  -0.8858  -0.5204  -0.6646  -0.9240  0.4603
 377.30 drone1  -0.8859  -0.5205  -0.6590  -0.9101  0.4509
 377.40 drone1  -0.8859  -0.5205  -0.6548  -0.8957  0.4406
 377.50 drone1  -0.8860  -0.5205  -0.6521  -0.8810  0.4296
 377.60 drone1  -0.8859  -0.5204  -0.6509  -0.8660  0.4180
 377.70 drone1  -0.8859  -0.5203  -0.6508  -0.8510  0.4058
 377.80 drone1  -0.8859  -0.5205  -0.6508  -0.8360  0.3935
 377.90 drone1  -0.8859  -0.5205  -0.6508  -0.8210  0.3816
 378.00 drone1  -0.8859  -0.5205  -0.6508  -0.8060  0.3699
 378.10 drone1  -0.8859  -0.5205  -0.6508  -0.7910  0.3584
 378.20 drone1  -0.8860  -0.5205  -0.6508  -0.7760  0.3473
 378.30 drone1  -0.8860  -0.5207  -0.6508  -0.7610  0.3363
 378.40 drone1  -0.8860  -0.5205  -0.6508  -0.7460  0.3258
 378.50 drone1  -0.8859  -0.5205  -0.6508  -0.7310  0.3156
 378.60 drone1  -0.8859  -0.5205  -0.6508  -0.7160  0.3058
 378.70 drone1  -0.8860  -0.5205  -0.6508  -0.7010  0.2965
 378.80 drone1  -0.8859  -0.5205  -0.6508  -0.6860  0.2876
 378.90 drone1  -0.8859  -0.5205  -0.6508  -0.6710  0.2792
 379.00 drone1  -0.8859  -0.5205  -0.6509  -0.6560  0.2713
 379.10 drone1  -0.8859  -0.5205  -0.6521  -0.6411  0.2630
 379.20 drone1  -0.8860  -0.5205  -0.6549  -0.6263  0.2542
 379.30 drone1  -0.8858  -0.5204  -0.6591  -0.6120  0.2446
 379.40 drone1  -0.8858  -0.5204  -0.6647  -0.5980  0.2343
 379.50 drone1  -0.8859  -0.5205  -0.6717  -0.5848  0.2237
 379.60 drone1  -0.8859  -0.5206  -0.6799  -0.5723  0.2123
 379.70 drone1  -0.8859  -0.5205  -0.6894  -0.5606  0.2005
 379.80 drone1  -0.8858  -0.5205  -0.7000  -0.5500  0.1882
 379.90 drone1  -0.8859  -0.5205  -0.7116  -0.5405  0.1755
 380.00 drone1  -0.8859  -0.5205  -0.7241  -0.5322  0.1623
 380.10 drone1  -0.8859  -0.5205  -0.7373  -0.5252  0.1487
 380.20 drone1  -0.8860  -0.5204  -0.7512  -0.5195  0.1348
 380.30 drone1  -0.8859  -0.5206  -0.7656  -0.5153  0.1204
 380.40 drone1  -0.8859  -0.5205  -0.7803  -0.5125  0.1059
 380.50 drone1  -0.8859  -0.5206  -0.7953  -0.5112  0.0911
 380.60 drone1  -0.8858  -0.5205  -0.8103  -0.5111  0.0762
 380.70 drone1  -0.8859  -0.5206  -0.8253  -0.5111  0.0614
 380.80 drone1  -0.8859  -0.5206  -0.8403  -0.5111  0.0466
 380.90 drone1  -0.8858  -0.5205  -0.8553  -0.5111  0.0320
 381.00 drone1  -0.8859  -0.5204  -0.8703  -0.5111  0.0182
 381.10 drone1  -0.8859  -0.5206  -0.8853  -0.5111  0.0095
 381.20 drone1  -0.8859  -0.5205  -0.9003  -0.5111  0.0172
 381.30 drone1  -0.8860  -0.5205  -0.9153  -0.5111  0.0307
 381.40 drone1  -0.8859  -0.5205  -0.9303  -0.5111  0.0453
 381.50 drone1  -0.8859  -0.5205  -0.9453  -0.5111  0.0601
 381.60 drone1  -0.8860  -0.5205  -0.9603  -0.5111  0.0749
 381.70 drone1  -0.8859  -0.5206  -0.9753  -0.5111  0.0899
 381.80 drone1  -0.8860  -0.5205  -0.9903  -0.5111  0.1047
 381.90 drone1  -0.8859  -0.5205  -1.0053  -0.5112  0.1197
 382.00 drone1  -0.8858  -0.5205  -1.0202  -0.5124  0.1346
 382.10 drone1  -0.8859  -0.5204  -1.0350  -0.5151  0.1491
 382.20 drone1  -0.8859  -0.5206  -1.0494  -0.5192  0.1635
 382.30 drone1  -0.8858  -0.5203  -1.0633  -0.5248  0.1775
 382.40 drone1  -0.8859  -0.5206  -1.0766  -0.5317  0.1910
 382.50 drone1  -0.8859  -0.5206  -1.0891  -0.5399  0.2042
 382.60 drone1  -0.8859  -0.5204  -1.1008  -0.5493  0.2169
 382.70 drone1  -0.8859  -0.5205  -1.1115  -0.5599  0.2290
 382.80 drone1  -0.8859  -0.5204  -1.1210  -0.5714  0.2406
 382.90 drone1  -0.8859  -0.5204  -1.1294  -0.5839  0.2516
 383.00 drone1  -0.8859  -0.5204  -1.1364  -0.5971  0.2620
 383.10 drone1  -0.8857  -0.5204  -1.1421  -0.6110  0.2719
 383.20 drone1  -0.8859  -0.5206  -1.1464  -0.6253  0.2808
 383.30 drone1  -0.8858  -0.5205  -1.1493  -0.6400  0.2894
 383.40 drone1  -0.8859  -0.5205  -1.1507  -0.6550  0.2969
 383.50 drone1  -0.8859  -0.5205  -1.1508  -0.6700  0.3041
 383.60 drone1  -0.8859  -0.5205  -1.1508  -0.6850  0.3118
 383.70 drone1  -0.8859  -0.5206  -1.1508  -0.7000  0.3199
 383.80 drone1  -0.8859  -0.5206  -1.1508  -0.7150  0.3285
 383.90 drone1  -0.8860  -0.5205  -1.1508  -0.7300  0.3377
 384.00 drone1  -0.8859  -0.5204  -1.1508  -0.7450  0.3473
 384.10 drone1  -0.8859  -0.5206  -1.1508  -0.7600  0.3571
 384.20 drone1  -0.8859  -0.5205  -1.1508  -0.7750  0.3673
 384.30 drone1  -0.8859  -0.5204  -1.1508  -0.7900  0.3779
 384.40 drone1  -0.8859  -0.5205  -1.1508  -0.8050  0.3887
 384.50 drone1  -0.8859  -0.5205  -1.1508  -0.8200  0.3998
 384.60 drone1  -0.8858  -0.5203  -1.1508  -0.8350  0.4114
 384.70 drone1  -0.8859  -0.5206  -1.1508  -0.8500  0.4227
 384.80 drone1  -0.8859  -0.5204  -1.1507  -0.8650  0.4346
 384.90 drone1  -0.8859  -0.5205  -1.1496  -0.8799  0.4458
 385.00 drone1  -0.8860  -0.5205  -1.1470  -0.8947  0.4562
 385.10 drone1  -0.8858  -0.5204  -1.1429  -0.9091  0.4660
 385.20 drone1  -0.8860  -0.5204  -1.1374  -0.9231  0.4747
 385.30 drone1  -0.8859  -0.5205  -1.1305  -0.9364  0.4825
 385.40 drone1  -0.8858  -0.5205  -1.1224  -0.9490  0.4894
 385.50 drone1  -0.8859  -0.5205  -1.1130  -0.9607  0.4953
 385.60 drone1  -0.8859  -0.5205  -1.1025  -0.9714  0.5002
 385.70 drone1  -0.8859  -0.5205  -1.0910  -0.9810  0.5041
 385.80 drone1  -0.8859  -0.5205  -1.0786  -0.9894  0.5070
 385.90 drone1  -0.8859  -0.5204  -1.0654  -0.9965  0.5088
 386.00 drone1  -0.8859  -0.5205  -1.0515  -1.0023  0.5095
 386.10 drone1  -0.8859  -0.5205  -1.0372  -1.0066  0.5091
 386.20 drone1  -0.8859  -0.5205  -1.0225  -1.0095  0.5077
 386.30 drone1  -0.8859  -0.5205  -1.0075  -1.0110  0.5053
 386.40 drone1  -0.8859  -0.5206  -0.9925  -1.0111  0.5020
 386.50 drone1  -0.8859  -0.5205  -0.9775  -1.0111  0.4991
 386.60 drone1  -0.8859  -0.5204  -0.9625  -1.0111  0.4966
 386.70 drone1  -0.8859  -0.5204  -0.9475  -1.0111  0.4946
 386.80 drone1  -0.8858  -0.5205  -0.9325  -1.0111  0.4929
 386.90 drone1  -0.8859  -0.5205  -0.9175  -1.0111  0.4916
 387.00 drone1  -0.8858  -0.5205  -0.9025  -1.0111  0.4909
 387.10 drone1  -0.8859  -0.5206  -0.8875  -1.0111  0.4905
 387.20 drone1  -0.8858  -0.5203  -0.8725  -1.0111  0.4910
 387.30 drone1  -0.8859  -0.5205  -0.8575  -1.0111  0.4914
 387.40 drone1  -0.8859  -0.5204  -0.8425  -1.0111  0.4926
 387.50 drone1  -0.8860  -0.5205  -0.8275  -1.0111  0.4940
 387.60 drone1  -0.8859  -0.5205  -0.8125  -1.0111  0.4960
 387.70 drone1  -0.8858  -0.5205  -0.7975  -1.0111  0.4985
 387.80 drone1  -0.8859  -0.5204  -0.7826  -1.0100  0.5004
 387.90 drone1  -0.8859  -0.5206  -0.7678  -1.0074  0.5010
 388.00 drone1  -0.8860  -0.5205  -0.7534  -1.0034  0.5008
 388.10 drone1  -0.8859  -0.5205  -0.7394  -0.9980  0.4994
 388.20 drone1  -0.8859  -0.5205  -0.7260  -0.9912  0.4971
 388.30 drone1  -0.8859  -0.5205  -0.7134  -0.9831  0.4937
 388.40 drone1  -0.8859  -0.5205  -0.7017  -0.9737  0.4892
 388.50 drone1  -0.8860  -0.5204  -0.6910  -0.9633  0.4839
 388.60 drone1  -0.8858  -0.5206  -0.6813  -0.9518  0.4772
 388.70 drone1  -0.8859  -0.5205  -0.6728  -0.9394  0.4700
 388.80 drone1  -0.8859  -0.5204  -0.6657  -0.9263  0.4617
 388.90 drone1  -0.8858  -0.5205  -0.6598  -0.9124  0.4524
 389.00 drone1  -0.8859  -0.5206  -0.6554  -0.8981  0.4424
 389.10 drone1  -0.8858  -0.5204  -0.6524  -0.8834  0.4316
 389.20 drone1  -0.8858  -0.5205  -0.6510  -0.8685  0.4198
 389.30 drone1  -0.8859  -0.5205  -0.6508  -0.8535  0.4076
 389.40 drone1  -0.8859  -0.5205  -0.6508  -0.8385  0.3954
 389.50 drone1  -0.8859  -0.5204  -0.6508  -0.8235  0.3836
 389.60 drone1  -0.8859  -0.5205  -0.6508  -0.8085  0.3717
 389.70 drone1  -0.8859  -0.5205  -0.6508  -0.7935  0.3603
 389.80 drone1  -0.8859  -0.5205  -0.6508  -0.7785  0.3491
 389.90 drone1  -0.8858  -0.5204  -0.6508  -0.7635  0.3381
 390.00 drone1  -0.8859  -0.5205  -0.6508  -0.7485  0.3276
 390.10 drone1  -0.8860  -0.5205  -0.6508  -0.7335  0.3174
 390.20 drone1  -0.8859  -0.5205  -0.6508  -0.7185  0.3074
 390.30 drone1  -0.8859  -0.5204  -0.6508  -0.7035  0.2980
 390.40 drone1  -0.8859  -0.5204  -0.6508  -0.6885  0.2891
 390.50 drone1  -0.8859  -0.5204  -0.6508  -0.6735  0.2806
 390.60 drone1  -0.8859  -0.5204  -0.6508  -0.6585  0.2726
 390.70 drone1  -0.8859  -0.5205  -0.6518  -0.6435  0.2644
 390.80 drone1  -0.8858  -0.5204  -0.6543  -0.6288  0.2555
 390.90 drone1  -0.8859  -0.5205  -0.6583  -0.6143  0.2462
 391.00 drone1  -0.8858  -0.5205  -0.6637  -0.6003  0.2360
 391.10 drone1  -0.8859  -0.5204  -0.6704  -0.5869  0.2255
 391.20 drone1  -0.8859  -0.5205  -0.6785  -0.5743  0.2143
 391.30 drone1  -0.8858  -0.5204  -0.6878  -0.5625  0.2025
 391.40 drone1  -0.8859  -0.5205  -0.6982  -0.5517  0.1903
 391.50 drone1  -0.8859  -0.5205  -0.7096  -0.5420  0.1776
 391.60 drone1  -0.8858  -0.5203  -0.7219  -0.5335  0.1644
 391.70 drone1  -0.8859  -0.5206  -0.7351  -0.5263  0.1509
 391.80 drone1  -0.8858  -0.5204  -0.7489  -0.5204  0.1369
 391.90 drone1  -0.8859  -0.5206  -0.7632  -0.5159  0.1228
 392.00 drone1  -0.8859  -0.5205  -0.7779  -0.5129  0.1083
 392.10 drone1  -0.8859  -0.5204  -0.7928  -0.5113  0.0936
 392.20 drone1  -0.8859  -0.5205  -0.8078  -0.5111  0.0787
 392.30 drone1  -0.8859  -0.5205  -0.8228  -0.5111  0.0638
 392.40 drone1  -0.8858  -0.5205  -0.8378  -0.5111  0.0490
 392.50 drone1  -0.8858  -0.5205  -0.8528  -0.5111  0.0343
 392.60 drone1  -0.8859  -0.5205  -0.8678  -0.5111  0.0204
 392.70 drone1  -0.8858  -0.5203  -0.8828  -0.5111  0.0096
 392.80 drone1  -0.8858  -0.5204  -0.8978  -0.5111  0.0152
 392.90 drone1  -0.8859  -0.5205  -0.9128  -0.5111  0.0284
 393.00 drone1  -0.8860  -0.5205  -0.9278  -0.5111  0.0429
 393.10 drone1  -0.8859  -0.5204  -0.9428  -0.5111  0.0576
 393.20 drone1  -0.8859  -0.5205  -0.9578  -0.5111  0.0724
 393.30 drone1  -0.8859  -0.5205  -0.9728  -0.5111  0.0874
 393.40 drone1  -0.8858  -0.5205  -0.9878  -0.5111  0.1024
 393.50 drone1  -0.8857  -0.5202  -1.0028  -0.5111  0.1174
 393.60 drone1  -0.8860  -0.5205  -1.0177  -0.5121  0.1321
 393.70 drone1  -0.8859  -0.5204  -1.0325  -0.5145  0.1467
 393.80 drone1  -0.8858  -0.5205  -1.0470  -0.5184  0.1612
 393.90 drone1  -0.8859  -0.5205  -1.0610  -0.5237  0.1752
 394.00 drone1  -0.8859  -0.5204  -1.0744  -0.5304  0.1888
 394.10 drone1  -0.8858  -0.5205  -1.0871  -0.5385  0.2021
 394.20 drone1  -0.8859  -0.5205  -1.0989  -0.5477  0.2147
 394.30 drone1  -0.8859  -0.5206  -1.1098  -0.5580  0.2270
 394.40 drone1  -0.8859  -0.5205  -1.1195  -0.5694  0.2387
 394.50 drone1  -0.8859  -0.5207  -1.1281  -0.5818  0.2498
 394.60 drone1  -0.8858  -0.5205  -1.1354  -0.5949  0.2603
 394.70 drone1  -0.8859  -0.5205  -1.1413  -0.6086  0.2702
 394.80 drone1  -0.8859  -0.5206  -1.1458  -0.6229  0.2793
 394.90 drone1  -0.8859  -0.5205  -1.1489  -0.6376  0.2879
 395.00 drone1  -0.8859  -0.5206  -1.1505  -0.6525  0.2957
 395.10 drone1  -0.8858  -0.5204  -1.1508  -0.6675  0.3031
 395.20 drone1  -0.8859  -0.5205  -1.1508  -0.6825  0.3105
 395.30 drone1  -0.8859  -0.5206  -1.1508  -0.6975  0.3185
 395.40 drone1  -0.8859  -0.5204  -1.1508  -0.7125  0.3272
 395.50 drone1  -0.8859  -0.5205  -1.1508  -0.7275  0.3362
 395.60 drone1  -0.8860  -0.5205  -1.1508  -0.7425  0.3456
 395.70 drone1  -0.8858  -0.5203  -1.1508  -0.7575  0.3556
 395.80 drone1  -0.8859  -0.5205  -1.1508  -0.7725  0.3656
 395.90 drone1  -0.8859  -0.5206  -1.1508  -0.7875  0.3761
 396.00 drone1  -0.8859  -0.5206  -1.1508  -0.8025  0.3868
 396.10 drone1  -0.8860  -0.5204  -1.1508  -0.8175  0.3980
 396.20 drone1  -0.8859  -0.5204  -1.1508  -0.8325  0.4093
 396.30 drone1  -0.8859  -0.5204  -1.1508  -0.8475  0.4209
 396.40 drone1  -0.8858  -0.5205  -1.1508  -0.8625  0.4326
 396.50 drone1  -0.8859  -0.5205  -1.1499  -0.8775  0.4440
 396.60 drone1  -0.8859  -0.5205  -1.1475  -0.8923  0.4546
 396.70 drone1  -0.8859  -0.5206  -1.1437  -0.9068  0.4643
 396.80 drone1  -0.8859  -0.5205  -1.1384  -0.9208  0.4732
 396.90 drone1  -0.8858  -0.5204  -1.1318  -0.9342  0.4814
 397.00 drone1  -0.8859  -0.5205  -1.1238  -0.9469  0.4883
 397.10 drone1  -0.8859  -0.5205  -1.1146  -0.9588  0.4944
 397.20 drone1  -0.8859  -0.5204  -1.1043  -0.9697  0.4995
 397.30 drone1  -0.8859  -0.5206  -1.0929  -0.9795  0.5034
 397.40 drone1  -0.8860  -0.5205  -1.0807  -0.9881  0.5065
 397.50 drone1  -0.8859  -0.5204  -1.0676  -0.9954  0.5086
 397.60 drone1  -0.8859  -0.5205  -1.0539  -1.0014  0.5094
 397.70 drone1  -0.8858  -0.5205  -1.0396  -1.0060  0.5093
 397.80 drone1  -0.8859  -0.5206  -1.0249  -1.0092  0.5080
 397.90 drone1  -0.8860  -0.5205  -1.0100  -1.0108  0.5058
 398.00 drone1  -0.8859  -0.5205  -0.9950  -1.0111  0.5026
 398.10 drone1  -0.8859  -0.5205  -0.9800  -1.0111  0.4996
 398.20 drone1  -0.8860  -0.5205  -0.9650  -1.0111  0.4969
 398.30 drone1  -0.8859  -0.5204  -0.9500  -1.0111  0.4949
 398.40 drone1  -0.8860  -0.5204  -0.9350  -1.0111  0.4931
 398.50 drone1  -0.8859  -0.5204  -0.9200  -1.0111  0.4919
 398.60 drone1  -0.8859  -0.5205  -0.9050  -1.0111  0.4910
 398.70 drone1  -0.8859  -0.5205  -0.8900  -1.0111  0.4906
 398.80 drone1  -0.8859  -0.5206  -0.8750  -1.0111  0.4907
 398.90 drone1  -0.8858  -0.5204  -0.8600  -1.0111  0.4914
 399.00 drone1  -0.8859  -0.5206  -0.8450  -1.0111  0.4922
 399.10 drone1  -0.8860  -0.5205  -0.8300  -1.0111  0.4938
 399.20 drone1  -0.8859  -0.5205  -0.8150  -1.0111  0.4957
 399.30 drone1  -0.8859  -0.5204  -0.8000  -1.0111  0.4981
 399.40 drone1  -0.8858  -0.5205  -0.7851  -1.0103  0.5000
 399.50 drone1  -0.8859  -0.5206  -0.7702  -1.0080  0.5009
 399.60 drone1  -0.8859  -0.5205  -0.7557  -1.0042  0.5009
 399.70 drone1  -0.8859  -0.5205  -0.7417  -0.9990  0.4997
 399.80 drone1  -0.8858  -0.5204  -0.7282  -0.9924  0.4977
 399.90 drone1  -0.8859  -0.5206  -0.7155  -0.9845  0.4942
 400.00 drone1  -0.8859  -0.5205  -0.7036  -0.9754  0.4901
 400.10 drone1  -0.8859  -0.5205  -0.6927  -0.9651  0.4848
 400.20 drone1  -0.8858  -0.5204  -0.6828  -0.9538  0.4785
 400.30 drone1  -0.8859  -0.5205  -0.6742  -0.9415  0.4712
 400.40 drone1  -0.8859  -0.5205  -0.6668  -0.9285  0.4631
 400.50 drone1  -0.8859  -0.5205  -0.6607  -0.9148  0.4540
 400.60 drone1  -0.8859  -0.5206  -0.6560  -0.9005  0.4440
 400.70 drone1  -0.8859  -0.5205  -0.6528  -0.8859  0.4333
 400.80 drone1  -0.8859  -0.5205  -0.6511  -0.8710  0.4219
 400.90 drone1  -0.8858  -0.5203  -0.6508  -0.8560  0.4098
 401.00 drone1  -0.8859  -0.5205  -0.6508  -0.8410  0.3975
 401.10 drone1  -0.8859  -0.5205  -0.6508  -0.8260  0.3854
 401.20 drone1  -0.8859  -0.5205  -0.6508  -0.8110  0.3738
 401.30 drone1  -0.8859  -0.5205  -0.6508  -0.7960  0.3621
 401.40 drone1  -0.8859  -0.5204  -0.6508  -0.7810  0.3510
 401.50 drone1  -0.8858  -0.5203  -0.6508  -0.7660  0.3400
 401.60 drone1  -0.8859  -0.5205  -0.6508  -0.7510  0.3292
 401.70 drone1  -0.8859  -0.5204  -0.6508  -0.7360  0.3190
 401.80 drone1  -0.8859  -0.5205  -0.6508  -0.7210  0.3090
 401.90 drone1  -0.8859  -0.5205  -0.6508  -0.7060  0.2994
 402.00 drone1  -0.8858  -0.5203  -0.6508  -0.6910  0.2904
 402.10 drone1  -0.8859  -0.5204  -0.6508  -0.6760  0.2819
 402.20 drone1  -0.8859  -0.5205  -0.6508  -0.6610  0.2739
 402.30 drone1  -0.8859  -0.5205  -0.6515  -0.6460  0.2658
 402.40 drone1  -0.8859  -0.5206  -0.6538  -0.6312  0.2571
 402.50 drone1  -0.8858  -0.5204  -0.6575  -0.6167  0.2477
 402.60 drone1  -0.8859  -0.5204  -0.6627  -0.6026  0.2379
 402.70 drone1  -0.8859  -0.5205  -0.6692  -0.5891  0.2273
 402.80 drone1  -0.8859  -0.5205  -0.6771  -0.5763  0.2162
 402.90 drone1  -0.8860  -0.5205  -0.6861  -0.5644  0.2046
 403.00 drone1  -0.8859  -0.5205  -0.6964  -0.5534  0.1924
 403.10 drone1  -0.8859  -0.5205  -0.7076  -0.5435  0.1797
 403.20 drone1  -0.8859  -0.5204  -0.7199  -0.5348  0.1667
 403.30 drone1  -0.8858  -0.5205  -0.7329  -0.5274  0.1531
 403.40 drone1  -0.8859  -0.5204  -0.7466  -0.5213  0.1394
 403.50 drone1  -0.8859  -0.5205  -0.7608  -0.5165  0.1252
 403.60 drone1  -0.8860  -0.5205  -0.7754  -0.5133  0.1108
 403.70 drone1  -0.8859  -0.5204  -0.7903  -0.5115  0.0960
 403.80 drone1  -0.8859  -0.5204  -0.8053  -0.5111  0.0811
 403.90 drone1  -0.8859  -0.5204  -0.8203  -0.5111  0.0663
 404.00 drone1  -0.8859  -0.5204  -0.8353  -0.5111  0.0515
 404.10 drone1  -0.8860  -0.5204  -0.8503  -0.5111  0.0368
 404.20 drone1  -0.8859  -0.5205  -0.8653  -0.5111  0.0226
 404.30 drone1  -0.8859  -0.5205  -0.8803  -0.5111  0.0109
 404.40 drone1  -0.8860  -0.5205  -0.8953  -0.5111  0.0132
 404.50 drone1  -0.8860  -0.5205  -0.9103  -0.5111  0.0261
 404.60 drone1  -0.8858  -0.5204  -0.9253  -0.5111  0.0405
 404.70 drone1  -0.8859  -0.5205  -0.9403  -0.5111  0.0552
 404.80 drone1  -0.8859  -0.5205  -0.9553  -0.5111  0.0700
 404.90 drone1  -0.8859  -0.5204  -0.9703  -0.5111  0.0849
 405.00 drone1  -0.8859  -0.5206  -0.9853  -0.5111  0.0999
 405.10 drone1  -0.8859  -0.5204  -1.0003  -0.5111  0.1148
 405.20 drone1  -0.8860  -0.5204  -1.0153  -0.5118  0.1296
 405.30 drone1  -0.8859  -0.5205  -1.0301  -0.5140  0.1443
 405.40 drone1  -0.8859  -0.5205  -1.0446  -0.5177  0.1588
 405.50 drone1  -0.8858  -0.5203  -1.0587  -0.5228  0.1729
 405.60 drone1  -0.8859  -0.5205  -1.0723  -0.5292  0.1866
 405.70 drone1  -0.8859  -0.5204  -1.0851  -0.5370  0.1998
 405.80 drone1  -0.8859  -0.5206  -1.0970  -0.5461  0.2127
 405.90 drone1  -0.8859  -0.5204  -1.1080  -0.5563  0.2250
 406.00 drone1  -0.8858  -0.5203  -1.1180  -0.5675  0.2369
 406.10 drone1  -0.8859  -0.5203  -1.1267  -0.5797  0.2481
 406.20 drone1  -0.8860  -0.5204  -1.1342  -0.5926  0.2586
 406.30 drone1  -0.8860  -0.5205  -1.1404  -0.6063  0.2685
 406.40 drone1  -0.8858  -0.5205  -1.1452  -0.6205  0.2780
 406.50 drone1  -0.8858  -0.5205  -1.1485  -0.6351  0.2866
 406.60 drone1  -0.8860  -0.5205  -1.1504  -0.6500  0.2944
 406.70 drone1  -0.8859  -0.5205  -1.1508  -0.6650  0.3017
 406.80 drone1  -0.8859  -0.5204  -1.1508  -0.6800  0.3092
 406.90 drone1  -0.8859  -0.5204  -1.1508  -0.6950  0.3172
 407.00 drone1  -0.8859  -0.5205  -1.1508  -0.7100  0.3257
 407.10 drone1  -0.8860  -0.5205  -1.1508  -0.7250  0.3346
 407.20 drone1  -0.8860  -0.5204  -1.1508  -0.7400  0.3440
 407.30 drone1  -0.8859  -0.5204  -1.1508  -0.7550  0.3538
 407.40 drone1  -0.8859  -0.5204  -1.1508  -0.7700  0.3640
 407.50 drone1  -0.8860  -0.5205  -1.1508  -0.7850  0.3742
 407.60 drone1  -0.8858  -0.5203  -1.1508  -0.8000  0.3853
 407.70 drone1  -0.8860  -0.5204  -1.1508  -0.8150  0.3961
 407.80 drone1  -0.8859  -0.5204  -1.1508  -0.8300  0.4074
 407.90 drone1  -0.8859  -0.5205  -1.1508  -0.8450  0.4189
 408.00 drone1  -0.8859  -0.5205  -1.1508  -0.8600  0.4306
 408.10 drone1  -0.8858  -0.5204  -1.1501  -0.8750  0.4423
 408.20 drone1  -0.8859  -0.5205  -1.1480  -0.8898  0.4529
 408.30 drone1  -0.8859  -0.5204  -1.1444  -0.9044  0.4629
 408.40 drone1  -0.8860  -0.5205  -1.1394  -0.9185  0.4718
 408.50 drone1  -0.8859  -0.5204  -1.1329  -0.9321  0.4800
 408.60 drone1  -0.8859  -0.5203  -1.1252  -0.9449  0.4874
 408.70 drone1  -0.8859  -0.5206  -1.1162  -0.9569  0.4934
 408.80 drone1  -0.8859  -0.5204  -1.1061  -0.9679  0.4988
 408.90 drone1  -0.8859  -0.5205  -1.0949  -0.9779  0.5029
 409.00 drone1  -0.8858  -0.5204  -1.0828  -0.9867  0.5062
 409.10 drone1  -0.8860  -0.5205  -1.0698  -0.9943  0.5082
 409.20 drone1  -0.8859  -0.5205  -1.0562  -1.0005  0.5093
 409.30 drone1  -0.8859  -0.5205  -1.0420  -1.0054  0.5093
 409.40 drone1  -0.8860  -0.5205  -1.0274  -1.0087  0.5083
 409.50 drone1  -0.8859  -0.5204  -1.0125  -1.0107  0.5063
 409.60 drone1  -0.8859  -0.5205  -0.9975  -1.0111  0.5031
 409.70 drone1  -0.8859  -0.5204  -0.9825  -1.0111  0.5001
 409.80 drone1  -0.8859  -0.5204  -0.9675  -1.0111  0.4975
 409.90 drone1  -0.8860  -0.5205  -0.9525  -1.0111  0.4951
 410.00 drone1  -0.8860  -0.5205  -0.9375  -1.0111  0.4934
 410.10 drone1  -0.8859  -0.5204  -0.9225  -1.0111  0.4920
 410.20 drone1  -0.8859  -0.5204  -0.9075  -1.0111  0.4912
 410.30 drone1  -0.8859  -0.5204  -0.8925  -1.0111  0.4907
 410.40 drone1  -0.8859  -0.5205  -0.8775  -1.0111  0.4907
 410.50 drone1  -0.8860  -0.5204  -0.8625  -1.0111  0.4913
 410.60 drone1  -0.8859  -0.5205  -0.8475  -1.0111  0.4921
 410.70 drone1  -0.8859  -0.5205  -0.8325  -1.0111  0.4935
 410.80 drone1  -0.8859  -0.5205  -0.8175  -1.0111  0.4953
 410.90 drone1  -0.8859  -0.5203  -0.8025  -1.0111  0.4978
 411.00 drone1  -0.8860  -0.5204  -0.7875  -1.0105  0.4999
 411.10 drone1  -0.8859  -0.5204  -0.7727  -1.0085  0.5010
 411.20 drone1  -0.8860  -0.5205  -0.7581  -1.0049  0.5010
 411.30 drone1  -0.8859  -0.5204  -0.7440  -0.9999  0.5001
 411.40 drone1  -0.8860  -0.5204  -0.7304  -0.9936  0.4981
 411.50 drone1  -0.8859  -0.5204  -0.7175  -0.9859  0.4950
 411.60 drone1  -0.8859  -0.5204  -0.7055  -0.9769  0.4909
 411.70 drone1  -0.8859  -0.5205  -0.6944  -0.9669  0.4858
 411.80 drone1  -0.8859  -0.5204  -0.6844  -0.9557  0.4797
 411.90 drone1  -0.8859  -0.5204  -0.6755  -0.9436  0.4726
 412.00 drone1  -0.8859  -0.5204  -0.6679  -0.9307  0.4646
 412.10 drone1  -0.8860  -0.5204  -0.6616  -0.9171  0.4557
 412.20 drone1  -0.8859  -0.5205  -0.6567  -0.9029  0.4458
 412.30 drone1  -0.8859  -0.5205  -0.6533  -0.8883  0.4352
 412.40 drone1  -0.8859  -0.5204  -0.6513  -0.8734  0.4239
 412.50 drone1  -0.8860  -0.5204  -0.6508  -0.8585  0.4118
 412.60 drone1  -0.8860  -0.5205  -0.6508  -0.8435  0.3995
 412.70 drone1  -0.8860  -0.5205  -0.6508  -0.8285  0.3875
 412.80 drone1  -0.8859  -0.5205  -0.6508  -0.8135  0.3756
 412.90 drone1  -0.8860  -0.5204  -0.6508  -0.7985  0.3641
 413.00 drone1  -0.8860  -0.5204  -0.6508  -0.7835  0.3528
 413.10 drone1  -0.8860  -0.5205  -0.6508  -0.7685  0.3418
 413.20 drone1  -0.8860  -0.5204  -0.6508  -0.7535  0.3311
 413.30 drone1  -0.8859  -0.5205  -0.6508  -0.7385  0.3206
 413.40 drone1  -0.8859  -0.5205  -0.6508  -0.7235  0.3106
 413.50 drone1  -0.8859  -0.5204  -0.6508  -0.7085  0.3011
 413.60 drone1  -0.8860  -0.5205  -0.6508  -0.6935  0.2920
 413.70 drone1  -0.8858  -0.5205  -0.6508  -0.6785  0.2832
 413.80 drone1  -0.8859  -0.5205  -0.6508  -0.6635  0.2751
 413.90 drone1  -0.8859  -0.5206  -0.6513  -0.6485  0.2672
 414.00 drone1  -0.8860  -0.5205  -0.6533  -0.6336  0.2587
 414.10 drone1  -0.8860  -0.5205  -0.6568  -0.6190  0.2495
 414.20 drone1  -0.8858  -0.5204  -0.6617  -0.6049  0.2395
 414.30 drone1  -0.8859  -0.5205  -0.6680  -0.5913  0.2290
 414.40 drone1  -0.8859  -0.5205  -0.6757  -0.5784  0.2180
 414.50 drone1  -0.8860  -0.5205  -0.6846  -0.5663  0.2065
 414.60 drone1  -0.8860  -0.5204  -0.6946  -0.5552  0.1945
 414.70 drone1  -0.8859  -0.5205  -0.7057  -0.5451  0.1819
 414.80 drone1  -0.8858  -0.5203  -0.7178  -0.5362  0.1688
 414.90 drone1  -0.8860  -0.5204  -0.7307  -0.5285  0.1555
 415.00 drone1  -0.8859  -0.5205  -0.7443  -0.5222  0.1417
 415.10 drone1  -0.8860  -0.5204  -0.7584  -0.5172  0.1276
 415.20 drone1  -0.8859  -0.5204  -0.7730  -0.5137  0.1131
 415.30 drone1  -0.8859  -0.5204  -0.7878  -0.5117  0.0985
 415.40 drone1  -0.8859  -0.5204  -0.8028  -0.5111  0.0836
 415.50 drone1  -0.8859  -0.5204  -0.8178  -0.5111  0.0687
 415.60 drone1  -0.8859  -0.5204  -0.8328  -0.5111  0.0539
 415.70 drone1  -0.8859  -0.5205  -0.8478  -0.5111  0.0392
 415.80 drone1  -0.8859  -0.5204  -0.8628  -0.5111  0.0249
 415.90 drone1  -0.8860  -0.5205  -0.8778  -0.5111  0.0124
 416.00 drone1  -0.8860  -0.5204  -0.8928  -0.5111  0.0115
 416.10 drone1  -0.8859  -0.5205  -0.9078  -0.5111  0.0239
 416.20 drone1  -0.8859  -0.5205  -0.9228  -0.5111  0.0381
 416.30 drone1  -0.8858  -0.5203  -0.9378  -0.5111  0.0528
 416.40 drone1  -0.8860  -0.5204  -0.9528  -0.5111  0.0675
 416.50 drone1  -0.8858  -0.5204  -0.9678  -0.5111  0.0825
 416.60 drone1  -0.8860  -0.5204  -0.9828  -0.5111  0.0973
 416.70 drone1  -0.8859  -0.5204  -0.9978  -0.5111  0.1123
 416.80 drone1  -0.8860  -0.5204  -1.0128  -0.5116  0.1272
 416.90 drone1  -0.8859  -0.5205  -1.0277  -0.5135  0.1420
 417.00 drone1  -0.8859  -0.5205  -1.0423  -0.5170  0.1564
 417.10 drone1  -0.8858  -0.5203  -1.0565  -0.5218  0.1706
 417.20 drone1  -0.8858  -0.5203  -1.0701  -0.5281  0.1844
 417.30 drone1  -0.8860  -0.5205  -1.0830  -0.5357  0.1977
 417.40 drone1  -0.8859  -0.5204  -1.0951  -0.5445  0.2106
 417.50 drone1  -0.8857  -0.5202  -1.1063  -0.5545  0.2232
 417.60 drone1  -0.8859  -0.5205  -1.1164  -0.5656  0.2349
 417.70 drone1  -0.8859  -0.5205  -1.1254  -0.5776  0.2462
 417.80 drone1  -0.8860  -0.5204  -1.1331  -0.5905  0.2569
 417.90 drone1  -0.8860  -0.5205  -1.1395  -0.6040  0.2669
 418.00 drone1  -0.8859  -0.5204  -1.1445  -0.6181  0.2764
 418.10 drone1  -0.8859  -0.5205  -1.1481  -0.6327  0.2852
 418.20 drone1  -0.8859  -0.5205  -1.1502  -0.6476  0.2932
 418.30 drone1  -0.8860  -0.5205  -1.1508  -0.6625  0.3005
 418.40 drone1  -0.8859  -0.5204  -1.1508  -0.6775  0.3079
 418.50 drone1  -0.8859  -0.5205  -1.1508  -0.6925  0.3158
 418.60 drone1  -0.8859  -0.5204  -1.1508  -0.7075  0.3243
 418.70 drone1  -0.8859  -0.5204  -1.1508  -0.7225  0.3331
 418.80 drone1  -0.8860  -0.5205  -1.1508  -0.7375  0.3424
 418.90 drone1  -0.8859  -0.5205  -1.1508  -0.7525  0.3521
 419.00 drone1  -0.8859  -0.5204  -1.1508  -0.7675  0.3622
 419.10 drone1  -0.8860  -0.5204  -1.1508  -0.7825  0.3726
 419.20 drone1  -0.8860  -0.5205  -1.1508  -0.7975  0.3833
 419.30 drone1  -0.8859  -0.5205  -1.1508  -0.8125  0.3943
 419.40 drone1  -0.8860  -0.5205  -1.1508  -0.8275  0.4055
 419.50 drone1  -0.8859  -0.5205  -1.1508  -0.8425  0.4170
 419.60 drone1  -0.8859  -0.5204  -1.1508  -0.8575  0.4287
 419.70 drone1  -0.8859  -0.5204  -1.1503  -0.8725  0.4403
 419.80 drone1  -0.8860  -0.5204  -1.1485  -0.8874  0.4512
 419.90 drone1  -0.8859  -0.5206  -1.1451  -0.9020  0.4612
 420.00 drone1  -0.8859  -0.5205  -1.1403  -0.9162  0.4704
 420.10 drone1  -0.8860  -0.5205  -1.1341  -0.9299  0.4787
 420.20 drone1  -0.8859  -0.5204  -1.1266  -0.9428  0.4861
 420.30 drone1  -0.8859  -0.5204  -1.1178  -0.9550  0.4926
 420.40 drone1  -0.8859  -0.5204  -1.1078  -0.9662  0.4979
 420.50 drone1  -0.8860  -0.5204  -1.0968  -0.9764  0.5023
 420.60 drone1  -0.8859  -0.5204  -1.0848  -0.9854  0.5057
 420.70 drone1  -0.8860  -0.5204  -1.0720  -0.9931  0.5080
 420.80 drone1  -0.8860  -0.5204  -1.0585  -0.9996  0.5092
 420.90 drone1  -0.8859  -0.5205  -1.0443  -1.0047  0.5094
 421.00 drone1  -0.8859  -0.5205  -1.0298  -1.0083  0.5086
 421.10 drone1  -0.8858  -0.5202  -1.0150  -1.0104  0.5069
 421.20 drone1  -0.8859  -0.5204  -1.0000  -1.0111  0.5038
 421.30 drone1  -0.8859  -0.5204  -0.9850  -1.0111  0.5006
 421.40 drone1  -0.8860  -0.5205  -0.9700  -1.0111  0.4977
 421.50 drone1  -0.8859  -0.5204  -0.9550  -1.0111  0.4956
 421.60 drone1  -0.8859  -0.5205  -0.9400  -1.0111  0.4936
 421.70 drone1  -0.8860  -0.5204  -0.9250  -1.0111  0.4922
 421.80 drone1  -0.8859  -0.5204  -0.9100  -1.0111  0.4913
 421.90 drone1  -0.8860  -0.5205  -0.8950  -1.0111  0.4907
 422.00 drone1  -0.8859  -0.5205  -0.8800  -1.0111  0.4906
 422.10 drone1  -0.8860  -0.5205  -0.8650  -1.0111  0.4911
 422.20 drone1  -0.8858  -0.5203  -0.8500  -1.0111  0.4921
 422.30 drone1  -0.8860  -0.5204  -0.8350  -1.0111  0.4933
 422.40 drone1  -0.8860  -0.5204  -0.8200  -1.0111  0.4951
 422.50 drone1  -0.8859  -0.5204  -0.8050  -1.0111  0.4973
 422.60 drone1  -0.8859  -0.5204  -0.7900  -1.0107  0.4996
 422.70 drone1  -0.8860  -0.5205  -0.7751  -1.0089  0.5008
 422.80 drone1  -0.8859  -0.5203  -0.7605  -1.0056  0.5012
 422.90 drone1  -0.8859  -0.5204  -0.7463  -1.0009  0.5003
 423.00 drone1  -0.8860  -0.5204  -0.7326  -0.9947  0.4985
 423.10 drone1  -0.8859  -0.5204  -0.7196  -0.9872  0.4955
 423.20 drone1  -0.8860  -0.5205  -0.7074  -0.9785  0.4916
 423.30 drone1  -0.8859  -0.5205  -0.6961  -0.9686  0.4866
 423.40 drone1  -0.8860  -0.5205  -0.6859  -0.9576  0.4808
 423.50 drone1  -0.8860  -0.5204  -0.6769  -0.9457  0.4739
 423.60 drone1  -0.8859  -0.5204  -0.6691  -0.9329  0.4660
 423.70 drone1  -0.8859  -0.5204  -0.6626  -0.9194  0.4572
 423.80 drone1  -0.8859  -0.5205  -0.6574  -0.9053  0.4475
 423.90 drone1  -0.8860  -0.5205  -0.6537  -0.8907  0.4371
 424.00 drone1  -0.8859  -0.5203  -0.6515  -0.8759  0.4258
 424.10 drone1  -0.8859  -0.5205  -0.6508  -0.8609  0.4137
 424.20 drone1  -0.8860  -0.5205  -0.6508  -0.8459  0.4015
 424.30 drone1  -0.8859  -0.5204  -0.6508  -0.8309  0.3895
 424.40 drone1  -0.8859  -0.5204  -0.6508  -0.8159  0.3777
 424.50 drone1  -0.8860  -0.5205  -0.6508  -0.8009  0.3660
 424.60 drone1  -0.8859  -0.5205  -0.6508  -0.7859  0.3546
 424.70 drone1  -0.8859  -0.5204  -0.6508  -0.7709  0.3436
 424.80 drone1  -0.8859  -0.5202  -0.6508  -0.7559  0.3329
 424.90 drone1  -0.8860  -0.5204  -0.6508  -0.7409  0.3224
 425.00 drone1  -0.8859  -0.5205  -0.6508  -0.7259  0.3122
 425.10 drone1  -0.8859  -0.5205  -0.6508  -0.7109  0.3026
 425.20 drone1  -0.8859  -0.5205  -0.6508  -0.6959  0.2934
 425.30 drone1  -0.8859  -0.5204  -0.6508  -0.6809  0.2847
 425.40 drone1  -0.8860  -0.5205  -0.6508  -0.6659  0.2765
 425.50 drone1  -0.8859  -0.5204  -0.6511  -0.6509  0.2686
 425.60 drone1  -0.8859  -0.5205  -0.6529  -0.6361  0.2601
 425.70 drone1  -0.8859  -0.5204  -0.6561  -0.6214  0.2510
 425.80 drone1  -0.8859  -0.5205  -0.6608  -0.6072  0.2412
 425.90 drone1  -0.8858  -0.5205  -0.6669  -0.5935  0.2308
 426.00 drone1  -0.8860  -0.5205  -0.6743  -0.5804  0.2200
 426.10 drone1  -0.8858  -0.5204  -0.6830  -0.5682  0.2083
 426.20 drone1  -0.8860  -0.5204  -0.6929  -0.5569  0.1965
 426.30 drone1  -0.8859  -0.5204  -0.7038  -0.5467  0.1840
 426.40 drone1  -0.8860  -0.5205  -0.7157  -0.5376  0.1711
 426.50 drone1  -0.8858  -0.5202  -0.7285  -0.5297  0.1576
 426.60 drone1  -0.8860  -0.5204  -0.7420  -0.5231  0.1440
 426.70 drone1  -0.8858  -0.5203  -0.7560  -0.5179  0.1298
 426.80 drone1  -0.8859  -0.5205  -0.7706  -0.5142  0.1155
 426.90 drone1  -0.8859  -0.5204  -0.7854  -0.5119  0.1009
 427.00 drone1  -0.8858  -0.5202  -0.8003  -0.5111  0.0859
 427.10 drone1  -0.8859  -0.5204  -0.8153  -0.5111  0.0712
 427.20 drone1  -0.8859  -0.5205  -0.8303  -0.5111  0.0564
 427.30 drone1  -0.8859  -0.5204  -0.8453  -0.5111  0.0416
 427.40 drone1  -0.8859  -0.5205  -0.8603  -0.5111  0.0272
 427.50 drone1  -0.8860  -0.5205  -0.8753  -0.5111  0.0142
 427.60 drone1  -0.8859  -0.5204  -0.8903  -0.5111  0.0103
 427.70 drone1  -0.8859  -0.5205  -0.9053  -0.5111  0.0216
 427.80 drone1  -0.8859  -0.5205  -0.9203  -0.5111  0.0357
 427.90 drone1  -0.8859  -0.5204  -0.9353  -0.5111  0.0503
 428.00 drone1  -0.8860  -0.5204  -0.9503  -0.5111  0.0651
 428.10 drone1  -0.8859  -0.5204  -0.9653  -0.5111  0.0800
 428.20 drone1  -0.8859  -0.5204  -0.9803  -0.5111  0.0949
 428.30 drone1  -0.8860  -0.5205  -0.9953  -0.5111  0.1098
 428.40 drone1  -0.8859  -0.5204  -1.0103  -0.5114  0.1247
 428.50 drone1  -0.8859  -0.5204  -1.0252  -0.5131  0.1395
 428.60 drone1  -0.8859  -0.5205  -1.0399  -0.5163  0.1541
 428.70 drone1  -0.8859  -0.5204  -1.0541  -0.5209  0.1682
 428.80 drone1  -0.8859  -0.5204  -1.0679  -0.5270  0.1821
 428.90 drone1  -0.8858  -0.5202  -1.0809  -0.5343  0.1957
 429.00 drone1  -0.8860  -0.5205  -1.0932  -0.5430  0.2084
 429.10 drone1  -0.8859  -0.5205  -1.1045  -0.5528  0.2210
 429.20 drone1  -0.8858  -0.5205  -1.1148  -0.5637  0.2330
 429.30 drone1  -0.8859  -0.5203  -1.1240  -0.5755  0.2444
 429.40 drone1  -0.8860  -0.5204  -1.1319  -0.5883  0.2551
 429.50 drone1  -0.8859  -0.5204  -1.1385  -0.6017  0.2654
 429.60 drone1  -0.8860  -0.5205  -1.1438  -0.6158  0.2749
 429.70 drone1  -0.8859  -0.5204  -1.1476  -0.6303  0.2838
 429.80 drone1  -0.8860  -0.5204  -1.1499  -0.6451  0.2919
 429.90 drone1  -0.8859  -0.5204  -1.1508  -0.6601  0.2994
 430.00 drone1  -0.8858  -0.5203  -1.1508  -0.6751  0.3068
 430.10 drone1  -0.8859  -0.5204  -1.1508  -0.6901  0.3146
 430.20 drone1  -0.8859  -0.5204  -1.1508  -0.7051  0.3229
 430.30 drone1  -0.8859  -0.5203  -1.1508  -0.7201  0.3318
 430.40 drone1  -0.8859  -0.5205  -1.1508  -0.7351  0.3409
 430.50 drone1  -0.8860  -0.5204  -1.1508  -0.7501  0.3505
 430.60 drone1  -0.8859  -0.5204  -1.1508  -0.7651  0.3605
 430.70 drone1  -0.8859  -0.5205  -1.1508  -0.7801  0.3709
 430.80 drone1  -0.8858  -0.5203  -1.1508  -0.7951  0.3817
 430.90 drone1  -0.8859  -0.5204  -1.1508  -0.8101  0.3925
 431.00 drone1  -0.8860  -0.5204  -1.1508  -0.8251  0.4036
 431.10 drone1  -0.8859  -0.5204  -1.1508  -0.8401  0.4151
 431.20 drone1  -0.8859  -0.5204  -1.1508  -0.8551  0.4268
 431.30 drone1  -0.8859  -0.5204  -1.1505  -0.8701  0.4384
 431.40 drone1  -0.8859  -0.5204  -1.1489  -0.8850  0.4495
 431.50 drone1  -0.8860  -0.5204  -1.1458  -0.8996  0.4597
 431.60 drone1  -0.8860  -0.5204  -1.1412  -0.9139  0.4690
 431.70 drone1  -0.8859  -0.5205  -1.1352  -0.9277  0.4775
 431.80 drone1  -0.8860  -0.5204  -1.1279  -0.9407  0.4850
 431.90 drone1  -0.8859  -0.5203  -1.1193  -0.9530  0.4917
 432.00 drone1  -0.8860  -0.5204  -1.1095  -0.9644  0.4971
 432.10 drone1  -0.8860  -0.5204  -1.0987  -0.9748  0.5017
 432.20 drone1  -0.8860  -0.5204  -1.0869  -0.9840  0.5052
 432.30 drone1  -0.8860  -0.5205  -1.0742  -0.9919  0.5076
 432.40 drone1  -0.8859  -0.5205  -1.0607  -0.9986  0.5091
 432.50 drone1  -0.8860  -0.5204  -1.0467  -1.0039  0.5095
 432.60 drone1  -0.8860  -0.5204  -1.0322  -1.0078  0.5088
 432.70 drone1  -0.8859  -0.5203  -1.0174  -1.0102  0.5072
 432.80 drone1  -0.8860  -0.5204  -1.0025  -1.0111  0.5043
 432.90 drone1  -0.8860  -0.5205  -0.9875  -1.0111  0.5011
 433.00 drone1  -0.8859  -0.5204  -0.9725  -1.0111  0.4983
 433.10 drone1  -0.8859  -0.5205  -0.9575  -1.0111  0.4959
 433.20 drone1  -0.8859  -0.5204  -0.9425  -1.0111  0.4940
 433.30 drone1  -0.8859  -0.5204  -0.9275  -1.0111  0.4925
 433.40 drone1  -0.8859  -0.5204  -0.9125  -1.0111  0.4914
 433.50 drone1  -0.8860  -0.5205  -0.8975  -1.0111  0.4908
 433.60 drone1  -0.8860  -0.5204  -0.8825  -1.0111  0.4907
 433.70 drone1  -0.8859  -0.5204  -0.8675  -1.0111  0.4910
 433.80 drone1  -0.8857  -0.5201  -0.8525  -1.0111  0.4921
 433.90 drone1  -0.8859  -0.5204  -0.8375  -1.0111  0.4931
 434.00 drone1  -0.8858  -0.5203  -0.8225  -1.0111  0.4949
 434.10 drone1  -0.8859  -0.5204  -0.8075  -1.0111  0.4969
 434.20 drone1  -0.8859  -0.5203  -0.7925  -1.0109  0.4994
 434.30 drone1  -0.8860  -0.5204  -0.7776  -1.0093  0.5008
 434.40 drone1  -0.8859  -0.5203  -0.7629  -1.0062  0.5013
 434.50 drone1  -0.8859  -0.5204  -0.7486  -1.0017  0.5006
 434.60 drone1  -0.8860  -0.5204  -0.7348  -0.9958  0.4988
 434.70 drone1  -0.8860  -0.5204  -0.7217  -0.9886  0.4961
 434.80 drone1  -0.8859  -0.5204  -0.7094  -0.9800  0.4924
 434.90 drone1  -0.8860  -0.5204  -0.6979  -0.9703  0.4876
 435.00 drone1  -0.8858  -0.5203  -0.6875  -0.9595  0.4819
 435.10 drone1  -0.8859  -0.5203  -0.6783  -0.9477  0.4751
 435.20 drone1  -0.8859  -0.5205  -0.6703  -0.9350  0.4673
 435.30 drone1  -0.8859  -0.5203  -0.6635  -0.9216  0.4588
 435.40 drone1  -0.8860  -0.5204  -0.6582  -0.9076  0.4493
 435.50 drone1  -0.8859  -0.5205  -0.6542  -0.8932  0.4388
 435.60 drone1  -0.8859  -0.5204  -0.6518  -0.8784  0.4278
 435.70 drone1  -0.8860  -0.5204  -0.6508  -0.8634  0.4159
 435.80 drone1  -0.8858  -0.5203  -0.6508  -0.8484  0.4036
 435.90 drone1  -0.8859  -0.5204  -0.6508  -0.8334  0.3915
 436.00 drone1  -0.8859  -0.5205  -0.6508  -0.8184  0.3796
 436.10 drone1  -0.8859  -0.5204  -0.6508  -0.8034  0.3679
 436.20 drone1  -0.8858  -0.5204  -0.6508  -0.7884  0.3565
 436.30 drone1  -0.8860  -0.5205  -0.6508  -0.7734  0.3454
 436.40 drone1  -0.8859  -0.5205  -0.6508  -0.7584  0.3345
 436.50 drone1  -0.8859  -0.5204  -0.6508  -0.7434  0.3241
 436.60 drone1  -0.8858  -0.5204  -0.6508  -0.7284  0.3139
 436.70 drone1  -0.8859  -0.5205  -0.6508  -0.7134  0.3041
 436.80 drone1  -0.8860  -0.5204  -0.6508  -0.6984  0.2949
 436.90 drone1  -0.8860  -0.5204  -0.6508  -0.6834  0.2861
 437.00 drone1  -0.8859  -0.5204  -0.6508  -0.6684  0.2778
 437.10 drone1  -0.8859  -0.5205  -0.6510  -0.6534  0.2699
 437.20 drone1  -0.8859  -0.5204  -0.6525  -0.6385  0.2616
 437.30 drone1  -0.8858  -0.5203  -0.6555  -0.6238  0.2525
 437.40 drone1  -0.8858  -0.5204  -0.6599  -0.6095  0.2428
 437.50 drone1  -0.8858  -0.5202  -0.6658  -0.5957  0.2326
 437.60 drone1  -0.8859  -0.5204  -0.6730  -0.5825  0.2218
 437.70 drone1  -0.8860  -0.5204  -0.6815  -0.5702  0.2104
 437.80 drone1  -0.8858  -0.5204  -0.6912  -0.5587  0.1984
 437.90 drone1  -0.8859  -0.5205  -0.7019  -0.5483  0.1861
 438.00 drone1  -0.8859  -0.5204  -0.7137  -0.5390  0.1732
 438.10 drone1  -0.8859  -0.5205  -0.7263  -0.5309  0.1599
 438.20 drone1  -0.8859  -0.5204  -0.7397  -0.5241  0.1463
 438.30 drone1  -0.8859  -0.5204  -0.7537  -0.5187  0.1323
 438.40 drone1  -0.8859  -0.5204  -0.7681  -0.5147  0.1180
 438.50 drone1  -0.8859  -0.5204  -0.7829  -0.5122  0.1033
 438.60 drone1  -0.8859  -0.5203  -0.7979  -0.5111  0.0885
 438.70 drone1  -0.8859  -0.5204  -0.8129  -0.5111  0.0737
 438.80 drone1  -0.8860  -0.5205  -0.8279  -0.5111  0.0588
 438.90 drone1  -0.8859  -0.5204  -0.8429  -0.5111  0.0441
 439.00 drone1  -0.8859  -0.5203  -0.8579  -0.5111  0.0295
 439.10 drone1  -0.8858  -0.5204  -0.8729  -0.5111  0.0159
 439.20 drone1  -0.8859  -0.5204  -0.8879  -0.5111  0.0095
 439.30 drone1  -0.8857  -0.5202  -0.9029  -0.5111  0.0194
 439.40 drone1  -0.8860  -0.5204  -0.9179  -0.5111  0.0332
 439.50 drone1  -0.8860  -0.5204  -0.9329  -0.5111  0.0478
 439.60 drone1  -0.8859  -0.5205  -0.9479  -0.5111  0.0627
 439.70 drone1  -0.8858  -0.5203  -0.9629  -0.5111  0.0776
 439.80 drone1  -0.8858  -0.5203  -0.9779  -0.5111  0.0925
 439.90 drone1  -0.8859  -0.5204  -0.9929  -0.5111  0.1073
 440.00 drone1  -0.8858  -0.5204  -1.0079  -0.5113  0.1224
 440.10 drone1  -0.8860  -0.5204  -1.0228  -0.5127  0.1370
 440.20 drone1  -0.8858  -0.5205  -1.0375  -0.5157  0.1517
 440.30 drone1  -0.8858  -0.5203  -1.0518  -0.5201  0.1660
 440.40 drone1  -0.8859  -0.5205  -1.0657  -0.5259  0.1798
 440.50 drone1  -0.8859  -0.5204  -1.0788  -0.5330  0.1933
 440.60 drone1  -0.8859  -0.5204  -1.0912  -0.5415  0.2064
 440.70 drone1  -0.8860  -0.5204  -1.1027  -0.5511  0.2189
 440.80 drone1  -0.8860  -0.5204  -1.1132  -0.5618  0.2309
 440.90 drone1  -0.8859  -0.5205  -1.1226  -0.5735  0.2425
 441.00 drone1  -0.8860  -0.5204  -1.1307  -0.5861  0.2534
 441.10 drone1  -0.8858  -0.5203  -1.1375  -0.5995  0.2638
 441.20 drone1  -0.8859  -0.5204  -1.1430  -0.6134  0.2734
 441.30 drone1  -0.8858  -0.5205  -1.1470  -0.6279  0.2824
 441.40 drone1  -0.8859  -0.5205  -1.1496  -0.6426  0.2907
 441.50 drone1  -0.8859  -0.5205  -1.1507  -0.6576  0.2982
 441.60 drone1  -0.8858  -0.5204  -1.1508  -0.6726  0.3056
 441.70 drone1  -0.8859  -0.5205  -1.1508  -0.6876  0.3132
 441.80 drone1  -0.8858  -0.5205  -1.1508  -0.7026  0.3215
 441.90 drone1  -0.8860  -0.5204  -1.1508  -0.7176  0.3301
 442.00 drone1  -0.8860  -0.5204  -1.1508  -0.7326  0.3393
 442.10 drone1  -0.8860  -0.5205  -1.1508  -0.7476  0.3488
 442.20 drone1  -0.8859  -0.5205  -1.1508  -0.7626  0.3588
 442.30 drone1  -0.8858  -0.5204  -1.1508  -0.7776  0.3693
 442.40 drone1  -0.8858  -0.5203  -1.1508  -0.7926  0.3799
 442.50 drone1  -0.8858  -0.5202  -1.1508  -0.8076  0.3909
 442.60 drone1  -0.8859  -0.5204  -1.1508  -0.8226  0.4018
 442.70 drone1  -0.8859  -0.5205  -1.1508  -0.8376  0.4132
 442.80 drone1  -0.8859  -0.5204  -1.1508  -0.8526  0.4248
 442.90 drone1  -0.8859  -0.5204  -1.1506  -0.8676  0.4366
 443.00 drone1  -0.8859  -0.5205  -1.1492  -0.8825  0.4477
 443.10 drone1  -0.8859  -0.5205  -1.1464  -0.8972  0.4580
 443.20 drone1  -0.8859  -0.5204  -1.1420  -0.9116  0.4676
 443.30 drone1  -0.8859  -0.5203  -1.1363  -0.9254  0.4762
 443.40 drone1  -0.8858  -0.5204  -1.1292  -0.9386  0.4839
 443.50 drone1  -0.8859  -0.5204  -1.1208  -0.9511  0.4906
 443.60 drone1  -0.8860  -0.5205  -1.1112  -0.9626  0.4962
 443.70 drone1  -0.8859  -0.5204  -1.1006  -0.9731  0.5010
 443.80 drone1  -0.8859  -0.5204  -1.0889  -0.9825  0.5047
 443.90 drone1  -0.8859  -0.5204  -1.0763  -0.9907  0.5074
 444.00 drone1  -0.8859  -0.5204  -1.0630  -0.9976  0.5090
 444.10 drone1  -0.8859  -0.5205  -1.0491  -1.0031  0.5095
 444.20 drone1  -0.8860  -0.5204  -1.0346  -1.0072  0.5090
 444.30 drone1  -0.8859  -0.5205  -1.0199  -1.0099  0.5074
 444.40 drone1  -0.8858  -0.5203  -1.0049  -1.0111  0.5050
 444.50 drone1  -0.8860  -0.5204  -0.9899  -1.0111  0.5016
 444.60 drone1  -0.8858  -0.5203  -0.9749  -1.0111  0.4988
 444.70 drone1  -0.8858  -0.5202  -0.9599  -1.0111  0.4964
 444.80 drone1  -0.8859  -0.5204  -0.9449  -1.0111  0.4942
 444.90 drone1  -0.8859  -0.5205  -0.9299  -1.0111  0.4926
 445.00 drone1  -0.8859  -0.5203  -0.9149  -1.0111  0.4916
 445.10 drone1  -0.8859  -0.5204  -0.8999  -1.0111  0.4909
 445.20 drone1  -0.8859  -0.5204  -0.8849  -1.0111  0.4907
 445.30 drone1  -0.8860  -0.5205  -0.8699  -1.0111  0.4909
 445.40 drone1  -0.8858  -0.5203  -0.8549  -1.0111  0.4918
 445.50 drone1  -0.8859  -0.5205  -0.8399  -1.0111  0.4928
 445.60 drone1  -0.8860  -0.5205  -0.8249  -1.0111  0.4944
 445.70 drone1  -0.8859  -0.5203  -0.8099  -1.0111  0.4966
 445.80 drone1  -0.8860  -0.5204  -0.7949  -1.0110  0.4990
 445.90 drone1  -0.8859  -0.5204  -0.7800  -1.0097  0.5006
 446.00 drone1  -0.8859  -0.5204  -0.7653  -1.0069  0.5012
 446.10 drone1  -0.8859  -0.5205  -0.7509  -1.0026  0.5006
 446.20 drone1  -0.8859  -0.5204  -0.7370  -0.9969  0.4992
 446.30 drone1  -0.8860  -0.5204  -0.7238  -0.9899  0.4966
 446.40 drone1  -0.8858  -0.5203  -0.7113  -0.9815  0.4931
 446.50 drone1  -0.8858  -0.5204  -0.6998  -0.9720  0.4884
 446.60 drone1  -0.8860  -0.5204  -0.6892  -0.9614  0.4828
 446.70 drone1  -0.8858  -0.5203  -0.6797  -0.9497  0.4763
 446.80 drone1  -0.8859  -0.5204  -0.6715  -0.9372  0.4687
 446.90 drone1  -0.8858  -0.5203  -0.6646  -0.9239  0.4603
 447.00 drone1  -0.8859  -0.5206  -0.6590  -0.9100  0.4507
 447.10 drone1  -0.8859  -0.5204  -0.6548  -0.8956  0.4407
 447.20 drone1  -0.8859  -0.5205  -0.6521  -0.8808  0.4296
 447.30 drone1  -0.8860  -0.5204  -0.6509  -0.8659  0.4179
 447.40 drone1  -0.8860  -0.5204  -0.6508  -0.8509  0.4056
 447.50 drone1  -0.8859  -0.5205  -0.6508  -0.8359  0.3934
 447.60 drone1  -0.8859  -0.5205  -0.6508  -0.8209  0.3815
 447.70 drone1  -0.8859  -0.5205  -0.6508  -0.8059  0.3698
 447.80 drone1  -0.8859  -0.5205  -0.6508  -0.7909  0.3584
 447.90 drone1  -0.8859  -0.5205  -0.6508  -0.7759  0.3471
 448.00 drone1  -0.8859  -0.5205  -0.6508  -0.7609  0.3362
 448.10 drone1  -0.8858  -0.5204  -0.6508  -0.7459  0.3257
 448.20 drone1  -0.8859  -0.5204  -0.6508  -0.7309  0.3156
 448.30 drone1  -0.8860  -0.5205  -0.6508  -0.7159  0.3058
 448.40 drone1  -0.8860  -0.5204  -0.6508  -0.7009  0.2965
 448.50 drone1  -0.8859  -0.5205  -0.6508  -0.6859  0.2874
 448.60 drone1  -0.8858  -0.5203  -0.6508  -0.6709  0.2791
 448.70 drone1  -0.8860  -0.5204  -0.6509  -0.6559  0.2713
 448.80 drone1  -0.8859  -0.5203  -0.6521  -0.6410  0.2631
 448.90 drone1  -0.8860  -0.5205  -0.6549  -0.6262  0.2541
 449.00 drone1  -0.8859  -0.5204  -0.6591  -0.6118  0.2446
 449.10 drone1  -0.8859  -0.5204  -0.6647  -0.5979  0.2344
 449.20 drone1  -0.8859  -0.5205  -0.6717  -0.5847  0.2235
 449.30 drone1  -0.8858  -0.5203  -0.6800  -0.5722  0.2123
 449.40 drone1  -0.8859  -0.5203  -0.6895  -0.5605  0.2005
 449.50 drone1  -0.8859  -0.5204  -0.7001  -0.5499  0.1882
 449.60 drone1  -0.8860  -0.5204  -0.7117  -0.5404  0.1754
 449.70 drone1  -0.8858  -0.5203  -0.7242  -0.5321  0.1621
 449.80 drone1  -0.8859  -0.5205  -0.7374  -0.5251  0.1485
 449.90 drone1  -0.8859  -0.5204  -0.7513  -0.5195  0.1346
 450.00 drone1  -0.8859  -0.5203  -0.7657  -0.5153  0.1203
 450.10 drone1  -0.8860  -0.5204  -0.7804  -0.5125  0.1058
 450.20 drone1  -0.8859  -0.5204  -0.7954  -0.5112  0.0910
 450.30 drone1  -0.8859  -0.5204  -0.8104  -0.5111  0.0761
 450.40 drone1  -0.8859  -0.5204  -0.8254  -0.5111  0.0613
 450.50 drone1  -0.8859  -0.5203  -0.8404  -0.5111  0.0464
 450.60 drone1  -0.8858  -0.5202  -0.8554  -0.5111  0.0317
 450.70 drone1  -0.8859  -0.5205  -0.8704  -0.5111  0.0181
 450.80 drone1  -0.8859  -0.5205  -0.8854  -0.5111  0.0094
 450.90 drone1  -0.8860  -0.5204  -0.9004  -0.5111  0.0172
 451.00 drone1  -0.8859  -0.5205  -0.9154  -0.5111  0.0310
 451.10 drone1  -0.8860  -0.5203  -0.9304  -0.5111  0.0454
 451.20 drone1  -0.8858  -0.5203  -0.9454  -0.5111  0.0603
 451.30 drone1  -0.8860  -0.5204  -0.9604  -0.5111  0.0750
 451.40 drone1  -0.8859  -0.5204  -0.9754  -0.5111  0.0899
 451.50 drone1  -0.8860  -0.5204  -0.9904  -0.5111  0.1048
 451.60 drone1  -0.8860  -0.5204  -1.0054  -0.5112  0.1198
 451.70 drone1  -0.8859  -0.5204  -1.0203  -0.5124  0.1346
 451.80 drone1  -0.8859  -0.5204  -1.0351  -0.5151  0.1492
 451.90 drone1  -0.8858  -0.5203  -1.0495  -0.5192  0.1637
 452.00 drone1  -0.8859  -0.5204  -1.0634  -0.5248  0.1775
 452.10 drone1  -0.8858  -0.5203  -1.0767  -0.5317  0.1913
 452.20 drone1  -0.8860  -0.5202  -1.0892  -0.5400  0.2042
 452.30 drone1  -0.8859  -0.5205  -1.1009  -0.5494  0.2169
 452.40 drone1  -0.8859  -0.5204  -1.1115  -0.5600  0.2290
 452.50 drone1  -0.8860  -0.5205  -1.1211  -0.5715  0.2406
 452.60 drone1  -0.8859  -0.5205  -1.1294  -0.5840  0.2517
 452.70 drone1  -0.8858  -0.5203  -1.1365  -0.5972  0.2622
 452.80 drone1  -0.8860  -0.5204  -1.1422  -0.6111  0.2718
 452.90 drone1  -0.8859  -0.5206  -1.1465  -0.6254  0.2809
 453.00 drone1  -0.8858  -0.5203  -1.1493  -0.6402  0.2895
 453.10 drone1  -0.8860  -0.5204  -1.1507  -0.6551  0.2970
 453.20 drone1  -0.8859  -0.5205  -1.1508  -0.6701  0.3042
 453.30 drone1  -0.8860  -0.5204  -1.1508  -0.6851  0.3118
 453.40 drone1  -0.8859  -0.5205  -1.1508  -0.7001  0.3200
 453.50 drone1  -0.8859  -0.5204  -1.1508  -0.7151  0.3288
 453.60 drone1  -0.8859  -0.5204  -1.1508  -0.7301  0.3378
 453.70 drone1  -0.8860  -0.5204  -1.1508  -0.7451  0.3473
 453.80 drone1  -0.8859  -0.5205  -1.1508  -0.7601  0.3571
 453.90 drone1  -0.8858  -0.5203  -1.1508  -0.7751  0.3676
 454.00 drone1  -0.8859  -0.5204  -1.1508  -0.7901  0.3781
 454.10 drone1  -0.8859  -0.5205  -1.1508  -0.8051  0.3888
 454.20 drone1  -0.8859  -0.5205  -1.1508  -0.8201  0.3999
 454.30 drone1  -0.8859  -0.5203  -1.1508  -0.8351  0.4114
 454.40 drone1  -0.8859  -0.5204  -1.1508  -0.8501  0.4229
 454.50 drone1  -0.8858  -0.5204  -1.1507  -0.8651  0.4347
 454.60 drone1  -0.8859  -0.5205  -1.1496  -0.8801  0.4459
 454.70 drone1  -0.8859  -0.5203  -1.1469  -0.8948  0.4565
 454.80 drone1  -0.8860  -0.5204  -1.1429  -0.9092  0.4660
 454.90 drone1  -0.8860  -0.5204  -1.1373  -0.9232  0.4748
 455.00 drone1  -0.8858  -0.5203  -1.1305  -0.9365  0.4828
 455.10 drone1  -0.8859  -0.5205  -1.1223  -0.9491  0.4894
 455.20 drone1  -0.8859  -0.5204  -1.1129  -0.9608  0.4954
 455.30 drone1  -0.8860  -0.5205  -1.1024  -0.9715  0.5002
 455.40 drone1  -0.8858  -0.5204  -1.0909  -0.9811  0.5042
 455.50 drone1  -0.8859  -0.5204  -1.0784  -0.9894  0.5070
 455.60 drone1  -0.8859  -0.5204  -1.0652  -0.9966  0.5088
 455.70 drone1  -0.8859  -0.5205  -1.0514  -1.0023  0.5094
 455.80 drone1  -0.8859  -0.5204  -1.0371  -1.0067  0.5092
 455.90 drone1  -0.8859  -0.5205  -1.0223  -1.0096  0.5077
 456.00 drone1  -0.8859  -0.5204  -1.0074  -1.0110  0.5054
 456.10 drone1  -0.8860  -0.5204  -0.9924  -1.0111  0.5021
 456.20 drone1  -0.8859  -0.5204  -0.9774  -1.0111  0.4992
 456.30 drone1  -0.8859  -0.5205  -0.9624  -1.0111  0.4965
 456.40 drone1  -0.8859  -0.5204  -0.9474  -1.0111  0.4945
 456.50 drone1  -0.8860  -0.5205  -0.9324  -1.0111  0.4928
 456.60 drone1  -0.8859  -0.5204  -0.9174  -1.0111  0.4917
 456.70 drone1  -0.8859  -0.5204  -0.9024  -1.0111  0.4910
 456.80 drone1  -0.8859  -0.5204  -0.8874  -1.0111  0.4907
 456.90 drone1  -0.8859  -0.5205  -0.8724  -1.0111  0.4908
 457.00 drone1  -0.8858  -0.5204  -0.8574  -1.0111  0.4915
 457.10 drone1  -0.8858  -0.5203  -0.8424  -1.0111  0.4927
 457.20 drone1  -0.8858  -0.5204  -0.8274  -1.0111  0.4942
 457.30 drone1  -0.8859  -0.5204  -0.8124  -1.0111  0.4962
 457.40 drone1  -0.8859  -0.5205  -0.7974  -1.0111  0.4985
 457.50 drone1  -0.8859  -0.5205  -0.7825  -1.0100  0.5004
 457.60 drone1  -0.8858  -0.5203  -0.7677  -1.0074  0.5012
 457.70 drone1  -0.8859  -0.5205  -0.7532  -1.0034  0.5007
 457.80 drone1  -0.8859  -0.5205  -0.7393  -0.9979  0.4994
 457.90 drone1  -0.8859  -0.5205  -0.7259  -0.9911  0.4971
 458.00 drone1  -0.8859  -0.5205  -0.7133  -0.9830  0.4936
 458.10 drone1  -0.8859  -0.5204  -0.7016  -0.9736  0.4893
 458.20 drone1  -0.8859  -0.5204  -0.6909  -0.9632  0.4839
 458.30 drone1  -0.8859  -0.5204  -0.6812  -0.9517  0.4774
 458.40 drone1  -0.8859  -0.5204  -0.6728  -0.9393  0.4700
 458.50 drone1  -0.8859  -0.5205  -0.6656  -0.9261  0.4616
 458.60 drone1  -0.8859  -0.5204  -0.6598  -0.9123  0.4525
 458.70 drone1  -0.8858  -0.5202  -0.6554  -0.8980  0.4425
 458.80 drone1  -0.8858  -0.5205  -0.6524  -0.8833  0.4314
 458.90 drone1  -0.8859  -0.5205  -0.6510  -0.8684  0.4198
 459.00 drone1  -0.8859  -0.5205  -0.6508  -0.8534  0.4075
 459.10 drone1  -0.8859  -0.5204  -0.6508  -0.8384  0.3955
 459.20 drone1  -0.8859  -0.5205  -0.6508  -0.8234  0.3834
 459.30 drone1  -0.8859  -0.5204  -0.6508  -0.8084  0.3718
 459.40 drone1  -0.8859  -0.5205  -0.6508  -0.7934  0.3602
 459.50 drone1  -0.8859  -0.5203  -0.6508  -0.7784  0.3491
 459.60 drone1  -0.8859  -0.5204  -0.6508  -0.7634  0.3381
 459.70 drone1  -0.8859  -0.5205  -0.6508  -0.7484  0.3274
 459.80 drone1  -0.8859  -0.5204  -0.6508  -0.7334  0.3173
 459.90 drone1  -0.8859  -0.5203  -0.6508  -0.7184  0.3074
 460.00 drone1  -0.8858  -0.5203  -0.6508  -0.7034  0.2979
 460.10 drone1  -0.8860  -0.5205  -0.6508  -0.6884  0.2890
 460.20 drone1  -0.8859  -0.5204  -0.6508  -0.6734  0.2805
 460.30 drone1  -0.8860  -0.5204  -0.6508  -0.6584  0.2727
 460.40 drone1  -0.8859  -0.5203  -0.6518  -0.6434  0.2645
 460.50 drone1  -0.8859  -0.5204  -0.6543  -0.6286  0.2556
 460.60 drone1  -0.8859  -0.5204  -0.6583  -0.6142  0.2462
 460.70 drone1  -0.8859  -0.5205  -0.6637  -0.6002  0.2360
 460.80 drone1  -0.8860  -0.5205  -0.6705  -0.5868  0.2255
 460.90 drone1  -0.8859  -0.5204  -0.6786  -0.5742  0.2142
 461.00 drone1  -0.8859  -0.5204  -0.6878  -0.5624  0.2025
 461.10 drone1  -0.8859  -0.5204  -0.6983  -0.5516  0.1902
 461.20 drone1  -0.8859  -0.5203  -0.7097  -0.5419  0.1775
 461.30 drone1  -0.8859  -0.5205  -0.7221  -0.5334  0.1643
 461.40 drone1  -0.8859  -0.5205  -0.7352  -0.5262  0.1508
 461.50 drone1  -0.8858  -0.5204  -0.7490  -0.5203  0.1368
 461.60 drone1  -0.8858  -0.5203  -0.7633  -0.5159  0.1226
 461.70 drone1  -0.8859  -0.5204  -0.7780  -0.5129  0.1082
 461.80 drone1  -0.8860  -0.5204  -0.7929  -0.5113  0.0935
 461.90 drone1  -0.8859  -0.5205  -0.8079  -0.5111  0.0786
 462.00 drone1  -0.8859  -0.5205  -0.8229  -0.5111  0.0637
 462.10 drone1  -0.8859  -0.5205  -0.8379  -0.5111  0.0489
 462.20 drone1  -0.8860  -0.5204  -0.8529  -0.5111  0.0343
 462.30 drone1  -0.8859  -0.5204  -0.8679  -0.5111  0.0203
 462.40 drone1  -0.8859  -0.5204  -0.8829  -0.5111  0.0098
 462.50 drone1  -0.8859  -0.5204  -0.8979  -0.5111  0.0152
 462.60 drone1  -0.8860  -0.5204  -0.9129  -0.5111  0.0285
 462.70 drone1  -0.8859  -0.5205  -0.9279  -0.5111  0.0431
 462.80 drone1  -0.8859  -0.5205  -0.9429  -0.5111  0.0578
 462.90 drone1  -0.8859  -0.5204  -0.9579  -0.5111  0.0726
 463.00 drone1  -0.8859  -0.5204  -0.9729  -0.5111  0.0875
 463.10 drone1  -0.8859  -0.5204  -0.9879  -0.5111  0.1024
 463.20 drone1  -0.8858  -0.5203  -1.0029  -0.5111  0.1174
 463.30 drone1  -0.8859  -0.5205  -1.0179  -0.5121  0.1322
 463.40 drone1  -0.8859  -0.5205  -1.0327  -0.5145  0.1469
 463.50 drone1  -0.8859  -0.5204  -1.0471  -0.5185  0.1612
 463.60 drone1  -0.8858  -0.5205  -1.0611  -0.5238  0.1754
 463.70 drone1  -0.8859  -0.5204  -1.0746  -0.5305  0.1889
 463.80 drone1  -0.8859  -0.5204  -1.0872  -0.5385  0.2021
 463.90 drone1  -0.8859  -0.5204  -1.0990  -0.5478  0.2149
 464.00 drone1  -0.8859  -0.5204  -1.1099  -0.5581  0.2271
 464.10 drone1  -0.8859  -0.5205  -1.1196  -0.5695  0.2388
 464.20 drone1  -0.8859  -0.5205  -1.1281  -0.5819  0.2499
 464.30 drone1  -0.8859  -0.5205  -1.1354  -0.5950  0.2604
 464.40 drone1  -0.8859  -0.5205  -1.1413  -0.6087  0.2703
 464.50 drone1  -0.8859  -0.5204  -1.1459  -0.6230  0.2795
 464.60 drone1  -0.8859  -0.5204  -1.1489  -0.6377  0.2880
 464.70 drone1  -0.8860  -0.5204  -1.1505  -0.6526  0.2958
 464.80 drone1  -0.8860  -0.5204  -1.1508  -0.6676  0.3030
 464.90 drone1  -0.8859  -0.5205  -1.1508  -0.6826  0.3105
 465.00 drone1  -0.8859  -0.5205  -1.1508  -0.6976  0.3187
 465.10 drone1  -0.8859  -0.5204  -1.1508  -0.7126  0.3273
 465.20 drone1  -0.8859  -0.5204  -1.1508  -0.7276  0.3363
 465.30 drone1  -0.8859  -0.5205  -1.1508  -0.7426  0.3457
 465.40 drone1  -0.8859  -0.5205  -1.1508  -0.7576  0.3555
 465.50 drone1  -0.8859  -0.5204  -1.1508  -0.7726  0.3658
 465.60 drone1  -0.8859  -0.5204  -1.1508  -0.7876  0.3762
 465.70 drone1  -0.8859  -0.5204  -1.1508  -0.8026  0.3870
 465.80 drone1  -0.8859  -0.5205  -1.1508  -0.8176  0.3981
 465.90 drone1  -0.8859  -0.5204  -1.1508  -0.8326  0.4094
 466.00 drone1  -0.8860  -0.5204  -1.1508  -0.8476  0.4209
 466.10 drone1  -0.8859  -0.5205  -1.1508  -0.8626  0.4327
 466.20 drone1  -0.8859  -0.5204  -1.1499  -0.8776  0.4441
 466.30 drone1  -0.8859  -0.5204  -1.1475  -0.8924  0.4547
 466.40 drone1  -0.8859  -0.5204  -1.1436  -0.9069  0.4645
 466.50 drone1  -0.8859  -0.5204  -1.1383  -0.9209  0.4734
 466.60 drone1  -0.8859  -0.5205  -1.1317  -0.9343  0.4813
 466.70 drone1  -0.8859  -0.5204  -1.1237  -0.9471  0.4884
 466.80 drone1  -0.8859  -0.5204  -1.1145  -0.9589  0.4945
 466.90 drone1  -0.8859  -0.5205  -1.1042  -0.9698  0.4995
 467.00 drone1  -0.8859  -0.5205  -1.0928  -0.9795  0.5035
 467.10 drone1  -0.8859  -0.5204  -1.0806  -0.9881  0.5066
 467.20 drone1  -0.8859  -0.5205  -1.0675  -0.9955  0.5085
 467.30 drone1  -0.8859  -0.5204  -1.0537  -1.0015  0.5095
 467.40 drone1  -0.8859  -0.5205  -1.0395  -1.0060  0.5093
 467.50 drone1  -0.8859  -0.5205  -1.0248  -1.0092  0.5080
 467.60 drone1  -0.8860  -0.5205  -1.0099  -1.0108  0.5058
 467.70 drone1  -0.8859  -0.5205  -0.9949  -1.0111  0.5026
 467.80 drone1  -0.8859  -0.5204  -0.9799  -1.0111  0.4996
 467.90 drone1  -0.8859  -0.5204  -0.9649  -1.0111  0.4970
 468.00 drone1  -0.8859  -0.5204  -0.9499  -1.0111  0.4949
 468.10 drone1  -0.8859  -0.5205  -0.9349  -1.0111  0.4931
 468.20 drone1  -0.8860  -0.5205  -0.9199  -1.0111  0.4918
 468.30 drone1  -0.8859  -0.5205  -0.9049  -1.0111  0.4910
 468.40 drone1  -0.8859  -0.5204  -0.8899  -1.0111  0.4907
 468.50 drone1  -0.8860  -0.5204  -0.8749  -1.0111  0.4908
 468.60 drone1  -0.8859  -0.5204  -0.8599  -1.0111  0.4914
 468.70 drone1  -0.8859  -0.5204  -0.8449  -1.0111  0.4925
 468.80 drone1  -0.8859  -0.5204  -0.8299  -1.0111  0.4939
 468.90 drone1  -0.8859  -0.5205  -0.8149  -1.0111  0.4957
 469.00 drone1  -0.8860  -0.5205  -0.7999  -1.0111  0.4981
 469.10 drone1  -0.8858  -0.5204  -0.7849  -1.0103  0.5001
 469.20 drone1  -0.8859  -0.5205  -0.7701  -1.0079  0.5010
 469.30 drone1  -0.8858  -0.5204  -0.7556  -1.0042  0.5009
 469.40 drone1  -0.8859  -0.5205  -0.7416  -0.9989  0.4997
 469.50 drone1  -0.8859  -0.5205  -0.7281  -0.9923  0.4975
 469.60 drone1  -0.8859  -0.5205  -0.7154  -0.9844  0.4943
 469.70 drone1  -0.8859  -0.5204  -0.7035  -0.9753  0.4901
 469.80 drone1  -0.8859  -0.5204  -0.6926  -0.9650  0.4848
 469.90 drone1  -0.8859  -0.5205  -0.6827  -0.9537  0.4785
 470.00 drone1  -0.8859  -0.5205  -0.6741  -0.9414  0.4712
 470.10 drone1  -0.8860  -0.5204  -0.6667  -0.9284  0.4631
 470.20 drone1  -0.8860  -0.5204  -0.6607  -0.9146  0.4541
 470.30 drone1  -0.8859  -0.5204  -0.6560  -0.9004  0.4441
 470.40 drone1  -0.8859  -0.5204  -0.6528  -0.8857  0.4334
 470.50 drone1  -0.8859  -0.5204  -0.6511  -0.8708  0.4218
 470.60 drone1  -0.8859  -0.5204  -0.6508  -0.8558  0.4096
 470.70 drone1  -0.8859  -0.5204  -0.6508  -0.8408  0.3975
 470.80 drone1  -0.8859  -0.5205  -0.6508  -0.8258  0.3854
 470.90 drone1  -0.8859  -0.5204  -0.6508  -0.8108  0.3737
 471.00 drone1  -0.8858  -0.5203  -0.6508  -0.7958  0.3621
 471.10 drone1  -0.8859  -0.5204  -0.6508  -0.7808  0.3509
 471.20 drone1  -0.8859  -0.5204  -0.6508  -0.7658  0.3399
 471.30 drone1  -0.8859  -0.5204  -0.6508  -0.7508  0.3293
 471.40 drone1  -0.8859  -0.5207  -0.6508  -0.7358  0.3187
 471.50 drone1  -0.8860  -0.5205  -0.6508  -0.7208  0.3090
 471.60 drone1  -0.8859  -0.5204  -0.6508  -0.7058  0.2995
 471.70 drone1  -0.8859  -0.5204  -0.6508  -0.6908  0.2904
 471.80 drone1  -0.8859  -0.5204  -0.6508  -0.6758  0.2819
 471.90 drone1  -0.8859  -0.5204  -0.6508  -0.6608  0.2739
 472.00 drone1  -0.8859  -0.5205  -0.6516  -0.6459  0.2658
 472.10 drone1  -0.8859  -0.5204  -0.6538  -0.6311  0.2571
 472.20 drone1  -0.8859  -0.5205  -0.6576  -0.6165  0.2477
 472.30 drone1  -0.8860  -0.5205  -0.6627  -0.6025  0.2378
 472.40 drone1  -0.8859  -0.5205  -0.6693  -0.5890  0.2272
 472.50 drone1  -0.8859  -0.5204  -0.6771  -0.5762  0.2161
 472.60 drone1  -0.8858  -0.5205  -0.6862  -0.5643  0.2044
 472.70 drone1  -0.8859  -0.5204  -0.6965  -0.5533  0.1923
 472.80 drone1  -0.8860  -0.5204  -0.7078  -0.5434  0.1797
 472.90 drone1  -0.8859  -0.5205  -0.7200  -0.5347  0.1665
 473.00 drone1  -0.8859  -0.5203  -0.7330  -0.5273  0.1531
 473.10 drone1  -0.8859  -0.5204  -0.7467  -0.5212  0.1392
 473.20 drone1  -0.8859  -0.5205  -0.7609  -0.5165  0.1250
 473.30 drone1  -0.8860  -0.5205  -0.7756  -0.5133  0.1106
 473.40 drone1  -0.8859  -0.5204  -0.7904  -0.5115  0.0959
 473.50 drone1  -0.8858  -0.5203  -0.8054  -0.5111  0.0809
 473.60 drone1  -0.8859  -0.5205  -0.8204  -0.5111  0.0661
 473.70 drone1  -0.8859  -0.5205  -0.8354  -0.5111  0.0513
 473.80 drone1  -0.8859  -0.5204  -0.8504  -0.5111  0.0367
 473.90 drone1  -0.8860  -0.5205  -0.8654  -0.5111  0.0226
 474.00 drone1  -0.8860  -0.5204  -0.8804  -0.5111  0.0108
 474.10 drone1  -0.8860  -0.5204  -0.8954  -0.5111  0.0133
 474.20 drone1  -0.8859  -0.5204  -0.9104  -0.5111  0.0262
 474.30 drone1  -0.8859  -0.5204  -0.9254  -0.5111  0.0406
 474.40 drone1  -0.8860  -0.5205  -0.9404  -0.5111  0.0553
 474.50 drone1  -0.8859  -0.5205  -0.9554  -0.5111  0.0702
 474.60 drone1  -0.8859  -0.5205  -0.9704  -0.5111  0.0851
 474.70 drone1  -0.8859  -0.5205  -0.9854  -0.5111  0.1000
 474.80 drone1  -0.8859  -0.5205  -1.0004  -0.5111  0.1149
 474.90 drone1  -0.8860  -0.5204  -1.0154  -0.5118  0.1297
 475.00 drone1  -0.8859  -0.5204  -1.0302  -0.5140  0.1444
 475.10 drone1  -0.8860  -0.5204  -1.0448  -0.5177  0.1588
 475.20 drone1  -0.8859  -0.5204  -1.0589  -0.5228  0.1730
 475.30 drone1  -0.8858  -0.5205  -1.0724  -0.5293  0.1868
 475.40 drone1  -0.8859  -0.5204  -1.0852  -0.5371  0.2000
 475.50 drone1  -0.8860  -0.5205  -1.0971  -0.5462  0.2127
 475.60 drone1  -0.8858  -0.5204  -1.1081  -0.5564  0.2252
 475.70 drone1  -0.8860  -0.5204  -1.1181  -0.5676  0.2368
 475.80 drone1  -0.8858  -0.5203  -1.1268  -0.5798  0.2482
 475.90 drone1  -0.8859  -0.5204  -1.1343  -0.5928  0.2587
 476.00 drone1  -0.8859  -0.5204  -1.1405  -0.6064  0.2687
 476.10 drone1  -0.8859  -0.5204  -1.1452  -0.6207  0.2780
 476.20 drone1  -0.8859  -0.5205  -1.1485  -0.6353  0.2866
 476.30 drone1  -0.8859  -0.5204  -1.1504  -0.6502  0.2946
 476.40 drone1  -0.8859  -0.5204  -1.1508  -0.6651  0.3018
 476.50 drone1  -0.8859  -0.5206  -1.1508  -0.6801  0.3092
 476.60 drone1  -0.8859  -0.5204  -1.1508  -0.6951  0.3173
 476.70 drone1  -0.8859  -0.5204  -1.1508  -0.7101  0.3259
 476.80 drone1  -0.8859  -0.5204  -1.1508  -0.7251  0.3348
 476.90 drone1  -0.8859  -0.5205  -1.1508  -0.7401  0.3442
 477.00 drone1  -0.8857  -0.5203  -1.1508  -0.7551  0.3541
 477.10 drone1  -0.8859  -0.5204  -1.1508  -0.7701  0.3640
 477.20 drone1  -0.8859  -0.5204  -1.1508  -0.7851  0.3745
 477.30 drone1  -0.8859  -0.5203  -1.1508  -0.8001  0.3853
 477.40 drone1  -0.8859  -0.5204  -1.1508  -0.8151  0.3963
 477.50 drone1  -0.8859  -0.5204  -1.1508  -0.8301  0.4075
 477.60 drone1  -0.8859  -0.5204  -1.1508  -0.8451  0.4191
 477.70 drone1  -0.8858  -0.5202  -1.1508  -0.8601  0.4310
 477.80 drone1  -0.8859  -0.5203  -1.1501  -0.8751  0.4424
 477.90 drone1  -0.8859  -0.5204  -1.1480  -0.8900  0.4531
 478.00 drone1  -0.8859  -0.5204  -1.1444  -0.9045  0.4630
 478.10 drone1  -0.8859  -0.5204  -1.1393  -0.9186  0.4720
 478.20 drone1  -0.8859  -0.5204  -1.1329  -0.9322  0.4801
 478.30 drone1  -0.8859  -0.5204  -1.1251  -0.9450  0.4873
 478.40 drone1  -0.8860  -0.5204  -1.1161  -0.9570  0.4935
 478.50 drone1  -0.8859  -0.5205  -1.1060  -0.9680  0.4987
 478.60 drone1  -0.8859  -0.5204  -1.0948  -0.9780  0.5030
 478.70 drone1  -0.8859  -0.5204  -1.0826  -0.9868  0.5062
 478.80 drone1  -0.8860  -0.5204  -1.0697  -0.9944  0.5083
 478.90 drone1  -0.8859  -0.5204  -1.0560  -1.0006  0.5094
 479.00 drone1  -0.8860  -0.5204  -1.0418  -1.0054  0.5094
 479.10 drone1  -0.8859  -0.5204  -1.0272  -1.0088  0.5084
 479.20 drone1  -0.8859  -0.5205  -1.0124  -1.0107  0.5062
 479.30 drone1  -0.8859  -0.5204  -0.9974  -1.0111  0.5032
 479.40 drone1  -0.8859  -0.5204  -0.9824  -1.0111  0.5001
 479.50 drone1  -0.8860  -0.5204  -0.9674  -1.0111  0.4974
 479.60 drone1  -0.8859  -0.5204  -0.9524  -1.0111  0.4952
 479.70 drone1  -0.8859  -0.5204  -0.9374  -1.0111  0.4934
 479.80 drone1  -0.8859  -0.5205  -0.9224  -1.0111  0.4920
 479.90 drone1  -0.8859  -0.5204  -0.9074  -1.0111  0.4912
 480.00 drone1  -0.8860  -0.5204  -0.8924  -1.0111  0.4907
 480.10 drone1  -0.8858  -0.5205  -0.8774  -1.0111  0.4907
 480.20 drone1  -0.8858  -0.5203  -0.8624  -1.0111  0.4914
 480.30 drone1  -0.8858  -0.5204  -0.8474  -1.0111  0.4923
 480.40 drone1  -0.8859  -0.5206  -0.8324  -1.0111  0.4935
 480.50 drone1  -0.8860  -0.5204  -0.8174  -1.0111  0.4954
 480.60 drone1  -0.8859  -0.5205  -0.8024  -1.0111  0.4977
 480.70 drone1  -0.8858  -0.5204  -0.7874  -1.0105  0.5000
 480.80 drone1  -0.8859  -0.5204  -0.7725  -1.0084  0.5010
 480.90 drone1  -0.8859  -0.5204  -0.7580  -1.0049  0.5011
 481.00 drone1  -0.8859  -0.5205  -0.7438  -0.9999  0.5000
 481.10 drone1  -0.8860  -0.5204  -0.7303  -0.9935  0.4980
 481.20 drone1  -0.8860  -0.5205  -0.7174  -0.9858  0.4949
 481.30 drone1  -0.8859  -0.5205  -0.7054  -0.9769  0.4908
 481.40 drone1  -0.8859  -0.5205  -0.6943  -0.9668  0.4857
 481.50 drone1  -0.8860  -0.5205  -0.6843  -0.9556  0.4796
 481.60 drone1  -0.8859  -0.5205  -0.6754  -0.9435  0.4725
 481.70 drone1  -0.8859  -0.5204  -0.6678  -0.9306  0.4645
 481.80 drone1  -0.8859  -0.5205  -0.6616  -0.9169  0.4555
 481.90 drone1  -0.8859  -0.5204  -0.6567  -0.9028  0.4458
 482.00 drone1  -0.8858  -0.5205  -0.6532  -0.8882  0.4351
 482.10 drone1  -0.8859  -0.5205  -0.6513  -0.8733  0.4237
 482.20 drone1  -0.8859  -0.5205  -0.6508  -0.8583  0.4116
 482.30 drone1  -0.8859  -0.5205  -0.6508  -0.8433  0.3994
 482.40 drone1  -0.8859  -0.5204  -0.6508  -0.8283  0.3874
 482.50 drone1  -0.8859  -0.5204  -0.6508  -0.8133  0.3756
 482.60 drone1  -0.8858  -0.5205  -0.6508  -0.7983  0.3639
 482.70 drone1  -0.8859  -0.5204  -0.6508  -0.7833  0.3527
 482.80 drone1  -0.8859  -0.5206  -0.6508  -0.7683  0.3416
 482.90 drone1  -0.8859  -0.5204  -0.6508  -0.7533  0.3310
 483.00 drone1  -0.8859  -0.5205  -0.6508  -0.7383  0.3205
 483.10 drone1  -0.8858  -0.5205  -0.6508  -0.7233  0.3105
 483.20 drone1  -0.8859  -0.5204  -0.6508  -0.7083  0.3010
 483.30 drone1  -0.8859  -0.5204  -0.6508  -0.6933  0.2919
 483.40 drone1  -0.8859  -0.5205  -0.6508  -0.6783  0.2832
 483.50 drone1  -0.8859  -0.5206  -0.6508  -0.6633  0.2751
 483.60 drone1  -0.8859  -0.5205  -0.6513  -0.6483  0.2671
 483.70 drone1  -0.8859  -0.5204  -0.6533  -0.6335  0.2586
 483.80 drone1  -0.8859  -0.5204  -0.6568  -0.6189  0.2494
 483.90 drone1  -0.8859  -0.5205  -0.6618  -0.6047  0.2394
 484.00 drone1  -0.8860  -0.5205  -0.6681  -0.5911  0.2291
 484.10 drone1  -0.8859  -0.5204  -0.6757  -0.5783  0.2180
 484.20 drone1  -0.8859  -0.5204  -0.6846  -0.5662  0.2064
 484.30 drone1  -0.8860  -0.5205  -0.6947  -0.5551  0.1944
 484.40 drone1  -0.8859  -0.5204  -0.7058  -0.5450  0.1818
 484.50 drone1  -0.8859  -0.5205  -0.7179  -0.5361  0.1688
 484.60 drone1  -0.8859  -0.5204  -0.7308  -0.5285  0.1553
 484.70 drone1  -0.8860  -0.5205  -0.7444  -0.5221  0.1416
 484.80 drone1  -0.8859  -0.5205  -0.7585  -0.5172  0.1274
 484.90 drone1  -0.8858  -0.5203  -0.7731  -0.5137  0.1129
 485.00 drone1  -0.8859  -0.5204  -0.7880  -0.5117  0.0983
 485.10 drone1  -0.8859  -0.5204  -0.8030  -0.5111  0.0835
 485.20 drone1  -0.8859  -0.5204  -0.8180  -0.5111  0.0686
 485.30 drone1  -0.8859  -0.5205  -0.8330  -0.5111  0.0538
 485.40 drone1  -0.8859  -0.5205  -0.8480  -0.5111  0.0391
 485.50 drone1  -0.8858  -0.5205  -0.8630  -0.5111  0.0247
 485.60 drone1  -0.8859  -0.5205  -0.8780  -0.5111  0.0123
 485.70 drone1  -0.8859  -0.5205  -0.8930  -0.5111  0.0118
 485.80 drone1  -0.8859  -0.5205  -0.9080  -0.5111  0.0240
 485.90 drone1  -0.8859  -0.5205  -0.9230  -0.5111  0.0382
 486.00 drone1  -0.8859  -0.5205  -0.9380  -0.5111  0.0529
 486.10 drone1  -0.8859  -0.5205  -0.9530  -0.5111  0.0677
 486.20 drone1  -0.8859  -0.5204  -0.9680  -0.5111  0.0825
 486.30 drone1  -0.8859  -0.5204  -0.9830  -0.5111  0.0975
 486.40 drone1  -0.8859  -0.5205  -0.9980  -0.5111  0.1125
 486.50 drone1  -0.8859  -0.5204  -1.0129  -0.5116  0.1273
 486.60 drone1  -0.8859  -0.5204  -1.0278  -0.5136  0.1420
 486.70 drone1  -0.8859  -0.5204  -1.0424  -0.5170  0.1565
 486.80 drone1  -0.8859  -0.5205  -1.0566  -0.5219  0.1706
 486.90 drone1  -0.8859  -0.5205  -1.0702  -0.5281  0.1845
 487.00 drone1  -0.8859  -0.5204  -1.0831  -0.5357  0.1978
 487.10 drone1  -0.8859  -0.5204  -1.0952  -0.5446  0.2107
 487.20 drone1  -0.8858  -0.5203  -1.1064  -0.5546  0.2232
 487.30 drone1  -0.8859  -0.5204  -1.1165  -0.5657  0.2350
 487.40 drone1  -0.8859  -0.5205  -1.1255  -0.5777  0.2463
 487.50 drone1  -0.8859  -0.5206  -1.1332  -0.5906  0.2570
 487.60 drone1  -0.8859  -0.5204  -1.1395  -0.6041  0.2671
 487.70 drone1  -0.8859  -0.5204  -1.1445  -0.6183  0.2765
 487.80 drone1  -0.8858  -0.5205  -1.1481  -0.6328  0.2853
 487.90 drone1  -0.8860  -0.5204  -1.1502  -0.6477  0.2933
 488.00 drone1  -0.8858  -0.5203  -1.1508  -0.6627  0.3008
 488.10 drone1  -0.8859  -0.5204  -1.1508  -0.6777  0.3080
 488.20 drone1  -0.8859  -0.5204  -1.1508  -0.6927  0.3160
 488.30 drone1  -0.8859  -0.5205  -1.1508  -0.7077  0.3243
 488.40 drone1  -0.8858  -0.5203  -1.1508  -0.7227  0.3334
 488.50 drone1  -0.8858  -0.5205  -1.1508  -0.7377  0.3426
 488.60 drone1  -0.8859  -0.5205  -1.1508  -0.7527  0.3522
 488.70 drone1  -0.8859  -0.5205  -1.1508  -0.7677  0.3623
 488.80 drone1  -0.8859  -0.5204  -1.1508  -0.7827  0.3728
 488.90 drone1  -0.8860  -0.5205  -1.1508  -0.7977  0.3834
 489.00 drone1  -0.8860  -0.5205  -1.1508  -0.8127  0.3944
 489.10 drone1  -0.8859  -0.5206  -1.1508  -0.8277  0.4056
 489.20 drone1  -0.8857  -0.5200  -1.1508  -0.8427  0.4176
 489.30 drone1  -0.8859  -0.5205  -1.1508  -0.8577  0.4288
 489.40 drone1  -0.8859  -0.5206  -1.1503  -0.8727  0.4403
 489.50 drone1  -0.8858  -0.5205  -1.1484  -0.8875  0.4513
 489.60 drone1  -0.8859  -0.5205  -1.1451  -0.9021  0.4613
 489.70 drone1  -0.8859  -0.5207  -1.1402  -0.9163  0.4704
 489.80 drone1  -0.8859  -0.5204  -1.1340  -0.9300  0.4788
 489.90 drone1  -0.8859  -0.5205  -1.1265  -0.9429  0.4862
 490.00 drone1  -0.8859  -0.5205  -1.1177  -0.9551  0.4925
 490.10 drone1  -0.8859  -0.5205  -1.1077  -0.9663  0.4980
 490.20 drone1  -0.8858  -0.5204  -1.0967  -0.9764  0.5024
 490.30 drone1  -0.8859  -0.5205  -1.0847  -0.9854  0.5057
 490.40 drone1  -0.8859  -0.5204  -1.0719  -0.9932  0.5080
 490.50 drone1  -0.8859  -0.5204  -1.0583  -0.9996  0.5093
 490.60 drone1  -0.8859  -0.5204  -1.0442  -1.0047  0.5095
 490.70 drone1  -0.8859  -0.5204  -1.0297  -1.0083  0.5087
 490.80 drone1  -0.8859  -0.5206  -1.0148  -1.0105  0.5066
 490.90 drone1  -0.8859  -0.5205  -0.9998  -1.0111  0.5037
 491.00 drone1  -0.8859  -0.5204  -0.9848  -1.0111  0.5006
 491.10 drone1  -0.8859  -0.5204  -0.9698  -1.0111  0.4978
 491.20 drone1  -0.8859  -0.5204  -0.9548  -1.0111  0.4955
 491.30 drone1  -0.8859  -0.5204  -0.9398  -1.0111  0.4937
 491.40 drone1  -0.8859  -0.5204  -0.9248  -1.0111  0.4922
 491.50 drone1  -0.8860  -0.5205  -0.9098  -1.0111  0.4912
 491.60 drone1  -0.8858  -0.5205  -0.8948  -1.0111  0.4907
 491.70 drone1  -0.8859  -0.5204  -0.8798  -1.0111  0.4908
 491.80 drone1  -0.8858  -0.5203  -0.8648  -1.0111  0.4912
 491.90 drone1  -0.8859  -0.5205  -0.8498  -1.0111  0.4919
 492.00 drone1  -0.8860  -0.5205  -0.8348  -1.0111  0.4933
 492.10 drone1  -0.8859  -0.5205  -0.8198  -1.0111  0.4950
 492.20 drone1  -0.8859  -0.5204  -0.8048  -1.0111  0.4973
 492.30 drone1  -0.8860  -0.5205  -0.7899  -1.0107  0.4996
 492.40 drone1  -0.8858  -0.5203  -0.7750  -1.0089  0.5009
 492.50 drone1  -0.8860  -0.5205  -0.7604  -1.0056  0.5011
 492.60 drone1  -0.8858  -0.5204  -0.7461  -1.0008  0.5003
 492.70 drone1  -0.8858  -0.5204  -0.7325  -0.9947  0.4984
 492.80 drone1  -0.8859  -0.5205  -0.7195  -0.9872  0.4955
 492.90 drone1  -0.8859  -0.5205  -0.7073  -0.9784  0.4915
 493.00 drone1  -0.8859  -0.5204  -0.6961  -0.9685  0.4867
 493.10 drone1  -0.8859  -0.5205  -0.6859  -0.9575  0.4807
 493.20 drone1  -0.8859  -0.5206  -0.6768  -0.9456  0.4737
 493.30 drone1  -0.8859  -0.5204  -0.6690  -0.9328  0.4659
 493.40 drone1  -0.8857  -0.5204  -0.6625  -0.9192  0.4571
 493.50 drone1  -0.8860  -0.5204  -0.6574  -0.9051  0.4475
 493.60 drone1  -0.8859  -0.5204  -0.6537  -0.8906  0.4370
 493.70 drone1  -0.8860  -0.5205  -0.6515  -0.8758  0.4257
 493.80 drone1  -0.8859  -0.5203  -0.6508  -0.8608  0.4137
 493.90 drone1  -0.8859  -0.5204  -0.6508  -0.8458  0.4015
 494.00 drone1  -0.8859  -0.5205  -0.6508  -0.8308  0.3894
 494.10 drone1  -0.8857  -0.5202  -0.6508  -0.8158  0.3776
 494.20 drone1  -0.8859  -0.5205  -0.6508  -0.8008  0.3659
 494.30 drone1  -0.8859  -0.5205  -0.6508  -0.7858  0.3545
 494.40 drone1  -0.8859  -0.5205  -0.6508  -0.7708  0.3434
 494.50 drone1  -0.8860  -0.5204  -0.6508  -0.7558  0.3328
 494.60 drone1  -0.8858  -0.5205  -0.6508  -0.7408  0.3222
 494.70 drone1  -0.8859  -0.5205  -0.6508  -0.7258  0.3121
 494.80 drone1  -0.8860  -0.5204  -0.6508  -0.7108  0.3026
 494.90 drone1  -0.8859  -0.5204  -0.6508  -0.6958  0.2934
 495.00 drone1  -0.8859  -0.5204  -0.6508  -0.6808  0.2846
 495.10 drone1  -0.8859  -0.5205  -0.6508  -0.6658  0.2764
 495.20 drone1  -0.8859  -0.5205  -0.6511  -0.6508  0.2685
 495.30 drone1  -0.8859  -0.5205  -0.6529  -0.6359  0.2601
 495.40 drone1  -0.8859  -0.5205  -0.6562  -0.6213  0.2509
 495.50 drone1  -0.8860  -0.5205  -0.6609  -0.6070  0.2412
 495.60 drone1  -0.8858  -0.5203  -0.6670  -0.5933  0.2307
 495.70 drone1  -0.8858  -0.5203  -0.6744  -0.5803  0.2198
 495.80 drone1  -0.8858  -0.5205  -0.6831  -0.5681  0.2083
 495.90 drone1  -0.8858  -0.5207  -0.6930  -0.5568  0.1962
 496.00 drone1  -0.8859  -0.5206  -0.7039  -0.5466  0.1838
 496.10 drone1  -0.8859  -0.5205  -0.7158  -0.5375  0.1709
 496.20 drone1  -0.8858  -0.5204  -0.7286  -0.5296  0.1575
 496.30 drone1  -0.8859  -0.5205  -0.7421  -0.5231  0.1438
 496.40 drone1  -0.8859  -0.5204  -0.7562  -0.5179  0.1297
 496.50 drone1  -0.8858  -0.5204  -0.7707  -0.5142  0.1153
 496.60 drone1  -0.8858  -0.5202  -0.7855  -0.5119  0.1007
 496.70 drone1  -0.8858  -0.5205  -0.8005  -0.5111  0.0858
 496.80 drone1  -0.8859  -0.5204  -0.8155  -0.5111  0.0711
 496.90 drone1  -0.8859  -0.5205  -0.8305  -0.5111  0.0562
 497.00 drone1  -0.8859  -0.5206  -0.8455  -0.5111  0.0415
 497.10 drone1  -0.8859  -0.5205  -0.8605  -0.5111  0.0271
 497.20 drone1  -0.8859  -0.5205  -0.8755  -0.5111  0.0140
 497.30 drone1  -0.8859  -0.5205  -0.8905  -0.5111  0.0104
 497.40 drone1  -0.8859  -0.5204  -0.9055  -0.5111  0.0216
 497.50 drone1  -0.8859  -0.5206  -0.9205  -0.5111  0.0359
 497.60 drone1  -0.8860  -0.5205  -0.9355  -0.5111  0.0504
 497.70 drone1  -0.8860  -0.5205  -0.9505  -0.5111  0.0652
 497.80 drone1  -0.8858  -0.5204  -0.9655  -0.5111  0.0802
 497.90 drone1  -0.8858  -0.5203  -0.9805  -0.5111  0.0951
 498.00 drone1  -0.8860  -0.5204  -0.9955  -0.5111  0.1099
 498.10 drone1  -0.8859  -0.5204  -1.0105  -0.5114  0.1249
 498.20 drone1  -0.8859  -0.5205  -1.0254  -0.5131  0.1397
 498.30 drone1  -0.8859  -0.5204  -1.0400  -0.5163  0.1542
 498.40 drone1  -0.8859  -0.5206  -1.0543  -0.5210  0.1684
 498.50 drone1  -0.8859  -0.5204  -1.0680  -0.5270  0.1822
 498.60 drone1  -0.8860  -0.5205  -1.0810  -0.5344  0.1956
 498.70 drone1  -0.8859  -0.5205  -1.0933  -0.5430  0.2087
 498.80 drone1  -0.8860  -0.5205  -1.1046  -0.5529  0.2210
 498.90 drone1  -0.8859  -0.5204  -1.1149  -0.5638  0.2331
 499.00 drone1  -0.8859  -0.5205  -1.1241  -0.5757  0.2444
 499.10 drone1  -0.8858  -0.5205  -1.1320  -0.5884  0.2554
 499.20 drone1  -0.8859  -0.5204  -1.1386  -0.6019  0.2655
 499.30 drone1  -0.8858  -0.5205  -1.1438  -0.6159  0.2750
 499.40 drone1  -0.8859  -0.5207  -1.1476  -0.6304  0.2838
 499.50 drone1  -0.8858  -0.5203  -1.1499  -0.6452  0.2922
 499.60 drone1  -0.8859  -0.5205  -1.1508  -0.6602  0.2995
 499.70 drone1  -0.8859  -0.5205  -1.1508  -0.6752  0.3067
 499.80 drone1  -0.8859  -0.5205  -1.1508  -0.6902  0.3146
 499.90 drone1  -0.8859  -0.5204  -1.1508  -0.7052  0.3229
 500.00 drone1  -0.8859  -0.5205  -1.1508  -0.7202  0.3318
 500.10 drone1  -0.8859  -0.5205  -1.1508  -0.7352  0.3410
 500.20 drone1  -0.8858  -0.5204  -1.1508  -0.7502  0.3508
 500.30 drone1  -0.8859  -0.5206  -1.1508  -0.7652  0.3605
 500.40 drone1  -0.8858  -0.5203  -1.1508  -0.7802  0.3711
 500.50 drone1  -0.8859  -0.5204  -1.1508  -0.7952  0.3816
 500.60 drone1  -0.8858  -0.5205  -1.1508  -0.8102  0.3926
 500.70 drone1  -0.8857  -0.5204  -1.1508  -0.8252  0.4039
 500.80 drone1  -0.8859  -0.5204  -1.1508  -0.8402  0.4152
 500.90 drone1  -0.8858  -0.5205  -1.1508  -0.8552  0.4268
 501.00 drone1  -0.8859  -0.5204  -1.1505  -0.8702  0.4386
 501.10 drone1  -0.8859  -0.5204  -1.1489  -0.8851  0.4496
 501.20 drone1  -0.8859  -0.5206  -1.1457  -0.8997  0.4597
 501.30 drone1  -0.8859  -0.5205  -1.1411  -0.9140  0.4691
 501.40 drone1  -0.8859  -0.5206  -1.1352  -0.9278  0.4774
 501.50 drone1  -0.8859  -0.5205  -1.1278  -0.9409  0.4850
 501.60 drone1  -0.8859  -0.5205  -1.1192  -0.9531  0.4916
 501.70 drone1  -0.8858  -0.5204  -1.1095  -0.9645  0.4972
 501.80 drone1  -0.8859  -0.5204  -1.0986  -0.9748  0.5017
 501.90 drone1  -0.8859  -0.5205  -1.0867  -0.9840  0.5052
 502.00 drone1  -0.8858  -0.5205  -1.0740  -0.9920  0.5077
 502.10 drone1  -0.8859  -0.5204  -1.0606  -0.9987  0.5091
 502.20 drone1  -0.8859  -0.5206  -1.0466  -1.0040  0.5094
 502.30 drone1  -0.8860  -0.5205  -1.0321  -1.0078  0.5088
 502.40 drone1  -0.8859  -0.5205  -1.0173  -1.0102  0.5070
 502.50 drone1  -0.8858  -0.5205  -1.0023  -1.0111  0.5043
 502.60 drone1  -0.8859  -0.5205  -0.9873  -1.0111  0.5010
 502.70 drone1  -0.8859  -0.5205  -0.9723  -1.0111  0.4982
 502.80 drone1  -0.8858  -0.5205  -0.9573  -1.0111  0.4958
 502.90 drone1  -0.8859  -0.5204  -0.9423  -1.0111  0.4940
 503.00 drone1  -0.8859  -0.5206  -0.9273  -1.0111  0.4923
 503.10 drone1  -0.8858  -0.5205  -0.9123  -1.0111  0.4913
 503.20 drone1  -0.8858  -0.5204  -0.8973  -1.0111  0.4909
 503.30 drone1  -0.8859  -0.5202  -0.8823  -1.0111  0.4909
 503.40 drone1  -0.8859  -0.5205  -0.8673  -1.0111  0.4910
 503.50 drone1  -0.8861  -0.5204  -0.8523  -1.0111  0.4919
 503.60 drone1  -0.8856  -0.5199  -0.8373  -1.0111  0.4936
 503.70 drone1  -0.8853  -0.5200  -0.8223  -1.0111  0.4952
 503.80 drone1  -0.8851  -0.5197  -0.8073  -1.0111  0.4975
 503.90 drone1  -0.8852  -0.5193  -0.7923  -1.0109  0.5003
 504.00 drone1  -0.8819  -0.5202  -0.7774  -1.0093  0.5002
 504.10 drone1  -0.8686  -0.5229  -0.7627  -1.0062  0.4947
 504.20 drone1  -0.8529  -0.5174  -0.7485  -1.0017  0.4955
 504.30 drone1  -0.8345  -0.5057  -0.7347  -0.9958  0.5001
 504.40 drone1  -0.8224  -0.4833  -0.7216  -0.9885  0.5151
 504.50 drone1  -0.8213  -0.4433  -0.7092  -0.9799  0.5482
 504.60 drone1  -0.8221  -0.3954  -0.6978  -0.9702  0.5881
 504.70 drone1  -0.8221  -0.3378  -0.6875  -0.9594  0.6360
 504.80 drone1  -0.8149  -0.2774  -0.6782  -0.9476  0.6840
 504.90 drone1  -0.8058  -0.2200  -0.6702  -0.9349  0.7277
 505.00 drone1  -0.7945  -0.1742  -0.6635  -0.9215  0.7588
 505.10 drone1  -0.7788  -0.1411  -0.6581  -0.9075  0.7759
 505.20 drone1  -0.7574  -0.1186  -0.6542  -0.8930  0.7813
 505.30 drone1  -0.7263  -0.1030  -0.6518  -0.8782  0.7788
 505.40 drone1  -0.6785  -0.0853  -0.6508  -0.8633  0.7785
 505.50 drone1  -0.6187  -0.0538  -0.6508  -0.8483  0.7951
 505.60 drone1  -0.5565  -0.0185  -0.6508  -0.8333  0.8202
 505.70 drone1  -0.4933  +0.0362  -0.6508  -0.8183  0.8689
 505.80 drone1  -0.4412  +0.0721  -0.6508  -0.8033  0.9001
 505.90 drone1  -0.3963  +0.0974  -0.6508  -0.7883  0.9216
 506.00 drone1  -0.3590  +0.1118  -0.6508  -0.7733  0.9319
 506.10 drone1  -0.3264  +0.1182  -0.6508  -0.7583  0.9345
 506.20 drone1  -0.2990  +0.1173  -0.6508  -0.7433  0.9297
 506.30 drone1  -0.2722  +0.1096  -0.6508  -0.7283  0.9195
 506.40 drone1  -0.2491  +0.1066  -0.6508  -0.7133  0.9131
 506.50 drone1  -0.2313  +0.0910  -0.6508  -0.6983  0.8938
 506.60 drone1  -0.2183  +0.0611  -0.6508  -0.6833  0.8609
 506.70 drone1  -0.2077  +0.0240  -0.6508  -0.6683  0.8220
 506.80 drone1  -0.2061  -0.0222  -0.6510  -0.6533  0.7721
 506.90 drone1  -0.2179  -0.0683  -0.6525  -0.6384  0.7169
 507.00 drone1  -0.2504  -0.1088  -0.6555  -0.6237  0.6552
 507.10 drone1  -0.2662  -0.1223  -0.6600  -0.6094  0.6263
 507.20 drone1  -0.2678  -0.1156  -0.6659  -0.5956  0.6235
 507.30 drone1  -0.2610  -0.0871  -0.6731  -0.5824  0.6443
 507.40 drone1  -0.2590  -0.0478  -0.6816  -0.5701  0.6718
 507.50 drone1  -0.2656  -0.0151  -0.6913  -0.5586  0.6904
 507.60 drone1  -0.2698  +0.0176  -0.7020  -0.5482  0.7120
 507.70 drone1  -0.2604  +0.0395  -0.7138  -0.5389  0.7350
 507.80 drone1  -0.2349  +0.0479  -0.7264  -0.5308  0.7593
 507.90 drone1  -0.1905  +0.0416  -0.7398  -0.5241  0.7885
 508.00 drone1  -0.1271  +0.0273  -0.7538  -0.5187  0.8312
 508.10 drone1  -0.0471  +0.0093  -0.7683  -0.5147  0.8914
 508.20 drone1  +0.0442  -0.0045  -0.7830  -0.5122  0.9706
 508.30 drone1  +0.1370  -0.0153  -0.7980  -0.5111  1.0584
 508.40 drone1  +0.2289  -0.0257  -0.8130  -0.5111  1.1494
 508.50 drone1  +0.3096  -0.0348  -0.8280  -0.5111  1.2333
 508.60 drone1  +0.3759  -0.0423  -0.8430  -0.5111  1.3059
 508.70 drone1  +0.4421  -0.0425  -0.8580  -0.5111  1.3820
 508.80 drone1  +0.5116  -0.0465  -0.8730  -0.5111  1.4604
 508.90 drone1  +0.5812  -0.0474  -0.8880  -0.5111  1.5407
 509.00 drone1  +0.6427  -0.0425  -0.9030  -0.5111  1.6151
 509.10 drone1  +0.6893  -0.0347  -0.9180  -0.5111  1.6765
 509.20 drone1  +0.7239  -0.0360  -0.9330  -0.5111  1.7237
 509.30 drone1  +0.7395  -0.0499  -0.9480  -0.5111  1.7494
 509.40 drone1  +0.7484  -0.0737  -0.9630  -0.5111  1.7664
 509.50 drone1  +0.7592  -0.1040  -0.9780  -0.5111  1.7843
 509.60 drone1  +0.7734  -0.1275  -0.9930  -0.5111  1.8076
 509.70 drone1  +0.7858  -0.1364  -1.0080  -0.5113  1.8326
 509.80 drone1  +0.7928  -0.1339  -1.0229  -0.5128  1.8548
 509.90 drone1  +0.7944  -0.1291  -1.0376  -0.5157  1.8723
 510.00 drone1  +0.7919  -0.1215  -1.0519  -0.5201  1.8865
 510.10 drone1  +0.7846  -0.1156  -1.0658  -0.5259  1.8954
 510.20 drone1  +0.7754  -0.1126  -1.0789  -0.5331  1.9015
 510.30 drone1  +0.7603  -0.1075  -1.0913  -0.5415  1.9018
 510.40 drone1  +0.7417  -0.1013  -1.1028  -0.5512  1.8986
 510.50 drone1  +0.7131  -0.0927  -1.1133  -0.5619  1.8857
 510.60 drone1  +0.6807  -0.0776  -1.1226  -0.5736  1.8703
 510.70 drone1  +0.6508  -0.0580  -1.1308  -0.5862  1.8583
 510.80 drone1  +0.6240  -0.0321  -1.1376  -0.5996  1.8508
 510.90 drone1  +0.5813  +0.0001  -1.1430  -0.6135  1.8303
 511.00 drone1  +0.5238  +0.0334  -1.1471  -0.6280  1.7970
 511.10 drone1  +0.4728  +0.0704  -1.1497  -0.6428  1.7723
 511.20 drone1  +0.4496  +0.1007  -1.1507  -0.6577  1.7709
 511.30 drone1  +0.4505  +0.1126  -1.1508  -0.6727  1.7835
 511.40 drone1  +0.4724  +0.1031  -1.1508  -0.6877  1.8056
 511.50 drone1  +0.5006  +0.0819  -1.1508  -0.7027  1.8283
 511.60 drone1  +0.5152  +0.0713  -1.1508  -0.7177  1.8434
 511.70 drone1  +0.5312  +0.0630  -1.1508  -0.7327  1.8608
 511.80 drone1  +0.5280  +0.0709  -1.1508  -0.7477  1.8677
 511.90 drone1  +0.5213  +0.0730  -1.1508  -0.7627  1.8693
 512.00 drone1  +0.5099  +0.0758  -1.1508  -0.7777  1.8672
 512.10 drone1  +0.5022  +0.0719  -1.1508  -0.7927  1.8655
 512.20 drone1  +0.4986  +0.0666  -1.1508  -0.8077  1.8668
 512.30 drone1  +0.4929  +0.0693  -1.1508  -0.8227  1.8701
 512.40 drone1  +0.4904  +0.0631  -1.1508  -0.8377  1.8721
 512.50 drone1  +0.4848  +0.0501  -1.1508  -0.8527  1.8683
 512.60 drone1  +0.4778  +0.0453  -1.1506  -0.8677  1.8669
 512.70 drone1  +0.4566  +0.0703  -1.1492  -0.8826  1.8673
 512.80 drone1  +0.4211  +0.1765  -1.1463  -0.8973  1.9000
 512.90 drone1  +0.3785  +0.3079  -1.1420  -0.9117  1.9492
 513.00 drone1  +0.3327  +0.4236  -1.1362  -0.9255  1.9944
 513.10 drone1  +0.3212  +0.4699  -1.1291  -0.9387  2.0218
 513.20 drone1  +0.3365  +0.4793  -1.1207  -0.9512  2.0420
 513.30 drone1  +0.3629  +0.4742  -1.1111  -0.9627  2.0585
 513.40 drone1  +0.3808  +0.4692  -1.1005  -0.9732  2.0675
 513.50 drone1  +0.3884  +0.4681  -1.0888  -0.9826  2.0704
 513.60 drone1  +0.3902  +0.4665  -1.0762  -0.9908  2.0674
 513.70 drone1  +0.3901  +0.4661  -1.0629  -0.9977  2.0624
 513.80 drone1  +0.3893  +0.4632  -1.0489  -1.0032  2.0540
 513.90 drone1  +0.3880  +0.4626  -1.0345  -1.0073  2.0455
 514.00 drone1  +0.3867  +0.4601  -1.0198  -1.0099  2.0344
 514.10 drone1  +0.3859  +0.4589  -1.0048  -1.0111  2.0235
 514.20 drone1  +0.3845  +0.4592  -0.9898  -1.0111  2.0126
 514.30 drone1  +0.3840  +0.4588  -0.9748  -1.0111  2.0018
 514.40 drone1  +0.3932  +0.4510  -0.9598  -1.0111  1.9921
 514.50 drone1  +0.3934  +0.4508  -0.9448  -1.0111  1.9819
 514.60 drone1  +0.3936  +0.4508  -0.9298  -1.0111  1.9720
 514.70 drone1  +0.3925  +0.4513  -0.9148  -1.0111  1.9616
 514.80 drone1  +0.3833  +0.4564  -0.8998  -1.0111  1.9494
 514.90 drone1  +0.3842  +0.4379  -0.8848  -1.0111  1.9261
 515.00 drone1  +0.3911  +0.3994  -0.8698  -1.0111  1.8919
 515.10 drone1  +0.4041  +0.3386  -0.8548  -1.0111  1.8457
 515.20 drone1  +0.3975  +0.2702  -0.8398  -1.0111  1.7812
 515.30 drone1  +0.3938  +0.1837  -0.8248  -1.0111  1.7066
 515.40 drone1  +0.3715  +0.1025  -0.8098  -1.0111  1.6235
 515.50 drone1  +0.3348  +0.0363  -0.7948  -1.0110  1.5404
 515.60 drone1  +0.3103  -0.0083  -0.7799  -1.0097  1.4802
 515.70 drone1  +0.2937  -0.0189  -0.7651  -1.0068  1.4482
 515.80 drone1  +0.2905  +0.0037  -0.7508  -1.0025  1.4480
 515.90 drone1  +0.3108  +0.0432  -0.7369  -0.9968  1.4763
 516.00 drone1  +0.3274  +0.0767  -0.7237  -0.9898  1.4974
 516.10 drone1  +0.3407  +0.0940  -0.7112  -0.9814  1.5043
 516.20 drone1  +0.3454  +0.0940  -0.6997  -0.9719  1.4928
 516.30 drone1  +0.3418  +0.0883  -0.6891  -0.9613  1.4712
 516.40 drone1  +0.3398  +0.0748  -0.6797  -0.9496  1.4452
 516.50 drone1  +0.3287  +0.0612  -0.6714  -0.9371  1.4131
 516.60 drone1  +0.3210  +0.0507  -0.6645  -0.9238  1.3860
 516.70 drone1  +0.3225  +0.0488  -0.6589  -0.9099  1.3719
 516.80 drone1  +0.3289  +0.0549  -0.6548  -0.8955  1.3678
 516.90 drone1  +0.3351  +0.0624  -0.6521  -0.8807  1.3652
 517.00 drone1  +0.3384  +0.0683  -0.6509  -0.8658  1.3606
 517.10 drone1  +0.3492  +0.0772  -0.6508  -0.8508  1.3642
 517.20 drone1  +0.3646  +0.0916  -0.6508  -0.8358  1.3752
 517.30 drone1  +0.3877  +0.1023  -0.6508  -0.8208  1.3894
 517.40 drone1  +0.4045  +0.1002  -0.6508  -0.8058  1.3908
 517.50 drone1  +0.3989  +0.1073  -0.6508  -0.7908  1.3815
 517.60 drone1  +0.4051  +0.1055  -0.6508  -0.7758  1.3754
 517.70 drone1  +0.4234  +0.0906  -0.6508  -0.7608  1.3706
 517.80 drone1  +0.4456  +0.0668  -0.6508  -0.7458  1.3646
 517.90 drone1  +0.4726  +0.0309  -0.6508  -0.7308  1.3572
 518.00 drone1  +0.5108  -0.0053  -0.6508  -0.7158  1.3616
 518.10 drone1  +0.5573  -0.0316  -0.6508  -0.7008  1.3810
 518.20 drone1  +0.6104  -0.0400  -0.6508  -0.6858  1.4169
 518.30 drone1  +0.6629  -0.0319  -0.6508  -0.6708  1.4608
 518.40 drone1  +0.7097  -0.0256  -0.6509  -0.6558  1.4994
 518.50 drone1  +0.7369  -0.0173  -0.6522  -0.6408  1.5226
 518.60 drone1  +0.7488  -0.0071  -0.6549  -0.6261  1.5341
 518.70 drone1  +0.7519  +0.0061  -0.6592  -0.6117  1.5403
 518.80 drone1  +0.7562  +0.0445  -0.6648  -0.5978  1.5594
 518.90 drone1  +0.7500  +0.0905  -0.6718  -0.5845  1.5739
 519.00 drone1  +0.7328  +0.1376  -0.6801  -0.5721  1.5811
 519.10 drone1  +0.7090  +0.1723  -0.6896  -0.5604  1.5789
 519.20 drone1  +0.6708  +0.1914  -0.7002  -0.5498  1.5586
 519.30 drone1  +0.6333  +0.1786  -0.7118  -0.5404  1.5252
 519.40 drone1  +0.6100  +0.1470  -0.7243  -0.5321  1.4972
 519.50 drone1  +0.5998  +0.1194  -0.7376  -0.5251  1.4845
 519.60 drone1  +0.5993  +0.1025  -0.7515  -0.5195  1.4871
 519.70 drone1  +0.5983  +0.0965  -0.7658  -0.5152  1.4950
 519.80 drone1  +0.5912  +0.0924  -0.7806  -0.5125  1.4992
 519.90 drone1  +0.5766  +0.0923  -0.7955  -0.5112  1.4990
 520.00 drone1  +0.5503  +0.0928  -0.8105  -0.5111  1.4888
 520.10 drone1  +0.5027  +0.0956  -0.8255  -0.5111  1.4602
 520.20 drone1  +0.4335  +0.1021  -0.8405  -0.5111  1.4140
 520.30 drone1  +0.3405  +0.1151  -0.8555  -0.5111  1.3500
 520.40 drone1  +0.2415  +0.1365  -0.8705  -0.5111  1.2869
 520.50 drone1  +0.1612  +0.1550  -0.8855  -0.5111  1.2407
 520.60 drone1  +0.1220  +0.1675  -0.9005  -0.5111  1.2272
 520.70 drone1  +0.1307  +0.1646  -0.9155  -0.5111  1.2454
 520.80 drone1  +0.1708  +0.1457  -0.9305  -0.5111  1.2823
 520.90 drone1  +0.2089  +0.1249  -0.9455  -0.5111  1.3181
 521.00 drone1  +0.2344  +0.1120  -0.9605  -0.5111  1.3477
 521.10 drone1  +0.2488  +0.1290  -0.9755  -0.5111  1.3816
 521.20 drone1  +0.2484  +0.1609  -0.9905  -0.5111  1.4095
 521.30 drone1  +0.2437  +0.1948  -1.0055  -0.5112  1.4349
 521.40 drone1  +0.2415  +0.2114  -1.0205  -0.5124  1.4548
 521.50 drone1  +0.2415  +0.2183  -1.0352  -0.5151  1.4724
 521.60 drone1  +0.2403  +0.2141  -1.0496  -0.5193  1.4839
 521.70 drone1  +0.2396  +0.2036  -1.0635  -0.5249  1.4929
 521.80 drone1  +0.2474  +0.1935  -1.0768  -0.5318  1.5098
 521.90 drone1  +0.2596  +0.1722  -1.0893  -0.5401  1.5254
 522.00 drone1  +0.2727  +0.1373  -1.1010  -0.5495  1.5359
 522.10 drone1  +0.2847  +0.1091  -1.1116  -0.5601  1.5484
 522.20 drone1  +0.2865  +0.1001  -1.1212  -0.5716  1.5597
 522.30 drone1  +0.2856  +0.0977  -1.1295  -0.5841  1.5708
 522.40 drone1  +0.2857  +0.0984  -1.1365  -0.5973  1.5833
 522.50 drone1  +0.2845  +0.0984  -1.1422  -0.6112  1.5935
 522.60 drone1  +0.2829  +0.0968  -1.1465  -0.6256  1.6016
 522.70 drone1  +0.2809  +0.0936  -1.1493  -0.6403  1.6075
 522.80 drone1  +0.2779  +0.0909  -1.1507  -0.6552  1.6117
 522.90 drone1  +0.2741  +0.0896  -1.1508  -0.6702  1.6148
 523.00 drone1  +0.2700  +0.0879  -1.1508  -0.6852  1.6175
 523.10 drone1  +0.2649  +0.0852  -1.1508  -0.7002  1.6190
 523.20 drone1  +0.2614  +0.0840  -1.1508  -0.7152  1.6227
 523.30 drone1  +0.2593  +0.0842  -1.1508  -0.7302  1.6284
 523.40 drone1  +0.2585  +0.0854  -1.1508  -0.7452  1.6358
 523.50 drone1  +0.2578  +0.0854  -1.1508  -0.7602  1.6429
 523.60 drone1  +0.2575  +0.0865  -1.1508  -0.7752  1.6511
 523.70 drone1  +0.2579  +0.0893  -1.1508  -0.7902  1.6607
 523.80 drone1  +0.2575  +0.0918  -1.1508  -0.8052  1.6697
 523.90 drone1  +0.2566  +0.0920  -1.1508  -0.8202  1.6772
 524.00 drone1  +0.2563  +0.0914  -1.1508  -0.8352  1.6848
 524.10 drone1  +0.2564  +0.0914  -1.1508  -0.8502  1.6932
 524.20 drone1  +0.2567  +0.1018  -1.1507  -0.8652  1.7076
 524.30 drone1  +0.2494  +0.1368  -1.1496  -0.8802  1.7295
 524.40 drone1  +0.2236  +0.2004  -1.1469  -0.8949  1.7545
 524.50 drone1  +0.1639  +0.2797  -1.1428  -0.9094  1.7667
 524.60 drone1  +0.0782  +0.3394  -1.1373  -0.9233  1.7527
 524.70 drone1  +0.0001  +0.3686  -1.1304  -0.9366  1.7268
 524.80 drone1  -0.0416  +0.4350  -1.1222  -0.9492  1.7560
 524.90 drone1  -0.0623  +0.5490  -1.1128  -0.9609  1.8394
 525.00 drone1  -0.0878  +0.6758  -1.1023  -0.9715  1.9347
 525.10 drone1  -0.1039  +0.7689  -1.0908  -0.9811  2.0091
 525.20 drone1  -0.1128  +0.8192  -1.0783  -0.9895  2.0502
 525.30 drone1  -0.1030  +0.8373  -1.0651  -0.9966  2.0710
 525.40 drone1  -0.0885  +0.8425  -1.0513  -1.0024  2.0810
 525.50 drone1  -0.0761  +0.8456  -1.0369  -1.0067  2.0867
 525.60 drone1  -0.0721  +0.8485  -1.0222  -1.0096  2.0869
 525.70 drone1  -0.0678  +0.8503  -1.0073  -1.0110  2.0849
 525.80 drone1  -0.0654  +0.8511  -0.9923  -1.0111  2.0801
 525.90 drone1  -0.0663  +0.8518  -0.9773  -1.0111  2.0738
 526.00 drone1  -0.0687  +0.8518  -0.9623  -1.0111  2.0662
 526.10 drone1  -0.0711  +0.8520  -0.9473  -1.0111  2.0588
 526.20 drone1  -0.0720  +0.8519  -0.9323  -1.0111  2.0521
 526.30 drone1  -0.0710  +0.8503  -0.9173  -1.0111  2.0448
 526.40 drone1  -0.0701  +0.8491  -0.9023  -1.0111  2.0378
 526.50 drone1  -0.0690  +0.8482  -0.8873  -1.0111  2.0314
 526.60 drone1  -0.0670  +0.8398  -0.8723  -1.0111  2.0185
 526.70 drone1  -0.0545  +0.8103  -0.8573  -1.0111  1.9904
 526.80 drone1  -0.0340  +0.7623  -0.8423  -1.0111  1.9489
 526.90 drone1  -0.0212  +0.7135  -0.8273  -1.0111  1.9038
 527.00 drone1  -0.0161  +0.6791  -0.8123  -1.0111  1.8683
 527.10 drone1  -0.0220  +0.6651  -0.7973  -1.0111  1.8468
 527.20 drone1  -0.0292  +0.6627  -0.7823  -1.0100  1.8344
 527.30 drone1  -0.0339  +0.6637  -0.7676  -1.0074  1.8251
 527.40 drone1  -0.0342  +0.6640  -0.7531  -1.0033  1.8157
 527.50 drone1  -0.0304  +0.6632  -0.7392  -0.9979  1.8059
 527.60 drone1  -0.0267  +0.6622  -0.7258  -0.9910  1.7950
 527.70 drone1  -0.0222  +0.6564  -0.7132  -0.9829  1.7790
 527.80 drone1  -0.0169  +0.6378  -0.7015  -0.9736  1.7507
 527.90 drone1  -0.0103  +0.5925  -0.6908  -0.9631  1.6979
 528.00 drone1  -0.0054  +0.5128  -0.6811  -0.9516  1.6128
 528.10 drone1  -0.0077  +0.4114  -0.6727  -0.9392  1.5054
 528.20 drone1  -0.0110  +0.2947  -0.6655  -0.9260  1.3852
 528.30 drone1  -0.0189  +0.1834  -0.6597  -0.9122  1.2693
 528.40 drone1  -0.0305  +0.0909  -0.6554  -0.8979  1.1696
 528.50 drone1  -0.0405  +0.0267  -0.6524  -0.8832  1.0965
 528.60 drone1  -0.0427  -0.0156  -0.6510  -0.8682  1.0473
 528.70 drone1  -0.0459  -0.0359  -0.6508  -0.8532  1.0168
 528.80 drone1  -0.0471  -0.0400  -0.6508  -0.8382  1.0008
 528.90 drone1  -0.0471  -0.0434  -0.6508  -0.8232  0.9862
 529.00 drone1  -0.0510  -0.0286  -0.6508  -0.8082  0.9837
 529.10 drone1  -0.0519  -0.0048  -0.6508  -0.7932  0.9901
 529.20 drone1  -0.0383  +0.0129  -0.6508  -0.7782  1.0005
 529.30 drone1  -0.0202  +0.0202  -0.6508  -0.7632  1.0057
 529.40 drone1  -0.0135  +0.0203  -0.6508  -0.7482  0.9984
 529.50 drone1  -0.0087  +0.0112  -0.6508  -0.7332  0.9831
 529.60 drone1  -0.0006  +0.0050  -0.6508  -0.7182  0.9725
 529.70 drone1  +0.0062  +0.0123  -0.6508  -0.7032  0.9714
 529.80 drone1  +0.0043  +0.0153  -0.6508  -0.6882  0.9613
 529.90 drone1  +0.0134  +0.0113  -0.6508  -0.6732  0.9538
 530.00 drone1  +0.0152  -0.0002  -0.6508  -0.6582  0.9362
 530.10 drone1  +0.0155  -0.0005  -0.6518  -0.6433  0.9266
 530.20 drone1  +0.0157  -0.0005  -0.6544  -0.6285  0.9184
 530.30 drone1  +0.0156  -0.0003  -0.6584  -0.6140  0.9115
 530.40 drone1  +0.0159  -0.0005  -0.6638  -0.6001  0.9063
 530.50 drone1  +0.0160  -0.0007  -0.6705  -0.5867  0.9027
 530.60 drone1  +0.0160  -0.0007  -0.6786  -0.5741  0.9007
 530.70 drone1  +0.0160  -0.0007  -0.6879  -0.5623  0.9005
 530.80 drone1  +0.0158  -0.0005  -0.6984  -0.5515  0.9020
 530.90 drone1  +0.0160  -0.0007  -0.7098  -0.5418  0.9053
 531.00 drone1  +0.0160  -0.0006  -0.7222  -0.5334  0.9103
 531.10 drone1  +0.0159  -0.0005  -0.7353  -0.5262  0.9169
 531.20 drone1  +0.0161  -0.0006  -0.7491  -0.5203  0.9250
 531.30 drone1  +0.0159  -0.0005  -0.7634  -0.5158  0.9344
 531.40 drone1  +0.0161  -0.0007  -0.7781  -0.5128  0.9450
 531.50 drone1  +0.0161  -0.0007  -0.7930  -0.5113  0.9568
 531.60 drone1  +0.0159  -0.0006  -0.8080  -0.5111  0.9692
 531.70 drone1  +0.0158  -0.0008  -0.8230  -0.5111  0.9819
 531.80 drone1  +0.0160  -0.0004  -0.8380  -0.5111  0.9951
 531.90 drone1  +0.0159  -0.0007  -0.8530  -0.5111  1.0077
 532.00 drone1  +0.0160  -0.0005  -0.8680  -0.5111  1.0209
 532.10 drone1  +0.0159  -0.0008  -0.8830  -0.5111  1.0337
 532.20 drone1  +0.0157  -0.0006  -0.8980  -0.5111  1.0467
 532.30 drone1  +0.0163  -0.0005  -0.9130  -0.5111  1.0604
 532.40 drone1  +0.0163  -0.0004  -0.9280  -0.5111  1.0736
 532.50 drone1  +0.0160  -0.0005  -0.9430  -0.5111  1.0865
 532.60 drone1  +0.0159  -0.0005  -0.9580  -0.5111  1.0997
 532.70 drone1  +0.0159  -0.0003  -0.9730  -0.5111  1.1131
 532.80 drone1  +0.0159  -0.0006  -0.9880  -0.5111  1.1263
 532.90 drone1  +0.0159  -0.0005  -1.0030  -0.5111  1.1397
 533.00 drone1  +0.0160  -0.0008  -1.0180  -0.5121  1.1535
 533.10 drone1  +0.0159  -0.0005  -1.0328  -0.5146  1.1679
 533.20 drone1  +0.0160  -0.0007  -1.0473  -0.5185  1.1827
 533.30 drone1  +0.0158  -0.0006  -1.0613  -0.5239  1.1974
 533.40 drone1  +0.0159  -0.0005  -1.0747  -0.5306  1.2126
 533.50 drone1  +0.0160  -0.0005  -1.0873  -0.5386  1.2276
 533.60 drone1  +0.0160  -0.0006  -1.0991  -0.5479  1.2422
 533.70 drone1  +0.0160  -0.0007  -1.1099  -0.5582  1.2565
 533.80 drone1  +0.0157  -0.0007  -1.1197  -0.5697  1.2699
 533.90 drone1  +0.0158  -0.0008  -1.1282  -0.5820  1.2832
 534.00 drone1  +0.0160  -0.0005  -1.1355  -0.5951  1.2959
 534.10 drone1  +0.0160  -0.0005  -1.1414  -0.6089  1.3076
 534.20 drone1  +0.0161  -0.0006  -1.1459  -0.6232  1.3182
 534.30 drone1  +0.0160  -0.0009  -1.1490  -0.6379  1.3277
 534.40 drone1  +0.0160  -0.0004  -1.1505  -0.6528  1.3366
 534.50 drone1  +0.0160  -0.0006  -1.1508  -0.6678  1.3440
 534.60 drone1  +0.0161  -0.0005  -1.1508  -0.6828  1.3517
 534.70 drone1  +0.0160  -0.0008  -1.1508  -0.6978  1.3591
 534.80 drone1  +0.0159  -0.0006  -1.1508  -0.7128  1.3669
 534.90 drone1  +0.0159  -0.0006  -1.1508  -0.7278  1.3747
 535.00 drone1  +0.0160  -0.0007  -1.1508  -0.7428  1.3828
 535.10 drone1  +0.0157  -0.0006  -1.1508  -0.7578  1.3906
 535.20 drone1  +0.0159  -0.0006  -1.1508  -0.7728  1.3991
 535.30 drone1  +0.0157  -0.0007  -1.1508  -0.7878  1.4072
 535.40 drone1  +0.0160  -0.0004  -1.1508  -0.8028  1.4160
 535.50 drone1  +0.0161  -0.0007  -1.1508  -0.8178  1.4245
 535.60 drone1  +0.0159  -0.0006  -1.1508  -0.8328  1.4331
 535.70 drone1  +0.0160  -0.0009  -1.1508  -0.8478  1.4418
 535.80 drone1  +0.0160  -0.0008  -1.1508  -0.8628  1.4507
 535.90 drone1  +0.0160  -0.0004  -1.1499  -0.8777  1.4591
 536.00 drone1  +0.0159  -0.0007  -1.1475  -0.8925  1.4659
 536.10 drone1  +0.0159  -0.0006  -1.1436  -0.9070  1.4718
 536.20 drone1  +0.0160  -0.0005  -1.1383  -0.9210  1.4764
 536.30 drone1  +0.0160  -0.0008  -1.1316  -0.9345  1.4794
 536.40 drone1  +0.0160  -0.0008  -1.1236  -0.9472  1.4813
 536.50 drone1  +0.0159  -0.0005  -1.1144  -0.9590  1.4820
 536.60 drone1  +0.0160  -0.0006  -1.1041  -0.9699  1.4813
 536.70 drone1  +0.0159  -0.0005  -1.0927  -0.9796  1.4791
 536.80 drone1  +0.0158  -0.0006  -1.0804  -0.9882  1.4755
 536.90 drone1  +0.0159  -0.0005  -1.0674  -0.9955  1.4709
 537.00 drone1  +0.0160  -0.0007  -1.0536  -1.0015  1.4648
 537.10 drone1  +0.0160  -0.0007  -1.0393  -1.0061  1.4576
 537.20 drone1  +0.0158  -0.0006  -1.0247  -1.0092  1.4490
 537.30 drone1  +0.0159  -0.0004  -1.0098  -1.0108  1.4398
 537.40 drone1  +0.0160  -0.0008  -0.9948  -1.0111  1.4291
 537.50 drone1  +0.0159  -0.0005  -0.9798  -1.0111  1.4187
 537.60 drone1  +0.0158  -0.0005  -0.9648  -1.0111  1.4081
 537.70 drone1  +0.0157  -0.0006  -0.9498  -1.0111  1.3976
 537.80 drone1  +0.0160  -0.0007  -0.9348  -1.0111  1.3874
 537.90 drone1  +0.0158  -0.0010  -0.9198  -1.0111  1.3769
 538.00 drone1  +0.0160  -0.0008  -0.9048  -1.0111  1.3669
 538.10 drone1  +0.0160  -0.0004  -0.8898  -1.0111  1.3572
 538.20 drone1  +0.0160  -0.0007  -0.8748  -1.0111  1.3470
 538.30 drone1  +0.0157  -0.0006  -0.8598  -1.0111  1.3370
 538.40 drone1  +0.0157  -0.0007  -0.8448  -1.0111  1.3272
 538.50 drone1  +0.0159  -0.0006  -0.8298  -1.0111  1.3177
 538.60 drone1  +0.0160  -0.0006  -0.8148  -1.0111  1.3081
 538.70 drone1  +0.0159  -0.0005  -0.7998  -1.0111  1.2987
 538.80 drone1  +0.0158  -0.0008  -0.7848  -1.0103  1.2884
 538.90 drone1  +0.0161  -0.0008  -0.7700  -1.0079  1.2776
 539.00 drone1  +0.0159  -0.0006  -0.7555  -1.0041  1.2657
 539.10 drone1  +0.0159  -0.0007  -0.7414  -0.9989  1.2530
 539.20 drone1  +0.0160  -0.0008  -0.7280  -0.9923  1.2396
 539.30 drone1  +0.0159  -0.0006  -0.7152  -0.9843  1.2257
 539.40 drone1  +0.0159  -0.0009  -0.7034  -0.9752  1.2111
 539.50 drone1  +0.0160  -0.0005  -0.6925  -0.9649  1.1967
 539.60 drone1  +0.0159  -0.0006  -0.6827  -0.9536  1.1815
 539.70 drone1  +0.0161  -0.0006  -0.6740  -0.9413  1.1667
 539.80 drone1  +0.0158  -0.0006  -0.6666  -0.9282  1.1517
 539.90 drone1  +0.0159  -0.0006  -0.6606  -0.9145  1.1371
 540.00 drone1  +0.0161  -0.0004  -0.6560  -0.9003  1.1231
 540.10 drone1  +0.0160  -0.0007  -0.6528  -0.8856  1.1092
 540.20 drone1  +0.0160  -0.0004  -0.6511  -0.8707  1.0965
 540.30 drone1  +0.0160  -0.0009  -0.6508  -0.8557  1.0841
 540.40 drone1  +0.0157  -0.0006  -0.6508  -0.8407  1.0724
 540.50 drone1  +0.0160  -0.0008  -0.6508  -0.8257  1.0607
 540.60 drone1  +0.0160  -0.0009  -0.6508  -0.8107  1.0490
 540.70 drone1  +0.0159  -0.0006  -0.6508  -0.7957  1.0376
 540.80 drone1  +0.0159  -0.0006  -0.6508  -0.7807  1.0262
 540.90 drone1  +0.0160  -0.0007  -0.6508  -0.7657  1.0148
 541.00 drone1  +0.0159  -0.0005  -0.6508  -0.7507  1.0036
 541.10 drone1  +0.0159  -0.0006  -0.6508  -0.7357  0.9924
 541.20 drone1  +0.0158  -0.0008  -0.6508  -0.7207  0.9811
 541.30 drone1  +0.0161  -0.0004  -0.6508  -0.7057  0.9706
 541.40 drone1  +0.0158  -0.0008  -0.6508  -0.6907  0.9593
 541.50 drone1  +0.0157  -0.0006  -0.6508  -0.6757  0.9487
 541.60 drone1  +0.0159  -0.0006  -0.6508  -0.6607  0.9382
 541.70 drone1  +0.0160  -0.0005  -0.6516  -0.6457  0.9284
 541.80 drone1  +0.0159  -0.0005  -0.6539  -0.6309  0.9198
 541.90 drone1  +0.0160  -0.0004  -0.6576  -0.6164  0.9128
 542.00 drone1  +0.0158  -0.0008  -0.6628  -0.6023  0.9068
 542.10 drone1  +0.0161  -0.0006  -0.6693  -0.5888  0.9033
 542.20 drone1  +0.0160  -0.0008  -0.6772  -0.5761  0.9009
 542.30 drone1  +0.0158  -0.0007  -0.6863  -0.5642  0.9002
 542.40 drone1  +0.0160  -0.0007  -0.6966  -0.5532  0.9017
 542.50 drone1  +0.0159  -0.0005  -0.7079  -0.5434  0.9047
 542.60 drone1  +0.0158  -0.0009  -0.7201  -0.5347  0.9091
 542.70 drone1  +0.0160  -0.0009  -0.7331  -0.5273  0.9155
 542.80 drone1  +0.0157  -0.0007  -0.7468  -0.5212  0.9232
 542.90 drone1  +0.0160  -0.0004  -0.7610  -0.5165  0.9328
 543.00 drone1  +0.0160  -0.0008  -0.7757  -0.5132  0.9431
 543.10 drone1  +0.0160  -0.0007  -0.7906  -0.5115  0.9547
 543.20 drone1  +0.0158  -0.0008  -0.8056  -0.5111  0.9670
 543.30 drone1  +0.0160  -0.0004  -0.8206  -0.5111  0.9802
 543.40 drone1  +0.0160  -0.0006  -0.8356  -0.5111  0.9929
 543.50 drone1  +0.0161  -0.0007  -0.8506  -0.5111  1.0058
 543.60 drone1  +0.0159  -0.0006  -0.8656  -0.5111  1.0187
 543.70 drone1  +0.0160  -0.0009  -0.8806  -0.5111  1.0316
 543.80 drone1  +0.0158  -0.0006  -0.8956  -0.5111  1.0446
 543.90 drone1  +0.0159  -0.0003  -0.9106  -0.5111  1.0580
 544.00 drone1  +0.0159  -0.0009  -0.9256  -0.5111  1.0709
 544.10 drone1  +0.0157  -0.0007  -0.9406  -0.5111  1.0840
 544.20 drone1  +0.0162  -0.0008  -0.9556  -0.5111  1.0976
 544.30 drone1  +0.0160  -0.0008  -0.9706  -0.5111  1.1107
 544.40 drone1  +0.0160  -0.0005  -0.9856  -0.5111  1.1242
 544.50 drone1  +0.0159  -0.0008  -1.0006  -0.5111  1.1374
 544.60 drone1  +0.0159  -0.0008  -1.0155  -0.5118  1.1511
 544.70 drone1  +0.0159  -0.0005  -1.0304  -0.5141  1.1655
 544.80 drone1  +0.0159  -0.0008  -1.0449  -0.5178  1.1801
 544.90 drone1  +0.0160  -0.0006  -1.0590  -0.5229  1.1951
 545.00 drone1  +0.0160  -0.0007  -1.0725  -0.5294  1.2101
 545.10 drone1  +0.0159  -0.0005  -1.0853  -0.5372  1.2250
 545.20 drone1  +0.0159  -0.0005  -1.0972  -0.5462  1.2398
 545.30 drone1  +0.0161  -0.0007  -1.1082  -0.5565  1.2542
 545.40 drone1  +0.0158  -0.0007  -1.1181  -0.5677  1.2678
 545.50 drone1  +0.0162  -0.0007  -1.1269  -0.5799  1.2814
 545.60 drone1  +0.0160  -0.0006  -1.1344  -0.5929  1.2938
 545.70 drone1  +0.0158  -0.0007  -1.1405  -0.6066  1.3054
 545.80 drone1  +0.0159  -0.0010  -1.1453  -0.6208  1.3163
 545.90 drone1  +0.0159  -0.0006  -1.1486  -0.6354  1.3263
 546.00 drone1  +0.0161  -0.0007  -1.1504  -0.6503  1.3351
 546.10 drone1  +0.0162  -0.0007  -1.1508  -0.6653  1.3429
 546.20 drone1  +0.0158  -0.0008  -1.1508  -0.6803  1.3501
 546.30 drone1  +0.0158  -0.0005  -1.1508  -0.6953  1.3578
 546.40 drone1  +0.0160  -0.0008  -1.1508  -0.7103  1.3656
 546.50 drone1  +0.0159  -0.0005  -1.1508  -0.7253  1.3734
 546.60 drone1  +0.0159  -0.0009  -1.1508  -0.7403  1.3812
 546.70 drone1  +0.0159  -0.0006  -1.1508  -0.7553  1.3895
 546.80 drone1  +0.0160  -0.0005  -1.1508  -0.7703  1.3978
 546.90 drone1  +0.0159  -0.0008  -1.1508  -0.7853  1.4059
 547.00 drone1  +0.0159  -0.0006  -1.1508  -0.8003  1.4145
 547.10 drone1  +0.0160  -0.0007  -1.1508  -0.8153  1.4230
 547.20 drone1  +0.0159  -0.0006  -1.1508  -0.8303  1.4316
 547.30 drone1  +0.0161  -0.0008  -1.1508  -0.8453  1.4404
 547.40 drone1  +0.0160  -0.0008  -1.1508  -0.8603  1.4491
 547.50 drone1  +0.0157  -0.0006  -1.1501  -0.8753  1.4574
 547.60 drone1  +0.0161  -0.0008  -1.1480  -0.8901  1.4649
 547.70 drone1  +0.0159  -0.0007  -1.1443  -0.9046  1.4708
 547.80 drone1  +0.0161  -0.0009  -1.1393  -0.9188  1.4756
 547.90 drone1  +0.0161  -0.0005  -1.1328  -0.9323  1.4793
 548.00 drone1  +0.0160  -0.0005  -1.1251  -0.9451  1.4813
 548.10 drone1  +0.0159  -0.0006  -1.1160  -0.9571  1.4820
 548.20 drone1  +0.0160  -0.0008  -1.1059  -0.9681  1.4814
 548.30 drone1  +0.0160  -0.0004  -1.0947  -0.9781  1.4797
 548.40 drone1  +0.0160  -0.0010  -1.0825  -0.9869  1.4761
 548.50 drone1  +0.0159  -0.0006  -1.0696  -0.9944  1.4717
 548.60 drone1  +0.0157  -0.0006  -1.0559  -1.0006  1.4657
 548.70 drone1  +0.0159  -0.0005  -1.0417  -1.0054  1.4589
 548.80 drone1  +0.0159  -0.0006  -1.0271  -1.0088  1.4506
 548.90 drone1  +0.0158  -0.0008  -1.0122  -1.0107  1.4411
 549.00 drone1  +0.0159  -0.0006  -0.9972  -1.0111  1.4309
 549.10 drone1  +0.0161  -0.0008  -0.9822  -1.0111  1.4204
 549.20 drone1  +0.0158  -0.0006  -0.9672  -1.0111  1.4097
 549.30 drone1  +0.0158  -0.0005  -0.9522  -1.0111  1.3995
 549.40 drone1  +0.0159  -0.0008  -0.9372  -1.0111  1.3890
 549.50 drone1  +0.0158  -0.0009  -0.9222  -1.0111  1.3786
 549.60 drone1  +0.0157  -0.0007  -0.9072  -1.0111  1.3685
 549.70 drone1  +0.0160  -0.0006  -0.8922  -1.0111  1.3586
 549.80 drone1  +0.0159  -0.0005  -0.8772  -1.0111  1.3487
 549.90 drone1  +0.0159  -0.0007  -0.8622  -1.0111  1.3387
 550.00 drone1  +0.0158  -0.0008  -0.8472  -1.0111  1.3287
 550.10 drone1  +0.0157  -0.0008  -0.8322  -1.0111  1.3190
 550.20 drone1  +0.0159  -0.0005  -0.8172  -1.0111  1.3097
 550.30 drone1  +0.0160  -0.0007  -0.8022  -1.0111  1.3001
 550.40 drone1  +0.0160  -0.0008  -0.7873  -1.0105  1.2902
 550.50 drone1  +0.0160  -0.0007  -0.7724  -1.0084  1.2794
 550.60 drone1  +0.0159  -0.0006  -0.7578  -1.0048  1.2678
 550.70 drone1  +0.0159  -0.0010  -0.7437  -0.9998  1.2549
 550.80 drone1  +0.0160  -0.0007  -0.7301  -0.9934  1.2419
 550.90 drone1  +0.0159  -0.0008  -0.7173  -0.9857  1.2279
 551.00 drone1  +0.0158  -0.0008  -0.7053  -0.9768  1.2134
 551.10 drone1  +0.0159  -0.0006  -0.6942  -0.9667  1.1990
 551.20 drone1  +0.0160  -0.0007  -0.6842  -0.9555  1.1840
 551.30 drone1  +0.0160  -0.0007  -0.6754  -0.9434  1.1690
 551.40 drone1  +0.0160  -0.0008  -0.6678  -0.9304  1.1541
 551.50 drone1  +0.0160  -0.0008  -0.6615  -0.9168  1.1394
 551.60 drone1  +0.0160  -0.0004  -0.6566  -0.9026  1.1253
 551.70 drone1  +0.0158  -0.0010  -0.6532  -0.8880  1.1111
 551.80 drone1  +0.0161  -0.0009  -0.6513  -0.8732  1.0983
 551.90 drone1  +0.0159  -0.0006  -0.6508  -0.8582  1.0862
 552.00 drone1  +0.0159  -0.0007  -0.6508  -0.8432  1.0744
 552.10 drone1  +0.0160  -0.0009  -0.6508  -0.8282  1.0626
 552.20 drone1  +0.0159  -0.0009  -0.6508  -0.8132  1.0508
 552.30 drone1  +0.0160  -0.0008  -0.6508  -0.7982  1.0395
 552.40 drone1  +0.0160  -0.0007  -0.6508  -0.7832  1.0280
 552.50 drone1  +0.0161  -0.0009  -0.6508  -0.7682  1.0166
 552.60 drone1  +0.0157  -0.0007  -0.6508  -0.7532  1.0052
 552.70 drone1  +0.0160  -0.0006  -0.6508  -0.7382  0.9943
 552.80 drone1  +0.0160  -0.0010  -0.6508  -0.7232  0.9830
 552.90 drone1  +0.0158  -0.0010  -0.6508  -0.7082  0.9718
 553.00 drone1  +0.0160  -0.0009  -0.6508  -0.6932  0.9612
 553.10 drone1  +0.0159  -0.0005  -0.6508  -0.6782  0.9507
 553.20 drone1  +0.0160  -0.0004  -0.6508  -0.6632  0.9401
 553.30 drone1  +0.0160  -0.0004  -0.6513  -0.6482  0.9300
 553.40 drone1  +0.0159  -0.0007  -0.6534  -0.6334  0.9209
 553.50 drone1  +0.0159  -0.0006  -0.6569  -0.6188  0.9137
 553.60 drone1  +0.0159  -0.0006  -0.6618  -0.6046  0.9078
 553.70 drone1  +0.0158  -0.0009  -0.6682  -0.5910  0.9034
 553.80 drone1  +0.0162  -0.0010  -0.6758  -0.5781  0.9011
 553.90 drone1  +0.0159  -0.0010  -0.6847  -0.5661  0.9001
 554.00 drone1  +0.0161  -0.0009  -0.6948  -0.5550  0.9013
 554.10 drone1  +0.0159  -0.0005  -0.7059  -0.5449  0.9041
 554.20 drone1  +0.0159  -0.0006  -0.7180  -0.5360  0.9085
 554.30 drone1  +0.0159  -0.0006  -0.7309  -0.5284  0.9145
 554.40 drone1  +0.0160  -0.0008  -0.7445  -0.5221  0.9220
 554.50 drone1  +0.0156  -0.0007  -0.7587  -0.5172  0.9307
 554.60 drone1  +0.0161  -0.0006  -0.7732  -0.5137  0.9414
 554.70 drone1  +0.0160  -0.0007  -0.7881  -0.5117  0.9527
 554.80 drone1  +0.0160  -0.0008  -0.8031  -0.5111  0.9651
 554.90 drone1  +0.0160  -0.0009  -0.8181  -0.5111  0.9778
 555.00 drone1  +0.0160  -0.0008  -0.8331  -0.5111  0.9907
 555.10 drone1  +0.0160  -0.0007  -0.8481  -0.5111  1.0035
 555.20 drone1  +0.0160  -0.0009  -0.8631  -0.5111  1.0164
 555.30 drone1  +0.0160  -0.0009  -0.8781  -0.5111  1.0294
 555.40 drone1  +0.0158  -0.0008  -0.8931  -0.5111  1.0424
 555.50 drone1  +0.0159  -0.0008  -0.9081  -0.5111  1.0555
 555.60 drone1  +0.0159  -0.0006  -0.9231  -0.5111  1.0688
 555.70 drone1  +0.0160  -0.0009  -0.9381  -0.5111  1.0820
 555.80 drone1  +0.0159  -0.0007  -0.9531  -0.5111  1.0952
 555.90 drone1  +0.0157  -0.0007  -0.9681  -0.5111  1.1083
 556.00 drone1  +0.0159  -0.0007  -0.9831  -0.5111  1.1218
 556.10 drone1  +0.0161  -0.0004  -0.9981  -0.5111  1.1355
 556.20 drone1  +0.0158  -0.0006  -1.0131  -0.5116  1.1487
 556.30 drone1  +0.0159  -0.0005  -1.0279  -0.5136  1.1631
 556.40 drone1  +0.0159  -0.0007  -1.0425  -0.5170  1.1777
 556.50 drone1  +0.0159  -0.0007  -1.0567  -0.5219  1.1925
 556.60 drone1  +0.0159  -0.0010  -1.0703  -0.5282  1.2074
 556.70 drone1  +0.0158  -0.0004  -1.0832  -0.5358  1.2225
 556.80 drone1  +0.0158  -0.0006  -1.0953  -0.5447  1.2371
 556.90 drone1  +0.0158  -0.0008  -1.1065  -0.5547  1.2515
 557.00 drone1  +0.0158  -0.0006  -1.1166  -0.5658  1.2656
 557.10 drone1  +0.0160  -0.0008  -1.1255  -0.5778  1.2790
 557.20 drone1  +0.0159  -0.0008  -1.1332  -0.5907  1.2916
 557.30 drone1  +0.0159  -0.0006  -1.1396  -0.6043  1.3037
 557.40 drone1  +0.0160  -0.0007  -1.1446  -0.6184  1.3147
 557.50 drone1  +0.0159  -0.0007  -1.1481  -0.6330  1.3247
 557.60 drone1  +0.0159  -0.0008  -1.1502  -0.6478  1.3336
 557.70 drone1  +0.0158  -0.0009  -1.1508  -0.6628  1.3413
 557.80 drone1  +0.0160  -0.0008  -1.1508  -0.6778  1.3490
 557.90 drone1  +0.0161  -0.0008  -1.1508  -0.6928  1.3567
 558.00 drone1  +0.0161  -0.0009  -1.1508  -0.7078  1.3643
 558.10 drone1  +0.0158  -0.0008  -1.1508  -0.7228  1.3719
 558.20 drone1  +0.0161  -0.0009  -1.1508  -0.7378  1.3801
 558.30 drone1  +0.0161  -0.0007  -1.1508  -0.7528  1.3882
 558.40 drone1  +0.0159  -0.0007  -1.1508  -0.7678  1.3963
 558.50 drone1  +0.0160  -0.0009  -1.1508  -0.7828  1.4045
 558.60 drone1  +0.0161  -0.0006  -1.1508  -0.7978  1.4132
 558.70 drone1  +0.0158  -0.0008  -1.1508  -0.8128  1.4214
 558.80 drone1  +0.0159  -0.0005  -1.1508  -0.8278  1.4302
 558.90 drone1  +0.0158  -0.0007  -1.1508  -0.8428  1.4388
 559.00 drone1  +0.0160  -0.0005  -1.1508  -0.8578  1.4479
 559.10 drone1  +0.0158  -0.0011  -1.1503  -0.8728  1.4559
 559.20 drone1  +0.0160  -0.0006  -1.1484  -0.8877  1.4638
 559.30 drone1  +0.0159  -0.0006  -1.1450  -0.9023  1.4699
 559.40 drone1  +0.0160  -0.0007  -1.1402  -0.9165  1.4749
 559.50 drone1  +0.0161  -0.0007  -1.1340  -0.9301  1.4786
 559.60 drone1  +0.0160  -0.0004  -1.1264  -0.9431  1.4811
 559.70 drone1  +0.0160  -0.0008  -1.1176  -0.9552  1.4819
 559.80 drone1  +0.0159  -0.0008  -1.1076  -0.9664  1.4815
 559.90 drone1  +0.0158  -0.0010  -1.0966  -0.9765  1.4796
 560.00 drone1  +0.0158  -0.0009  -1.0846  -0.9855  1.4766
 560.10 drone1  +0.0158  -0.0009  -1.0718  -0.9933  1.4723
 560.20 drone1  +0.0159  -0.0006  -1.0582  -0.9997  1.4670
 560.30 drone1  +0.0159  -0.0010  -1.0441  -1.0047  1.4598
 560.40 drone1  +0.0160  -0.0004  -1.0295  -1.0083  1.4523
 560.50 drone1  +0.0159  -0.0008  -1.0147  -1.0105  1.4428
 560.60 drone1  +0.0160  -0.0008  -0.9997  -1.0111  1.4326
 560.70 drone1  +0.0160  -0.0004  -0.9847  -1.0111  1.4223
 560.80 drone1  +0.0159  -0.0009  -0.9697  -1.0111  1.4113
 560.90 drone1  +0.0159  -0.0008  -0.9547  -1.0111  1.4010
 561.00 drone1  +0.0158  -0.0008  -0.9397  -1.0111  1.3906
 561.10 drone1  +0.0158  -0.0007  -0.9247  -1.0111  1.3804
 561.20 drone1  +0.0159  -0.0006  -0.9097  -1.0111  1.3704
 561.30 drone1  +0.0161  -0.0008  -0.8947  -1.0111  1.3603
 561.40 drone1  +0.0160  -0.0006  -0.8797  -1.0111  1.3504
 561.50 drone1  +0.0160  -0.0008  -0.8647  -1.0111  1.3404
 561.60 drone1  +0.0160  -0.0006  -0.8497  -1.0111  1.3307
 561.70 drone1  +0.0159  -0.0009  -0.8347  -1.0111  1.3207
 561.80 drone1  +0.0162  -0.0007  -0.8197  -1.0111  1.3114
 561.90 drone1  +0.0159  -0.0010  -0.8047  -1.0111  1.3014
 562.00 drone1  +0.0160  -0.0008  -0.7897  -1.0107  1.2920
 562.10 drone1  +0.0160  -0.0005  -0.7748  -1.0089  1.2814
 562.20 drone1  +0.0159  -0.0010  -0.7602  -1.0055  1.2694
 562.30 drone1  +0.0159  -0.0008  -0.7460  -1.0008  1.2571
 562.40 drone1  +0.0158  -0.0006  -0.7323  -0.9946  1.2440
 562.50 drone1  +0.0161  -0.0009  -0.7194  -0.9871  1.2303
 562.60 drone1  +0.0157  -0.0007  -0.7072  -0.9783  1.2159
 562.70 drone1  +0.0159  -0.0006  -0.6960  -0.9684  1.2014
 562.80 drone1  +0.0160  -0.0005  -0.6858  -0.9574  1.1866
 562.90 drone1  +0.0159  -0.0006  -0.6767  -0.9454  1.1716
 563.00 drone1  +0.0158  -0.0007  -0.6689  -0.9326  1.1564
 563.10 drone1  +0.0158  -0.0007  -0.6624  -0.9191  1.1418
 563.20 drone1  +0.0162  -0.0007  -0.6574  -0.9050  1.1276
 563.30 drone1  +0.0161  -0.0008  -0.6537  -0.8905  1.1136
 563.40 drone1  +0.0160  -0.0005  -0.6515  -0.8756  1.1006
 563.50 drone1  +0.0159  -0.0008  -0.6508  -0.8607  1.0881
 563.60 drone1  +0.0159  -0.0006  -0.6508  -0.8457  1.0764
 563.70 drone1  +0.0160  -0.0009  -0.6508  -0.8307  1.0645
 563.80 drone1  +0.0159  -0.0008  -0.6508  -0.8157  1.0528
 563.90 drone1  +0.0160  -0.0008  -0.6508  -0.8007  1.0413
 564.00 drone1  +0.0159  -0.0006  -0.6508  -0.7857  1.0300
 564.10 drone1  +0.0160  -0.0008  -0.6508  -0.7707  1.0185
 564.20 drone1  +0.0158  -0.0009  -0.6508  -0.7557  1.0070
 564.30 drone1  +0.0159  -0.0007  -0.6508  -0.7407  0.9959
 564.40 drone1  +0.0160  -0.0004  -0.6508  -0.7257  0.9852
 564.50 drone1  +0.0160  -0.0007  -0.6508  -0.7107  0.9740
 564.60 drone1  +0.0160  -0.0008  -0.6508  -0.6957  0.9630
 564.70 drone1  +0.0162  -0.0011  -0.6508  -0.6807  0.9522
 564.80 drone1  +0.0160  -0.0007  -0.6508  -0.6657  0.9417
 564.90 drone1  +0.0160  -0.0006  -0.6511  -0.6507  0.9315
 565.00 drone1  +0.0158  -0.0007  -0.6529  -0.6358  0.9222
 565.10 drone1  +0.0158  -0.0006  -0.6562  -0.6212  0.9147
 565.20 drone1  +0.0160  -0.0007  -0.6609  -0.6069  0.9087
 565.30 drone1  +0.0159  -0.0007  -0.6670  -0.5932  0.9042
 565.40 drone1  +0.0160  -0.0006  -0.6745  -0.5802  0.9015
 565.50 drone1  +0.0158  -0.0010  -0.6832  -0.5680  0.9001
 565.60 drone1  +0.0159  -0.0005  -0.6931  -0.5567  0.9011
 565.70 drone1  +0.0161  -0.0004  -0.7040  -0.5465  0.9037
 565.80 drone1  +0.0159  -0.0006  -0.7159  -0.5374  0.9076
 565.90 drone1  +0.0158  -0.0007  -0.7287  -0.5296  0.9133
 566.00 drone1  +0.0160  -0.0008  -0.7422  -0.5230  0.9207
 566.10 drone1  +0.0158  -0.0007  -0.7563  -0.5179  0.9293
 566.20 drone1  +0.0158  -0.0009  -0.7708  -0.5141  0.9393
 566.30 drone1  +0.0159  -0.0008  -0.7856  -0.5119  0.9507
 566.40 drone1  +0.0159  -0.0006  -0.8006  -0.5111  0.9630
 566.50 drone1  +0.0161  -0.0007  -0.8156  -0.5111  0.9759
 566.60 drone1  +0.0160  -0.0009  -0.8306  -0.5111  0.9884
 566.70 drone1  +0.0159  -0.0007  -0.8456  -0.5111  1.0014
 566.80 drone1  +0.0161  -0.0006  -0.8606  -0.5111  1.0145
 566.90 drone1  +0.0158  -0.0006  -0.8756  -0.5111  1.0272
 567.00 drone1  +0.0159  -0.0008  -0.8906  -0.5111  1.0402
 567.10 drone1  +0.0157  -0.0007  -0.9056  -0.5111  1.0533
 567.20 drone1  +0.0159  -0.0005  -0.9206  -0.5111  1.0667
 567.30 drone1  +0.0156  -0.0006  -0.9356  -0.5111  1.0796
 567.40 drone1  +0.0160  -0.0010  -0.9506  -0.5111  1.0929
 567.50 drone1  +0.0159  -0.0006  -0.9656  -0.5111  1.1063
 567.60 drone1  +0.0159  -0.0008  -0.9806  -0.5111  1.1196
 567.70 drone1  +0.0160  -0.0009  -0.9956  -0.5111  1.1330
 567.80 drone1  +0.0160  -0.0005  -1.0106  -0.5114  1.1467
 567.90 drone1  +0.0158  -0.0007  -1.0255  -0.5132  1.1605
 568.00 drone1  +0.0158  -0.0006  -1.0401  -0.5164  1.1752
 568.10 drone1  +0.0159  -0.0009  -1.0544  -0.5210  1.1900
 568.20 drone1  +0.0160  -0.0009  -1.0681  -0.5271  1.2050
 568.30 drone1  +0.0158  -0.0010  -1.0812  -0.5345  1.2198
 568.40 drone1  +0.0159  -0.0009  -1.0934  -0.5431  1.2348
 568.50 drone1  +0.0159  -0.0008  -1.1047  -0.5530  1.2493
 568.60 drone1  +0.0160  -0.0006  -1.1150  -0.5639  1.2635
 568.70 drone1  +0.0159  -0.0009  -1.1241  -0.5758  1.2768
 568.80 drone1  +0.0158  -0.0009  -1.1320  -0.5885  1.2895
 568.90 drone1  +0.0159  -0.0009  -1.1386  -0.6020  1.3016
 569.00 drone1  +0.0159  -0.0006  -1.1438  -0.6160  1.3130
 569.10 drone1  +0.0161  -0.0010  -1.1476  -0.6305  1.3231
 569.20 drone1  +0.0160  -0.0006  -1.1500  -0.6454  1.3323
 569.30 drone1  +0.0160  -0.0006  -1.1508  -0.6603  1.3404
 569.40 drone1  +0.0157  -0.0007  -1.1508  -0.6753  1.3475
 569.50 drone1  +0.0159  -0.0010  -1.1508  -0.6903  1.3551
 569.60 drone1  +0.0158  -0.0008  -1.1508  -0.7053  1.3628
 569.70 drone1  +0.0160  -0.0009  -1.1508  -0.7203  1.3708
 569.80 drone1  +0.0157  -0.0007  -1.1508  -0.7353  1.3785
 569.90 drone1  +0.0160  -0.0007  -1.1508  -0.7503  1.3869
 570.00 drone1  +0.0159  -0.0007  -1.1508  -0.7653  1.3950
 570.10 drone1  +0.0159  -0.0007  -1.1508  -0.7803  1.4032
 570.20 drone1  +0.0158  -0.0008  -1.1508  -0.7953  1.4114
 570.30 drone1  +0.0158  -0.0009  -1.1508  -0.8103  1.4199
 570.40 drone1  +0.0159  -0.0009  -1.1508  -0.8253  1.4286
 570.50 drone1  +0.0159  -0.0006  -1.1508  -0.8403  1.4375
 570.60 drone1  +0.0161  -0.0009  -1.1508  -0.8553  1.4462
 570.70 drone1  +0.0160  -0.0010  -1.1505  -0.8703  1.4548
 570.80 drone1  +0.0159  -0.0007  -1.1488  -0.8852  1.4626
 570.90 drone1  +0.0161  -0.0007  -1.1457  -0.8999  1.4691
 571.00 drone1  +0.0159  -0.0009  -1.1411  -0.9142  1.4739
 571.10 drone1  +0.0161  -0.0007  -1.1351  -0.9279  1.4782
 571.20 drone1  +0.0160  -0.0007  -1.1278  -0.9410  1.4806
 571.30 drone1  +0.0160  -0.0007  -1.1192  -0.9532  1.4818
 571.40 drone1  +0.0160  -0.0008  -1.1094  -0.9646  1.4817
 571.50 drone1  +0.0159  -0.0006  -1.0985  -0.9749  1.4803
 571.60 drone1  +0.0160  -0.0006  -1.0866  -0.9841  1.4775
 571.70 drone1  +0.0160  -0.0008  -1.0739  -0.9921  1.4733
 571.80 drone1  +0.0160  -0.0004  -1.0605  -0.9987  1.4682
 571.90 drone1  +0.0157  -0.0007  -1.0465  -1.0040  1.4611
 572.00 drone1  +0.0159  -0.0008  -1.0320  -1.0078  1.4533
 572.10 drone1  +0.0159  -0.0009  -1.0172  -1.0102  1.4443
 572.20 drone1  +0.0160  -0.0005  -1.0022  -1.0111  1.4346
 572.30 drone1  +0.0159  -0.0010  -0.9872  -1.0111  1.4236
 572.40 drone1  +0.0159  -0.0006  -0.9722  -1.0111  1.4133
 572.50 drone1  +0.0160  -0.0008  -0.9572  -1.0111  1.4028
 572.60 drone1  +0.0161  -0.0004  -0.9422  -1.0111  1.3928
 572.70 drone1  +0.0158  -0.0005  -0.9272  -1.0111  1.3822
 572.80 drone1  +0.0160  -0.0008  -0.9122  -1.0111  1.3720
 572.90 drone1  +0.0158  -0.0007  -0.8972  -1.0111  1.3618
 573.00 drone1  +0.0159  -0.0005  -0.8822  -1.0111  1.3520
 573.10 drone1  +0.0160  -0.0004  -0.8672  -1.0111  1.3422
 573.20 drone1  +0.0158  -0.0005  -0.8522  -1.0111  1.3322
 573.30 drone1  +0.0160  -0.0005  -0.8372  -1.0111  1.3226
 573.40 drone1  +0.0158  -0.0008  -0.8222  -1.0111  1.3126
 573.50 drone1  +0.0158  -0.0006  -0.8072  -1.0111  1.3032
 573.60 drone1  +0.0159  -0.0008  -0.7922  -1.0109  1.2936
 573.70 drone1  +0.0160  -0.0005  -0.7773  -1.0093  1.2833
 573.80 drone1  +0.0158  -0.0006  -0.7626  -1.0062  1.2716
 573.90 drone1  +0.0159  -0.0009  -0.7483  -1.0016  1.2592
 574.00 drone1  +0.0160  -0.0006  -0.7346  -0.9957  1.2465
 574.10 drone1  +0.0160  -0.0008  -0.7215  -0.9884  1.2326
 574.20 drone1  +0.0158  -0.0006  -0.7091  -0.9799  1.2184
 574.30 drone1  +0.0158  -0.0006  -0.6977  -0.9701  1.2038
 574.40 drone1  +0.0159  -0.0006  -0.6874  -0.9593  1.1890
 574.50 drone1  +0.0159  -0.0007  -0.6781  -0.9475  1.1739
 574.60 drone1  +0.0158  -0.0008  -0.6701  -0.9348  1.1589
 574.70 drone1  +0.0161  -0.0007  -0.6634  -0.9214  1.1443
 574.80 drone1  +0.0160  -0.0005  -0.6581  -0.9074  1.1299
 574.90 drone1  +0.0159  -0.0006  -0.6542  -0.8929  1.1159
 575.00 drone1  +0.0159  -0.0010  -0.6517  -0.8781  1.1024
 575.10 drone1  +0.0161  -0.0007  -0.6508  -0.8631  1.0901
 575.20 drone1  +0.0160  -0.0008  -0.6508  -0.8481  1.0783
 575.30 drone1  +0.0160  -0.0008  -0.6508  -0.8331  1.0664
 575.40 drone1  +0.0159  -0.0008  -0.6508  -0.8181  1.0547
 575.50 drone1  +0.0160  -0.0008  -0.6508  -0.8031  1.0433
 575.60 drone1  +0.0160  -0.0008  -0.6508  -0.7881  1.0318
 575.70 drone1  +0.0161  -0.0004  -0.6508  -0.7731  1.0207
 575.80 drone1  +0.0161  -0.0005  -0.6508  -0.7581  1.0093
 575.90 drone1  +0.0159  -0.0006  -0.6508  -0.7431  0.9979
 576.00 drone1  +0.0159  -0.0006  -0.6508  -0.7281  0.9868
 576.10 drone1  +0.0159  -0.0007  -0.6508  -0.7131  0.9757
 576.20 drone1  +0.0160  -0.0007  -0.6508  -0.6981  0.9648
 576.30 drone1  +0.0157  -0.0007  -0.6508  -0.6831  0.9539
 576.40 drone1  +0.0158  -0.0009  -0.6508  -0.6681  0.9432
 576.50 drone1  +0.0160  -0.0005  -0.6510  -0.6532  0.9332
 576.60 drone1  +0.0158  -0.0006  -0.6525  -0.6382  0.9237
 576.70 drone1  +0.0158  -0.0008  -0.6556  -0.6236  0.9157
 576.80 drone1  +0.0160  -0.0005  -0.6600  -0.6092  0.9098
 576.90 drone1  +0.0161  -0.0007  -0.6659  -0.5954  0.9050
 577.00 drone1  +0.0161  -0.0007  -0.6731  -0.5823  0.9019
 577.10 drone1  +0.0159  -0.0008  -0.6817  -0.5700  0.9003
 577.20 drone1  +0.0159  -0.0010  -0.6913  -0.5585  0.9006
 577.30 drone1  +0.0161  -0.0009  -0.7021  -0.5481  0.9029
 577.40 drone1  +0.0159  -0.0008  -0.7139  -0.5388  0.9067
 577.50 drone1  +0.0160  -0.0008  -0.7266  -0.5308  0.9123
 577.60 drone1  +0.0159  -0.0008  -0.7399  -0.5240  0.9192
 577.70 drone1  +0.0160  -0.0008  -0.7539  -0.5186  0.9279
 577.80 drone1  +0.0158  -0.0007  -0.7684  -0.5147  0.9376
 577.90 drone1  +0.0159  -0.0008  -0.7832  -0.5122  0.9487
 578.00 drone1  +0.0159  -0.0007  -0.7981  -0.5111  0.9608
 578.10 drone1  +0.0159  -0.0006  -0.8131  -0.5111  0.9736
 578.20 drone1  +0.0161  -0.0008  -0.8281  -0.5111  0.9865
 578.30 drone1  +0.0158  -0.0007  -0.8431  -0.5111  0.9991
 578.40 drone1  +0.0160  -0.0005  -0.8581  -0.5111  1.0124
 578.50 drone1  +0.0160  -0.0008  -0.8731  -0.5111  1.0252
 578.60 drone1  +0.0160  -0.0008  -0.8881  -0.5111  1.0383
 578.70 drone1  +0.0162  -0.0005  -0.9031  -0.5111  1.0516
 578.80 drone1  +0.0160  -0.0005  -0.9181  -0.5111  1.0646
 578.90 drone1  +0.0162  -0.0006  -0.9331  -0.5111  1.0779
 579.00 drone1  +0.0160  -0.0007  -0.9481  -0.5111  1.0909
 579.10 drone1  +0.0157  -0.0006  -0.9631  -0.5111  1.1040
 579.20 drone1  +0.0160  -0.0008  -0.9781  -0.5111  1.1175
 579.30 drone1  +0.0158  -0.0006  -0.9931  -0.5111  1.1307
 579.40 drone1  +0.0160  -0.0004  -1.0081  -0.5113  1.1445
 579.50 drone1  +0.0157  -0.0008  -1.0230  -0.5128  1.1581
 579.60 drone1  +0.0158  -0.0006  -1.0377  -0.5157  1.1727
 579.70 drone1  +0.0159  -0.0006  -1.0521  -0.5202  1.1877
 579.80 drone1  +0.0160  -0.0007  -1.0659  -0.5260  1.2026
 579.90 drone1  +0.0161  -0.0010  -1.0791  -0.5332  1.2176
 580.00 drone1  +0.0157  -0.0007  -1.0914  -0.5416  1.2322
 580.10 drone1  +0.0160  -0.0006  -1.1029  -0.5513  1.2471
 580.20 drone1  +0.0160  -0.0008  -1.1134  -0.5620  1.2611
 580.30 drone1  +0.0160  -0.0008  -1.1227  -0.5737  1.2747
 580.40 drone1  +0.0159  -0.0009  -1.1308  -0.5863  1.2876
 580.50 drone1  +0.0159  -0.0008  -1.1376  -0.5997  1.2997
 580.60 drone1  +0.0160  -0.0008  -1.1431  -0.6137  1.3112
 580.70 drone1  +0.0160  -0.0006  -1.1471  -0.6281  1.3216
 580.80 drone1  +0.0160  -0.0008  -1.1497  -0.6429  1.3308
 580.90 drone1  +0.0160  -0.0007  -1.1507  -0.6578  1.3391
 581.00 drone1  +0.0160  -0.0007  -1.1508  -0.6728  1.3465
 581.10 drone1  +0.0161  -0.0005  -1.1508  -0.6878  1.3543
 581.20 drone1  +0.0159  -0.0009  -1.1508  -0.7028  1.3615
 581.30 drone1  +0.0157  -0.0007  -1.1508  -0.7178  1.3694
 581.40 drone1  +0.0157  -0.0006  -1.1508  -0.7328  1.3772
 581.50 drone1  +0.0159  -0.0007  -1.1508  -0.7478  1.3854
 581.60 drone1  +0.0157  -0.0009  -1.1508  -0.7628  1.3933
 581.70 drone1  +0.0161  -0.0008  -1.1508  -0.7778  1.4019
 581.80 drone1  +0.0160  -0.0008  -1.1508  -0.7928  1.4102
 581.90 drone1  +0.0159  -0.0009  -1.1508  -0.8078  1.4185
 582.00 drone1  +0.0161  -0.0006  -1.1508  -0.8228  1.4275
 582.10 drone1  +0.0162  -0.0006  -1.1508  -0.8378  1.4362
 582.20 drone1  +0.0161  -0.0008  -1.1508  -0.8528  1.4448
 582.30 drone1  +0.0160  -0.0008  -1.1506  -0.8678  1.4535
 582.40 drone1  +0.0158  -0.0006  -1.1492  -0.8828  1.4614
 582.50 drone1  +0.0159  -0.0005  -1.1463  -0.8975  1.4681
 582.60 drone1  +0.0158  -0.0007  -1.1419  -0.9118  1.4733
 582.70 drone1  +0.0161  -0.0005  -1.1362  -0.9257  1.4777
 582.80 drone1  +0.0160  -0.0006  -1.1291  -0.9389  1.4804
 582.90 drone1  +0.0157  -0.0006  -1.1207  -0.9513  1.4816
 583.00 drone1  +0.0160  -0.0006  -1.1111  -0.9628  1.4819
 583.10 drone1  +0.0159  -0.0008  -1.1004  -0.9733  1.4804
 583.20 drone1  +0.0159  -0.0008  -1.0887  -0.9827  1.4779
 583.30 drone1  +0.0158  -0.0006  -1.0761  -0.9908  1.4741
 583.40 drone1  +0.0160  -0.0005  -1.0628  -0.9977  1.4691
 583.50 drone1  +0.0160  -0.0007  -1.0488  -1.0032  1.4625
 583.60 drone1  +0.0157  -0.0007  -1.0344  -1.0073  1.4547
 583.70 drone1  +0.0158  -0.0008  -1.0196  -1.0099  1.4458
 583.80 drone1  +0.0160  -0.0009  -1.0047  -1.0111  1.4360
 583.90 drone1  +0.0159  -0.0005  -0.9897  -1.0111  1.4257
 584.00 drone1  +0.0160  -0.0009  -0.9747  -1.0111  1.4149
 584.10 drone1  +0.0160  -0.0005  -0.9597  -1.0111  1.4047
 584.20 drone1  +0.0159  -0.0006  -0.9447  -1.0111  1.3942
 584.30 drone1  +0.0158  -0.0006  -0.9297  -1.0111  1.3839
 584.40 drone1  +0.0161  -0.0007  -0.9147  -1.0111  1.3738
 584.50 drone1  +0.0158  -0.0006  -0.8997  -1.0111  1.3635
 584.60 drone1  +0.0160  -0.0009  -0.8847  -1.0111  1.3534
 584.70 drone1  +0.0159  -0.0010  -0.8697  -1.0111  1.3433
 584.80 drone1  +0.0161  -0.0007  -0.8547  -1.0111  1.3339
 584.90 drone1  +0.0160  -0.0006  -0.8397  -1.0111  1.3242
 585.00 drone1  +0.0160  -0.0006  -0.8247  -1.0111  1.3145
 585.10 drone1  +0.0161  -0.0008  -0.8097  -1.0111  1.3048
 585.20 drone1  +0.0161  -0.0007  -0.7947  -1.0110  1.2954
 585.30 drone1  +0.0159  -0.0006  -0.7797  -1.0096  1.2850
 585.40 drone1  +0.0159  -0.0005  -0.7650  -1.0068  1.2737
 585.50 drone1  +0.0159  -0.0005  -0.7507  -1.0025  1.2616
 585.60 drone1  +0.0158  -0.0006  -0.7368  -0.9968  1.2485
 585.70 drone1  +0.0160  -0.0009  -0.7236  -0.9897  1.2348
 585.80 drone1  +0.0158  -0.0006  -0.7111  -0.9814  1.2207
 585.90 drone1  +0.0160  -0.0006  -0.6996  -0.9718  1.2063
 586.00 drone1  +0.0159  -0.0007  -0.6890  -0.9612  1.1913
 586.10 drone1  +0.0157  -0.0008  -0.6796  -0.9495  1.1762
 586.20 drone1  +0.0160  -0.0005  -0.6714  -0.9370  1.1617
 586.30 drone1  +0.0159  -0.0009  -0.6644  -0.9237  1.1464
 586.40 drone1  +0.0161  -0.0005  -0.6589  -0.9097  1.1324
 586.50 drone1  +0.0160  -0.0005  -0.6547  -0.8953  1.1183
 586.60 drone1  +0.0159  -0.0006  -0.6520  -0.8806  1.1048
 586.70 drone1  +0.0162  -0.0006  -0.6508  -0.8656  1.0923
 586.80 drone1  +0.0160  -0.0009  -0.6508  -0.8506  1.0801
 586.90 drone1  +0.0159  -0.0006  -0.6508  -0.8356  1.0685
 587.00 drone1  +0.0160  -0.0009  -0.6508  -0.8206  1.0567
 587.10 drone1  +0.0160  -0.0007  -0.6508  -0.8056  1.0453
 587.20 drone1  +0.0160  -0.0007  -0.6508  -0.7906  1.0337
 587.30 drone1  +0.0162  -0.0009  -0.6508  -0.7756  1.0223
 587.40 drone1  +0.0157  -0.0006  -0.6508  -0.7606  1.0109
 587.50 drone1  +0.0160  -0.0005  -0.6508  -0.7456  0.9999
 587.60 drone1  +0.0159  -0.0006  -0.6508  -0.7306  0.9887
 587.70 drone1  +0.0159  -0.0006  -0.6508  -0.7156  0.9776
 587.80 drone1  +0.0160  -0.0005  -0.6508  -0.7006  0.9668
 587.90 drone1  +0.0160  -0.0008  -0.6508  -0.6856  0.9559
 588.00 drone1  +0.0160  -0.0007  -0.6508  -0.6706  0.9452
 588.10 drone1  +0.0160  -0.0004  -0.6509  -0.6556  0.9349
 588.20 drone1  +0.0159  -0.0006  -0.6522  -0.6407  0.9252
 588.30 drone1  +0.0159  -0.0006  -0.6550  -0.6260  0.9172
 588.40 drone1  +0.0162  -0.0007  -0.6592  -0.6116  0.9107
 588.50 drone1  +0.0159  -0.0006  -0.6649  -0.5977  0.9055
 588.60 drone1  +0.0161  -0.0008  -0.6719  -0.5844  0.9022
 588.70 drone1  +0.0160  -0.0007  -0.6802  -0.5719  0.9005
 588.80 drone1  +0.0160  -0.0006  -0.6897  -0.5603  0.9007
 588.90 drone1  +0.0160  -0.0008  -0.7003  -0.5498  0.9025
 589.00 drone1  +0.0161  -0.0004  -0.7119  -0.5403  0.9063
 589.10 drone1  +0.0160  -0.0009  -0.7244  -0.5320  0.9112
 589.20 drone1  +0.0160  -0.0009  -0.7377  -0.5250  0.9180
 589.30 drone1  +0.0159  -0.0006  -0.7516  -0.5194  0.9264
 589.40 drone1  +0.0159  -0.0006  -0.7660  -0.5152  0.9361
 589.50 drone1  +0.0158  -0.0006  -0.7807  -0.5125  0.9468
 589.60 drone1  +0.0161  -0.0008  -0.7957  -0.5112  0.9589
 589.70 drone1  +0.0160  -0.0009  -0.8107  -0.5111  0.9715
 589.80 drone1  +0.0159  -0.0008  -0.8257  -0.5111  0.9842
 589.90 drone1  +0.0161  -0.0009  -0.8407  -0.5111  0.9972
 590.00 drone1  +0.0160  -0.0008  -0.8557  -0.5111  1.0101
 590.10 drone1  +0.0160  -0.0005  -0.8707  -0.5111  1.0231
 590.20 drone1  +0.0160  -0.0005  -0.8857  -0.5111  1.0362
 590.30 drone1  +0.0160  -0.0009  -0.9007  -0.5111  1.0491
 590.40 drone1  +0.0161  -0.0005  -0.9157  -0.5111  1.0625
 590.50 drone1  +0.0162  -0.0006  -0.9307  -0.5111  1.0757
 590.60 drone1  +0.0160  -0.0005  -0.9457  -0.5111  1.0888
 590.70 drone1  +0.0162  -0.0006  -0.9607  -0.5111  1.1022
 590.80 drone1  +0.0161  -0.0007  -0.9757  -0.5111  1.1153
 590.90 drone1  +0.0159  -0.0005  -0.9907  -0.5111  1.1287
 591.00 drone1  +0.0161  -0.0008  -1.0057  -0.5112  1.1421
 591.10 drone1  +0.0160  -0.0006  -1.0206  -0.5124  1.1561
 591.20 drone1  +0.0161  -0.0007  -1.0353  -0.5152  1.1705
 591.30 drone1  +0.0157  -0.0006  -1.0497  -0.5193  1.1850
 591.40 drone1  +0.0160  -0.0009  -1.0636  -0.5249  1.2001
 591.50 drone1  +0.0162  -0.0008  -1.0769  -0.5319  1.2153
 591.60 drone1  +0.0159  -0.0007  -1.0895  -0.5401  1.2300
 591.70 drone1  +0.0159  -0.0007  -1.1011  -0.5496  1.2446
 591.80 drone1  +0.0159  -0.0006  -1.1117  -0.5602  1.2588
 591.90 drone1  +0.0159  -0.0005  -1.1212  -0.5717  1.2726
 592.00 drone1  +0.0160  -0.0005  -1.1296  -0.5842  1.2857
 592.10 drone1  +0.0160  -0.0010  -1.1366  -0.5975  1.2978
 592.20 drone1  +0.0162  -0.0009  -1.1423  -0.6113  1.3095
 592.30 drone1  +0.0158  -0.0008  -1.1465  -0.6257  1.3197
 592.40 drone1  +0.0160  -0.0008  -1.1493  -0.6404  1.3293
 592.50 drone1  +0.0159  -0.0005  -1.1507  -0.6554  1.3378
 592.60 drone1  +0.0160  -0.0007  -1.1508  -0.6704  1.3453
 592.70 drone1  +0.0158  -0.0006  -1.1508  -0.6854  1.3528
 592.80 drone1  +0.0160  -0.0004  -1.1508  -0.7004  1.3606
 592.90 drone1  +0.0160  -0.0005  -1.1508  -0.7154  1.3684
 593.00 drone1  +0.0157  -0.0007  -1.1508  -0.7304  1.3759
 593.10 drone1  +0.0158  -0.0007  -1.1508  -0.7454  1.3840
 593.20 drone1  +0.0160  -0.0005  -1.1508  -0.7604  1.3924
 593.30 drone1  +0.0159  -0.0005  -1.1508  -0.7754  1.4006
 593.40 drone1  +0.0160  -0.0006  -1.1508  -0.7904  1.4090
 593.50 drone1  +0.0161  -0.0007  -1.1508  -0.8054  1.4175
 593.60 drone1  +0.0160  -0.0006  -1.1508  -0.8204  1.4259
 593.70 drone1  +0.0160  -0.0005  -1.1508  -0.8354  1.4347
 593.80 drone1  +0.0158  -0.0006  -1.1508  -0.8504  1.4433
 593.90 drone1  +0.0159  -0.0007  -1.1507  -0.8654  1.4521
 594.00 drone1  +0.0161  -0.0004  -1.1495  -0.8803  1.4604
 594.10 drone1  +0.0158  -0.0006  -1.1469  -0.8951  1.4669
 594.20 drone1  +0.0160  -0.0009  -1.1428  -0.9095  1.4725
 594.30 drone1  +0.0160  -0.0005  -1.1372  -0.9234  1.4771
 594.40 drone1  +0.0159  -0.0006  -1.1303  -0.9367  1.4799
 594.50 drone1  +0.0160  -0.0005  -1.1221  -0.9493  1.4817
 594.60 drone1  +0.0159  -0.0006  -1.1127  -0.9610  1.4820
 594.70 drone1  +0.0161  -0.0009  -1.1022  -0.9716  1.4809
 594.80 drone1  +0.0161  -0.0007  -1.0907  -0.9812  1.4787
 594.90 drone1  +0.0157  -0.0006  -1.0782  -0.9896  1.4747
 595.00 drone1  +0.0159  -0.0007  -1.0650  -0.9967  1.4698
 595.10 drone1  +0.0161  -0.0004  -1.0512  -1.0024  1.4639
 595.20 drone1  +0.0160  -0.0006  -1.0368  -1.0067  1.4563
 595.30 drone1  +0.0159  -0.0005  -1.0221  -1.0096  1.4476
 595.40 drone1  +0.0158  -0.0007  -1.0071  -1.0110  1.4378
 595.50 drone1  +0.0159  -0.0006  -0.9921  -1.0111  1.4273
 595.60 drone1  +0.0160  -0.0004  -0.9771  -1.0111  1.4170
 595.70 drone1  +0.0158  -0.0006  -0.9621  -1.0111  1.4063
 595.80 drone1  +0.0160  -0.0005  -0.9471  -1.0111  1.3961
 595.90 drone1  +0.0160  -0.0006  -0.9321  -1.0111  1.3857
 596.00 drone1  +0.0160  -0.0006  -0.9171  -1.0111  1.3755
 596.10 drone1  +0.0159  -0.0008  -0.9021  -1.0111  1.3651
 596.20 drone1  +0.0160  -0.0004  -0.8871  -1.0111  1.3555
 596.30 drone1  +0.0160  -0.0005  -0.8721  -1.0111  1.3454
 596.40 drone1  +0.0161  -0.0007  -0.8571  -1.0111  1.3355
 596.50 drone1  +0.0161  -0.0004  -0.8421  -1.0111  1.3259
 596.60 drone1  +0.0159  -0.0006  -0.8271  -1.0111  1.3160
 596.70 drone1  +0.0161  -0.0004  -0.8121  -1.0111  1.3067
 596.80 drone1  +0.0160  -0.0005  -0.7971  -1.0111  1.2971
 596.90 drone1  +0.0159  -0.0009  -0.7822  -1.0100  1.2865
 597.00 drone1  +0.0160  -0.0004  -0.7674  -1.0074  1.2758
 597.10 drone1  +0.0161  -0.0004  -0.7530  -1.0033  1.2638
 597.20 drone1  +0.0160  -0.0005  -0.7390  -0.9978  1.2509
 597.30 drone1  +0.0161  -0.0005  -0.7257  -0.9910  1.2375
 597.40 drone1  +0.0160  -0.0009  -0.7131  -0.9828  1.2230
 597.50 drone1  +0.0161  -0.0009  -0.7014  -0.9735  1.2086
 597.60 drone1  +0.0162  -0.0006  -0.6907  -0.9630  1.1941
 597.70 drone1  +0.0157  -0.0008  -0.6811  -0.9515  1.1787
 597.80 drone1  +0.0160  -0.0008  -0.6726  -0.9391  1.1639
 597.90 drone1  +0.0160  -0.0008  -0.6655  -0.9259  1.1490
 598.00 drone1  +0.0159  -0.0006  -0.6597  -0.9121  1.1346
 598.10 drone1  +0.0162  -0.0007  -0.6553  -0.8977  1.1205
 598.20 drone1  +0.0161  -0.0007  -0.6524  -0.8830  1.1070
 598.30 drone1  +0.0159  -0.0005  -0.6509  -0.8681  1.0943
 598.40 drone1  +0.0160  -0.0005  -0.6508  -0.8531  1.0823
 598.50 drone1  +0.0159  -0.0006  -0.6508  -0.8381  1.0705
 598.60 drone1  +0.0161  -0.0004  -0.6508  -0.8231  1.0590
 598.70 drone1  +0.0158  -0.0008  -0.6508  -0.8081  1.0469
 598.80 drone1  +0.0161  -0.0006  -0.6508  -0.7931  1.0357
 598.90 drone1  +0.0162  -0.0006  -0.6508  -0.7781  1.0244
 599.00 drone1  +0.0158  -0.0005  -0.6508  -0.7631  1.0129
 599.10 drone1  +0.0160  -0.0006  -0.6508  -0.7481  1.0017
 599.20 drone1  +0.0161  -0.0009  -0.6508  -0.7331  0.9904
 599.30 drone1  +0.0159  -0.0006  -0.6508  -0.7181  0.9794
 599.40 drone1  +0.0159  -0.0007  -0.6508  -0.7031  0.9684
 599.50 drone1  +0.0160  -0.0006  -0.6508  -0.6881  0.9577
 599.60 drone1  +0.0159  -0.0005  -0.6508  -0.6731  0.9470
 599.70 drone1  +0.0160  -0.0006  -0.6508  -0.6581  0.9365
 599.80 drone1  +0.0159  -0.0006  -0.6519  -0.6431  0.9267
 599.90 drone1  +0.0157  -0.0007  -0.6544  -0.6284  0.9182
 600.00 drone1  +0.0159  -0.0008  -0.6584  -0.6139  0.9114
 600.10 drone1  +0.0160  -0.0006  -0.6638  -0.5999  0.9063
 600.20 drone1  +0.0160  -0.0008  -0.6706  -0.5866  0.9026
 600.30 drone1  +0.0160  -0.0009  -0.6787  -0.5739  0.9005
 600.40 drone1  +0.0160  -0.0005  -0.6880  -0.5622  0.9006
 600.50 drone1  +0.0160  -0.0009  -0.6985  -0.5514  0.9020
 600.60 drone1  +0.0160  -0.0009  -0.7099  -0.5418  0.9052
 600.70 drone1  +0.0161  -0.0008  -0.7223  -0.5333  0.9104
 600.80 drone1  +0.0159  -0.0007  -0.7354  -0.5261  0.9169
 600.90 drone1  +0.0160  -0.0009  -0.7492  -0.5202  0.9249
 601.00 drone1  +0.0160  -0.0008  -0.7636  -0.5158  0.9344
 601.10 drone1  +0.0160  -0.0007  -0.7783  -0.5128  0.9450
 601.20 drone1  +0.0161  -0.0007  -0.7932  -0.5113  0.9569
 601.30 drone1  +0.0160  -0.0007  -0.8082  -0.5111  0.9694
 601.40 drone1  +0.0160  -0.0007  -0.8232  -0.5111  0.9822
 601.50 drone1  +0.0158  -0.0007  -0.8382  -0.5111  0.9949
 601.60 drone1  +0.0160  -0.0005  -0.8532  -0.5111  1.0081
 601.70 drone1  +0.0160  -0.0007  -0.8682  -0.5111  1.0209
 601.80 drone1  +0.0160  -0.0005  -0.8832  -0.5111  1.0341
 601.90 drone1  +0.0160  -0.0005  -0.8982  -0.5111  1.0471
 602.00 drone1  +0.0160  -0.0005  -0.9132  -0.5111  1.0603
 602.10 drone1  +0.0160  -0.0007  -0.9282  -0.5111  1.0733
 602.20 drone1  +0.0159  -0.0005  -0.9432  -0.5111  1.0865
 602.30 drone1  +0.0161  -0.0005  -0.9582  -0.5111  1.1000
 602.40 drone1  +0.0159  -0.0005  -0.9732  -0.5111  1.1131
 602.50 drone1  +0.0158  -0.0007  -0.9882  -0.5111  1.1263
 602.60 drone1  +0.0160  -0.0005  -1.0032  -0.5111  1.1399
 602.70 drone1  +0.0161  -0.0005  -1.0181  -0.5121  1.1538
 602.80 drone1  +0.0158  -0.0009  -1.0329  -0.5146  1.1678
 602.90 drone1  +0.0160  -0.0007  -1.0474  -0.5185  1.1828
 603.00 drone1  +0.0162  -0.0007  -1.0614  -0.5239  1.1979
 603.10 drone1  +0.0160  -0.0008  -1.0748  -0.5306  1.2127
 603.20 drone1  +0.0160  -0.0010  -1.0874  -0.5387  1.2275
 603.30 drone1  +0.0160  -0.0004  -1.0992  -0.5479  1.2424
 603.40 drone1  +0.0160  -0.0009  -1.1100  -0.5583  1.2565
 603.50 drone1  +0.0158  -0.0008  -1.1198  -0.5698  1.2701
 603.60 drone1  +0.0159  -0.0007  -1.1283  -0.5821  1.2835
 603.70 drone1  +0.0161  -0.0004  -1.1355  -0.5952  1.2961
 603.80 drone1  +0.0160  -0.0005  -1.1414  -0.6090  1.3076
 603.90 drone1  +0.0161  -0.0007  -1.1459  -0.6233  1.3183
 604.00 drone1  +0.0161  -0.0010  -1.1490  -0.6380  1.3278
 604.10 drone1  +0.0161  -0.0009  -1.1506  -0.6529  1.3365
 604.20 drone1  +0.0161  -0.0008  -1.1508  -0.6679  1.3441
 604.30 drone1  +0.0158  -0.0010  -1.1508  -0.6829  1.3513
 604.40 drone1  +0.0158  -0.0005  -1.1508  -0.6979  1.3591
 604.50 drone1  +0.0159  -0.0007  -1.1508  -0.7129  1.3669
 604.60 drone1  +0.0159  -0.0009  -1.1508  -0.7279  1.3747
 604.70 drone1  +0.0160  -0.0008  -1.1508  -0.7429  1.3828
 604.80 drone1  +0.0161  -0.0007  -1.1508  -0.7579  1.3910
 604.90 drone1  +0.0158  -0.0007  -1.1508  -0.7729  1.3990
 605.00 drone1  +0.0159  -0.0005  -1.1508  -0.7879  1.4075
 605.10 drone1  +0.0161  -0.0005  -1.1508  -0.8029  1.4161
 605.20 drone1  +0.0160  -0.0005  -1.1508  -0.8179  1.4246
 605.30 drone1  +0.0162  -0.0007  -1.1508  -0.8329  1.4333
 605.40 drone1  +0.0159  -0.0007  -1.1508  -0.8479  1.4418
 605.50 drone1  +0.0159  -0.0006  -1.1508  -0.8629  1.4507
 605.60 drone1  +0.0161  -0.0007  -1.1498  -0.8779  1.4590
 605.70 drone1  +0.0159  -0.0006  -1.1474  -0.8927  1.4660
 605.80 drone1  +0.0162  -0.0006  -1.1435  -0.9071  1.4720
 605.90 drone1  +0.0159  -0.0009  -1.1382  -0.9212  1.4761
 606.00 drone1  +0.0160  -0.0004  -1.1316  -0.9346  1.4797
 606.10 drone1  +0.0158  -0.0008  -1.1236  -0.9473  1.4812
 606.20 drone1  +0.0161  -0.0007  -1.1144  -0.9591  1.4821
 606.30 drone1  +0.0159  -0.0006  -1.1040  -0.9699  1.4811
 606.40 drone1  +0.0161  -0.0004  -1.0926  -0.9797  1.4793
 606.50 drone1  +0.0162  -0.0007  -1.0803  -0.9883  1.4757
 606.60 drone1  +0.0160  -0.0006  -1.0672  -0.9956  1.4708
 606.70 drone1  +0.0161  -0.0008  -1.0535  -1.0016  1.4648
 606.80 drone1  +0.0158  -0.0006  -1.0392  -1.0061  1.4574
 606.90 drone1  +0.0160  -0.0008  -1.0245  -1.0092  1.4490
 607.00 drone1  +0.0161  -0.0006  -1.0096  -1.0109  1.4396
 607.10 drone1  +0.0158  -0.0007  -0.9946  -1.0111  1.4290
 607.20 drone1  +0.0158  -0.0006  -0.9796  -1.0111  1.4184
 607.30 drone1  +0.0158  -0.0007  -0.9646  -1.0111  1.4079
 607.40 drone1  +0.0160  -0.0007  -0.9496  -1.0111  1.3976
 607.50 drone1  +0.0160  -0.0008  -0.9346  -1.0111  1.3873
 607.60 drone1  +0.0159  -0.0006  -0.9196  -1.0111  1.3771
 607.70 drone1  +0.0158  -0.0008  -0.9046  -1.0111  1.3668
 607.80 drone1  +0.0160  -0.0007  -0.8896  -1.0111  1.3569
 607.90 drone1  +0.0158  -0.0006  -0.8746  -1.0111  1.3469
 608.00 drone1  +0.0160  -0.0005  -0.8596  -1.0111  1.3372
 608.10 drone1  +0.0159  -0.0006  -0.8446  -1.0111  1.3273
 608.20 drone1  +0.0159  -0.0006  -0.8296  -1.0111  1.3176
 608.30 drone1  +0.0160  -0.0005  -0.8146  -1.0111  1.3081
 608.40 drone1  +0.0161  -0.0008  -0.7996  -1.0111  1.2985
 608.50 drone1  +0.0159  -0.0006  -0.7847  -1.0102  1.2885
 608.60 drone1  +0.0160  -0.0006  -0.7699  -1.0079  1.2776
 608.70 drone1  +0.0160  -0.0004  -0.7554  -1.0041  1.2659
 608.80 drone1  +0.0161  -0.0004  -0.7413  -0.9988  1.2532
 608.90 drone1  +0.0157  -0.0009  -0.7279  -0.9922  1.2392
 609.00 drone1  +0.0160  -0.0009  -0.7151  -0.9843  1.2254
 609.10 drone1  +0.0160  -0.0008  -0.7033  -0.9751  1.2110
 609.20 drone1  +0.0158  -0.0008  -0.6924  -0.9648  1.1962
 609.30 drone1  +0.0160  -0.0008  -0.6826  -0.9534  1.1813
 609.40 drone1  +0.0159  -0.0005  -0.6739  -0.9412  1.1665
 609.50 drone1  +0.0158  -0.0006  -0.6666  -0.9281  1.1515
 609.60 drone1  +0.0162  -0.0006  -0.6606  -0.9144  1.1371
 609.70 drone1  +0.0159  -0.0009  -0.6559  -0.9001  1.1225
 609.80 drone1  +0.0159  -0.0006  -0.6528  -0.8855  1.1091
 609.90 drone1  +0.0161  -0.0010  -0.6511  -0.8706  1.0960
 610.00 drone1  +0.0159  -0.0006  -0.6508  -0.8556  1.0842
 610.10 drone1  +0.0160  -0.0009  -0.6508  -0.8406  1.0722
 610.20 drone1  +0.0161  -0.0008  -0.6508  -0.8256  1.0607
 610.30 drone1  +0.0160  -0.0008  -0.6508  -0.8106  1.0490
 610.40 drone1  +0.0161  -0.0005  -0.6508  -0.7956  1.0378
 610.50 drone1  +0.0160  -0.0008  -0.6508  -0.7806  1.0260
 610.60 drone1  +0.0160  -0.0010  -0.6508  -0.7656  1.0145
 610.70 drone1  +0.0159  -0.0006  -0.6508  -0.7506  1.0034
 610.80 drone1  +0.0158  -0.0010  -0.6508  -0.7356  0.9919
 610.90 drone1  +0.0160  -0.0008  -0.6508  -0.7206  0.9812
 611.00 drone1  +0.0161  -0.0004  -0.6508  -0.7056  0.9706
 611.10 drone1  +0.0161  -0.0007  -0.6508  -0.6906  0.9595
 611.20 drone1  +0.0160  -0.0008  -0.6508  -0.6756  0.9487
 611.30 drone1  +0.0161  -0.0006  -0.6508  -0.6606  0.9383
 611.40 drone1  +0.0159  -0.0007  -0.6516  -0.6456  0.9281
 611.50 drone1  +0.0158  -0.0006  -0.6539  -0.6308  0.9195
 611.60 drone1  +0.0162  -0.0008  -0.6576  -0.6163  0.9126
 611.70 drone1  +0.0161  -0.0006  -0.6628  -0.6022  0.9072
 611.80 drone1  +0.0160  -0.0005  -0.6694  -0.5887  0.9032
 611.90 drone1  +0.0159  -0.0008  -0.6773  -0.5760  0.9007
 612.00 drone1  +0.0159  -0.0010  -0.6864  -0.5641  0.9002
 612.10 drone1  +0.0160  -0.0009  -0.6967  -0.5531  0.9016
 612.20 drone1  +0.0160  -0.0005  -0.7080  -0.5433  0.9048
 612.30 drone1  +0.0160  -0.0006  -0.7202  -0.5346  0.9095
 612.40 drone1  +0.0162  -0.0006  -0.7332  -0.5272  0.9159
 612.50 drone1  +0.0161  -0.0008  -0.7469  -0.5211  0.9236
 612.60 drone1  +0.0161  -0.0004  -0.7612  -0.5164  0.9330
 612.70 drone1  +0.0158  -0.0007  -0.7758  -0.5132  0.9430
 612.80 drone1  +0.0160  -0.0007  -0.7907  -0.5115  0.9548
 612.90 drone1  +0.0161  -0.0005  -0.8057  -0.5111  0.9675
 613.00 drone1  +0.0160  -0.0004  -0.8207  -0.5111  0.9803
 613.10 drone1  +0.0159  -0.0010  -0.8357  -0.5111  0.9928
 613.20 drone1  +0.0159  -0.0006  -0.8507  -0.5111  1.0058
 613.30 drone1  +0.0160  -0.0004  -0.8657  -0.5111  1.0189
 613.40 drone1  +0.0160  -0.0004  -0.8807  -0.5111  1.0319
 613.50 drone1  +0.0161  -0.0009  -0.8957  -0.5111  1.0448
 613.60 drone1  +0.0159  -0.0009  -0.9107  -0.5111  1.0578
 613.70 drone1  +0.0159  -0.0009  -0.9257  -0.5111  1.0710
 613.80 drone1  +0.0161  -0.0006  -0.9407  -0.5111  1.0845
 613.90 drone1  +0.0161  -0.0007  -0.9557  -0.5111  1.0977
 614.00 drone1  +0.0159  -0.0005  -0.9707  -0.5111  1.1109
 614.10 drone1  +0.0161  -0.0006  -0.9857  -0.5111  1.1244
 614.20 drone1  +0.0159  -0.0005  -1.0007  -0.5111  1.1376
 614.30 drone1  +0.0157  -0.0006  -1.0157  -0.5119  1.1511
 614.40 drone1  +0.0159  -0.0005  -1.0305  -0.5141  1.1657
 614.50 drone1  +0.0159  -0.0008  -1.0450  -0.5178  1.1801
 614.60 drone1  +0.0160  -0.0008  -1.0591  -0.5229  1.1952
 614.70 drone1  +0.0158  -0.0006  -1.0726  -0.5294  1.2102
 614.80 drone1  +0.0161  -0.0006  -1.0854  -0.5373  1.2253
 614.90 drone1  +0.0160  -0.0006  -1.0973  -0.5463  1.2399
 615.00 drone1  +0.0160  -0.0008  -1.1083  -0.5565  1.2542
 615.10 drone1  +0.0159  -0.0005  -1.1182  -0.5678  1.2681
 615.20 drone1  +0.0159  -0.0007  -1.1270  -0.5800  1.2813
 615.30 drone1  +0.0160  -0.0007  -1.1344  -0.5930  1.2940
 615.40 drone1  +0.0158  -0.0006  -1.1406  -0.6067  1.3055
 615.50 drone1  +0.0159  -0.0006  -1.1453  -0.6209  1.3165
 615.60 drone1  +0.0158  -0.0005  -1.1486  -0.6355  1.3263
 615.70 drone1  +0.0158  -0.0008  -1.1504  -0.6504  1.3349
 615.80 drone1  +0.0158  -0.0007  -1.1508  -0.6654  1.3426
 615.90 drone1  +0.0160  -0.0005  -1.1508  -0.6804  1.3504
 616.00 drone1  +0.0161  -0.0007  -1.1508  -0.6954  1.3580
 616.10 drone1  +0.0160  -0.0008  -1.1508  -0.7104  1.3656
 616.20 drone1  +0.0159  -0.0007  -1.1508  -0.7254  1.3735
 616.30 drone1  +0.0161  -0.0006  -1.1508  -0.7404  1.3816
 616.40 drone1  +0.0158  -0.0008  -1.1508  -0.7554  1.3894
 616.50 drone1  +0.0160  -0.0008  -1.1508  -0.7704  1.3977
 616.60 drone1  +0.0160  -0.0007  -1.1508  -0.7854  1.4061
 616.70 drone1  +0.0160  -0.0007  -1.1508  -0.8004  1.4145
 616.80 drone1  +0.0158  -0.0006  -1.1508  -0.8154  1.4230
 616.90 drone1  +0.0159  -0.0009  -1.1508  -0.8304  1.4315
 617.00 drone1  +0.0160  -0.0007  -1.1508  -0.8454  1.4404
 617.10 drone1  +0.0159  -0.0006  -1.1508  -0.8604  1.4493
 617.20 drone1  +0.0159  -0.0006  -1.1501  -0.8754  1.4577
 617.30 drone1  +0.0159  -0.0005  -1.1479  -0.8902  1.4650
 617.40 drone1  +0.0159  -0.0005  -1.1443  -0.9048  1.4710
 617.50 drone1  +0.0159  -0.0005  -1.1392  -0.9189  1.4757
 617.60 drone1  +0.0160  -0.0009  -1.1328  -0.9324  1.4790
 617.70 drone1  +0.0162  -0.0007  -1.1250  -0.9452  1.4814
 617.80 drone1  +0.0160  -0.0009  -1.1160  -0.9572  1.4819
 617.90 drone1  +0.0161  -0.0004  -1.1058  -0.9682  1.4817
 618.00 drone1  +0.0161  -0.0009  -1.0946  -0.9782  1.4794
 618.10 drone1  +0.0159  -0.0007  -1.0824  -0.9870  1.4761
 618.20 drone1  +0.0161  -0.0007  -1.0694  -0.9945  1.4717
 618.30 drone1  +0.0157  -0.0008  -1.0558  -1.0007  1.4656
 618.40 drone1  +0.0157  -0.0006  -1.0416  -1.0055  1.4586
 618.50 drone1  +0.0157  -0.0007  -1.0270  -1.0088  1.4504
 618.60 drone1  +0.0157  -0.0007  -1.0121  -1.0107  1.4409
 618.70 drone1  +0.0161  -0.0006  -0.9971  -1.0111  1.4309
 618.80 drone1  +0.0159  -0.0008  -0.9821  -1.0111  1.4201
 618.90 drone1  +0.0160  -0.0006  -0.9671  -1.0111  1.4098
 619.00 drone1  +0.0162  -0.0007  -0.9521  -1.0111  1.3995
 619.10 drone1  +0.0160  -0.0005  -0.9371  -1.0111  1.3891
 619.20 drone1  +0.0159  -0.0006  -0.9221  -1.0111  1.3788
 619.30 drone1  +0.0158  -0.0008  -0.9071  -1.0111  1.3684
 619.40 drone1  +0.0160  -0.0007  -0.8921  -1.0111  1.3585
 619.50 drone1  +0.0157  -0.0007  -0.8771  -1.0111  1.3483
 619.60 drone1  +0.0159  -0.0006  -0.8621  -1.0111  1.3387
 619.70 drone1  +0.0161  -0.0005  -0.8471  -1.0111  1.3291
 619.80 drone1  +0.0157  -0.0006  -0.8321  -1.0111  1.3190
 619.90 drone1  +0.0160  -0.0006  -0.8171  -1.0111  1.3097
 620.00 drone1  +0.0159  -0.0006  -0.8021  -1.0111  1.3001
 620.10 drone1  +0.0161  -0.0007  -0.7871  -1.0105  1.2903
 620.20 drone1  +0.0161  -0.0006  -0.7723  -1.0084  1.2795
 620.30 drone1  +0.0160  -0.0005  -0.7577  -1.0048  1.2677
 620.40 drone1  +0.0159  -0.0010  -0.7436  -0.9998  1.2548
 620.50 drone1  +0.0158  -0.0008  -0.7300  -0.9934  1.2416
 620.60 drone1  +0.0158  -0.0006  -0.7172  -0.9857  1.2279
 620.70 drone1  +0.0160  -0.0009  -0.7052  -0.9767  1.2134
 620.80 drone1  +0.0160  -0.0006  -0.6941  -0.9666  1.1989
 620.90 drone1  +0.0161  -0.0007  -0.6841  -0.9554  1.1840
 621.00 drone1  +0.0159  -0.0006  -0.6753  -0.9433  1.1689
 621.10 drone1  +0.0161  -0.0006  -0.6677  -0.9303  1.1541
 621.20 drone1  +0.0159  -0.0006  -0.6615  -0.9167  1.1394
 621.30 drone1  +0.0159  -0.0006  -0.6566  -0.9025  1.1251
 621.40 drone1  +0.0160  -0.0005  -0.6532  -0.8879  1.1115
 621.50 drone1  +0.0160  -0.0008  -0.6513  -0.8730  1.0982
 621.60 drone1  +0.0159  -0.0006  -0.6508  -0.8581  1.0862
 621.70 drone1  +0.0160  -0.0005  -0.6508  -0.8431  1.0745
 621.80 drone1  +0.0160  -0.0005  -0.6508  -0.8281  1.0628
 621.90 drone1  +0.0160  -0.0008  -0.6508  -0.8131  1.0509
 622.00 drone1  +0.0161  -0.0007  -0.6508  -0.7981  1.0395
 622.10 drone1  +0.0159  -0.0006  -0.6508  -0.7831  1.0280
 622.20 drone1  +0.0158  -0.0009  -0.6508  -0.7681  1.0163
 622.30 drone1  +0.0161  -0.0007  -0.6508  -0.7531  1.0054
 622.40 drone1  +0.0160  -0.0007  -0.6508  -0.7381  0.9941
 622.50 drone1  +0.0160  -0.0004  -0.6508  -0.7231  0.9833
 622.60 drone1  +0.0161  -0.0007  -0.6508  -0.7081  0.9721
 622.70 drone1  +0.0160  -0.0007  -0.6508  -0.6931  0.9612
 622.80 drone1  +0.0159  -0.0006  -0.6508  -0.6781  0.9505
 622.90 drone1  +0.0159  -0.0006  -0.6508  -0.6631  0.9399
 623.00 drone1  +0.0159  -0.0009  -0.6513  -0.6481  0.9295
 623.10 drone1  +0.0160  -0.0005  -0.6534  -0.6332  0.9211
 623.20 drone1  +0.0161  -0.0009  -0.6569  -0.6186  0.9136
 623.30 drone1  +0.0161  -0.0007  -0.6619  -0.6045  0.9079
 623.40 drone1  +0.0160  -0.0004  -0.6682  -0.5909  0.9038
 623.50 drone1  +0.0160  -0.0008  -0.6759  -0.5780  0.9011
 623.60 drone1  +0.0162  -0.0007  -0.6848  -0.5660  0.9006
 623.70 drone1  +0.0161  -0.0007  -0.6949  -0.5549  0.9015
 623.80 drone1  +0.0160  -0.0006  -0.7060  -0.5448  0.9041
 623.90 drone1  +0.0160  -0.0008  -0.7181  -0.5360  0.9085
 624.00 drone1  +0.0160  -0.0008  -0.7310  -0.5283  0.9145
 624.10 drone1  +0.0161  -0.0007  -0.7446  -0.5220  0.9222
 624.20 drone1  +0.0162  -0.0007  -0.7588  -0.5171  0.9313
 624.30 drone1  +0.0160  -0.0008  -0.7734  -0.5136  0.9413
 624.40 drone1  +0.0160  -0.0007  -0.7882  -0.5116  0.9528
 624.50 drone1  +0.0159  -0.0006  -0.8032  -0.5111  0.9652
 624.60 drone1  +0.0159  -0.0009  -0.8182  -0.5111  0.9778
 624.70 drone1  +0.0162  -0.0008  -0.8332  -0.5111  0.9909
 624.80 drone1  +0.0160  -0.0005  -0.8482  -0.5111  1.0037
 624.90 drone1  +0.0163  -0.0008  -0.8632  -0.5111  1.0168
 625.00 drone1  +0.0159  -0.0007  -0.8782  -0.5111  1.0296
